VARIABLE_MAPPING_ID,VARIABLE_ID,IS_SOURCE,VALID_FROM,VALID_TO
DPM_mi290,EBA_mi290,true,2019-05-01,9999-12-31
DPM_mi290,ASST_ENCMBRNC_AMNT,false,2019-05-01,9999-12-31
DPM_mi291,EBA_mi291,true,2019-05-01,9999-12-31
DPM_mi291,ASST_SPCFC_VL,false,2019-05-01,9999-12-31
DPM_bi327,EBA_bi327,true,2019-05-01,9999-12-31
DPM_bi327,CVRD_BND_CRR_129,false,2019-05-01,9999-12-31
DPM_ei328,EBA_ei328,true,2019-05-01,9999-12-31
DPM_ei328,PRMRY_ASST_CLSS_CVR_PL,false,2019-05-01,9999-12-31
DPM_si294,EBA_si294,true,2019-05-01,9999-12-31
DPM_si294,CRDT_RTNG_AGNCY_NM,false,2019-05-01,9999-12-31
DPM_si293,EBA_si293,true,2019-05-01,9999-12-31
DPM_si293,EXTRNL_CRDT_ASSSSMNT,false,2019-05-01,9999-12-31
DPM_mi295,EBA_mi295,true,2019-05-01,9999-12-31
DPM_mi295,EXCSS_CVRG_NMNL_AMNT,false,2019-05-01,9999-12-31
DPM_mi297,EBA_mi297,true,2019-05-01,9999-12-31
DPM_mi297,EXCSS_CVRG_PRSNT_VL,false,2019-05-01,9999-12-31
DPM_mi292,EBA_mi292,true,2019-05-01,9999-12-31
DPM_mi292,EXCSS_CVRG_ASST_SPCFC_VL,false,2019-05-01,9999-12-31
DPM_CBC,EBA_CBC,true,2019-05-01,9999-12-31
DPM_CBC,CVRD_BND_PRGRM_ID,false,2019-05-01,9999-12-31
SHS_PD,PD,false,1999-01-01,9999-12-31
SHS_PD,ECB2_PD,true,1999-01-01,9999-12-31
SHS_ISIN,ISIN,false,1999-01-01,9999-12-31
SHS_TPH,ECB2_TPH,true,1999-01-01,9999-12-31
SHS_ARREARS,ARRRS,false,1999-01-01,9999-12-31
SHS_ISIN,ECB2_ISIN,true,1999-01-01,9999-12-31
SHS_ESCB,ECB2_ESCB,true,1999-01-01,9999-12-31
SHS_FREQ,ECB2_FREQ,true,1999-01-01,9999-12-31
SHS_NMNL_VL,NMNL_VL,false,1999-01-01,9999-12-31
SHS_MRKT_VL,MRKT_VL,false,1999-01-01,9999-12-31
SHS_PERIOD,DT_RFRNC,false,1999-01-01,9999-12-31
SHS_ESCB,ESCB_INDCTR,false,1999-01-01,9999-12-31
SHS_GROUP_NAME,NM_GRP,false,1999-01-01,9999-12-31
SHS_PERIOD,ECB2_PERIOD,true,1999-01-01,9999-12-31
SHS_EAPLUS,ECB2_EAPLUS,true,1999-01-01,9999-12-31
SHS_ISSUER_ID,ISSR_ID,false,1999-01-01,9999-12-31
SHS_ENTITY_LEI,LEI_LE,false,1999-01-01,9999-12-31
SHS_EXPSR_VL,EXPSR_VL,false,1999-01-01,9999-12-31
SHS_RSK_WGHT,RSK_WGHT,false,1999-01-01,9999-12-31
SHS_MAT_DATE,DT_MTRTY,false,1999-01-01,9999-12-31
SHS_PRICE_DATE,DT_PRC,false,1999-01-01,9999-12-31
SHS_REF_AREA,RFRNC_AR,false,1999-01-01,9999-12-31
SHS_GROUP_LEI,GRP_LEI,false,1999-01-01,9999-12-31
SHS_ISSUE_DATE,DT_ISS,false,1999-01-01,9999-12-31
SHS_LGD_NRML,LGD_NRML,false,1999-01-01,9999-12-31
SHS_PRICE_VALUE,PRC_VL,false,1999-01-01,9999-12-31
SHS_GROUP_TYPE,GRP_TYP,false,1999-01-01,9999-12-31
SHS_POOLFACTOR,PL_FCTR,false,1999-01-01,9999-12-31
SHS_FREQ,RPRTNG_FRQNCY,false,1999-01-01,9999-12-31
SHS_NMNL_VL,ECB2_NMNL_VL,true,1999-01-01,9999-12-31
SHS_ISSUE_PRICE,PRC_ISS,false,1999-01-01,9999-12-31
SHS_MRKT_VL,ECB2_MRKT_VL,true,1999-01-01,9999-12-31
SHS_ARREARS,ECB2_ARREARS,true,1999-01-01,9999-12-31
SHS_COUPON_TYPE,CPN_TYP,false,1999-01-01,9999-12-31
SHS_ISSUER_LEI,LEI_ISSR,false,1999-01-01,9999-12-31
SHS_IDENTIFIER,SCRTY_ID,false,1999-01-01,9999-12-31
SHS_INSTR_CLASS,IS_LSTD,false,1999-01-01,9999-12-31
SHS_GROUP_AREA,GRP_CNTRY,false,1999-01-01,9999-12-31
SHS_ENTITY_AREA,CNTRY_LE,false,1999-01-01,9999-12-31
SHS_EAPLUS,EAPLUS_INDCTR,false,1999-01-01,9999-12-31
SHS_UNIT_MEASURE,UNT_MSR,false,1999-01-01,9999-12-31
SHS_TIME_PERIOD,DT_RFRNC,false,1999-01-01,9999-12-31
SHS_REF_AREA,ECB2_REF_AREA,true,1999-01-01,9999-12-31
SHS_RSK_WGHT,ECB2_RSK_WGHT,true,1999-01-01,9999-12-31
SHS_EXPSR_VL,ECB2_EXPSR_VL,true,1999-01-01,9999-12-31
SHS_YIELD_MAT,YLD_T_MTRTY,false,1999-01-01,9999-12-31
SHS_NOM_CURR,ECB2_NOM_CURR,true,1999-01-01,9999-12-31
SHS_EXPSR_CLSS,EXPSR_CLSS,false,1999-01-01,9999-12-31
SHS_GROUP_ID,ECB2_GROUP_ID,true,1999-01-01,9999-12-31
SHS_MAT_DATE,ECB2_MAT_DATE,true,1999-01-01,9999-12-31
SHS_NOMINAL_VALUE,NMNL_VL,false,1999-01-01,9999-12-31
SHS_LGD_NRML,ECB2_LGD_NRML,true,1999-01-01,9999-12-31
SHS_ARREARS_DATE,DT_PST_D,false,1999-01-01,9999-12-31
SHS_GUARANTOR_ID,GRNTR_ID,false,1999-01-01,9999-12-31
SHS_LEVEL_IN_GROUP,LVL_GRP,false,1999-01-01,9999-12-31
SHS_HOLDER_AREA,HLDR_CNTRY,false,1999-01-01,9999-12-31
SHS_NOM_CURR,CRRNCY_DNMNTN,false,1999-01-01,9999-12-31
SHS_YIELD_MAT,ECB2_YIELD_MAT,true,1999-01-01,9999-12-31
SHS_LAST_SPLIT_DATE,DT_SPLT,false,1999-01-01,9999-12-31
SHS_LAST_COUPON_RATE,CPN_RT,false,1999-01-01,9999-12-31
SHS_OWN_MRKT_VL,OWN_MRKT_VL,false,1999-01-01,9999-12-31
SHS_MARKET_CAP,MRKT_CPTLSTN,false,1999-01-01,9999-12-31
SHS_ENTITY_ID,ECB2_ENTITY_ID,true,1999-01-01,9999-12-31
SHS_FRBRNC_STTS,FRBRNC_STTS,false,1999-01-01,9999-12-31
SHS_CRRYNG_AMNT,CRRYNG_AMNT,false,1999-01-01,9999-12-31
SHS_ENTITY_NAME,NM_ENTTY_LE,false,1999-01-01,9999-12-31
SHS_LAST_COUPON_DATE,DT_CPN,false,1999-01-01,9999-12-31
SHS_GROUP_LEI,ECB2_GROUP_LEI,true,1999-01-01,9999-12-31
SHS_EARLY_RED,ECB2_EARLY_RED,true,1999-01-01,9999-12-31
SHS_LGD_DWNTRNS,LGD_DWNTRNS,false,1999-01-01,9999-12-31
SHS_ISSUER_ID,ECB2_ISSUER_ID,true,1999-01-01,9999-12-31
SHS_DEBT_TYPE,ECB2_DEBT_TYPE,true,1999-01-01,9999-12-31
SHS_ENTITY_STATUS,ISSR_STTS,false,1999-01-01,9999-12-31
SHS_GROUP_ID_TYPE,GRP_ID_TYP,false,1999-01-01,9999-12-31
SHS_INC_MRKT_VL,INCM_MRKT_VL,false,1999-01-01,9999-12-31
SHS_OTH_MRKT_VL,OTHR_MRKT_VL,false,1999-01-01,9999-12-31
SHS_INSTR_CLASS,TYP_INSTRMNT,false,1999-01-01,9999-12-31
SHS_SENIORITY_TYPE,SCRTY_LVL,false,1999-01-01,9999-12-31
SHS_SENIORITY_TYPE,SNRTY_TYP,false,1999-01-01,9999-12-31
SHS_DEBT_TYPE,DBT_TYP_DPRCTD,false,1999-01-01,9999-12-31
SHS_IDENTIFIER,ECB2_IDENTIFIER,true,1999-01-01,9999-12-31
SHS_RESID_MAT_DAYS,RSDL_MTRTY,false,1999-01-01,9999-12-31
SHS_GROUP_TYPE,ECB2_GROUP_TYPE,true,1999-01-01,9999-12-31
SHS_INSTR_CLASS,INSTTTNL_SCTR,false,1999-01-01,9999-12-31
SHS_POOLFACTOR,ECB2_POOLFACTOR,true,1999-01-01,9999-12-31
SHS_PRICE_DATE,ECB2_PRICE_DATE,true,1999-01-01,9999-12-31
SHS_EXPSR_CLSS,ECB2_EXPSR_CLSS,true,1999-01-01,9999-12-31
SHS_ISSUE_DATE,ECB2_ISSUE_DATE,true,1999-01-01,9999-12-31
SHS_AMOUNT_OUT,ECB2_AMOUNT_OUT,true,1999-01-01,9999-12-31
SHS_SHORT_NAME,ECB2_SHORT_NAME,true,1999-01-01,9999-12-31
SHS_IMPRMNT_STTS,IMPRMNT_STTS,false,1999-01-01,9999-12-31
SHS_ISSUER_LEI,ECB2_ISSUER_LEI,true,1999-01-01,9999-12-31
SHS_IS_IN_EADB,ECB2_IS_IN_EADB,true,1999-01-01,9999-12-31
SHS_PRDNTL_PRTFL,PRDNTL_PRTFL,false,1999-01-01,9999-12-31
SHS_PRFRMNG_STTS,PRFRMNG_STTS,false,1999-01-01,9999-12-31
SHS_GROUP_AREA,ECB2_GROUP_AREA,true,1999-01-01,9999-12-31
SHS_ISSUER_NAME,NM_ENTTY_ISSR,false,1999-01-01,9999-12-31
SHS_SRC_ENCMBRNC,SRC_ENCMBRNC,false,1999-01-01,9999-12-31
SHS_ORIG_MAT_DAYS,ORGNL_MTRTY,false,1999-01-01,9999-12-31
SHS_GROUP_NAME,ECB2_GROUP_NAME,true,1999-01-01,9999-12-31
SHS_ENTITY_LEI,ECB2_ENTITY_LEI,true,1999-01-01,9999-12-31
SHS_MARKET_CAP,ECB2_MARKET_CAP,true,1999-01-01,9999-12-31
SHS_REPORTING_BASIS,RPRTNG_BSS,false,1999-01-01,9999-12-31
SHS_ISSUER_ID_TYPE,ISSR_ID_TYP,false,1999-01-01,9999-12-31
SHS_ENTITY_STATUS_DATE,DT_STTS,false,1999-01-01,9999-12-31
SHS_ACCR_INTEREST,ACCRD_INTRST,false,1999-01-01,9999-12-31
SHS_DIVIDEND_AMOUNT,DVDND_AMNT,false,1999-01-01,9999-12-31
SHS_SECURITY_STATUS,SCRTY_STTS,false,1999-01-01,9999-12-31
SHS_UNIT_MEASURE_NV,UNT_MSR_NV,false,1999-01-01,9999-12-31
SHS_INC_MRKT_VL,ECB2_INC_MRKT_VL,true,1999-01-01,9999-12-31
SHS_SHORT_NAME,SHRT_NM_INSTRMNT,false,1999-01-01,9999-12-31
SHS_ISSUER_MFI_CODE,MFI_CD_ISSR,false,1999-01-01,9999-12-31
SHS_UNIT_MEASURE,CRRNCY_UNT_MSR,false,1999-01-01,9999-12-31
SHS_ENTITY_STATUS,ISSR_STTS_DTL,false,1999-01-01,9999-12-31
SHS_PRICE_VALUE,ECB2_PRICE_VALUE,true,1999-01-01,9999-12-31
SHS_PRI_MRKT_VL,ECB2_PRI_MRKT_VL,true,1999-01-01,9999-12-31
SHS_LGD_DWNTRNS,ECB2_LGD_DWNTRNS,true,1999-01-01,9999-12-31
SHS_ENTITY_NAME,ECB2_ENTITY_NAME,true,1999-01-01,9999-12-31
SHS_TIME_PERIOD,ECB2_TIME_PERIOD,true,1999-01-01,9999-12-31
SHS_TPH,THRD_PRTY_HLDNG_AGGRGTN,false,1999-01-01,9999-12-31
SHS_COUPON_TYPE,ECB2_COUPON_TYPE,true,1999-01-01,9999-12-31
SHS_LAST_COUPON_FREQ,CPN_FRQNCY,false,1999-01-01,9999-12-31
SHS_HOLDER_AREA,ECB2_HOLDER_AREA,true,1999-01-01,9999-12-31
SHS_TRN_MRKT_VL,ECB2_TRN_MRKT_VL,true,1999-01-01,9999-12-31
SHS_ISSUER_NAME,ECB2_ISSUER_NAME,true,1999-01-01,9999-12-31
SHS_REDEMPTION_PRICE,PRC_RDMPTN,false,1999-01-01,9999-12-31
SHS_INSTR_CLASS,ECB2_INSTR_CLASS,true,1999-01-01,9999-12-31
SHS_ISSUE_PRICE,ECB2_ISSUE_PRICE,true,1999-01-01,9999-12-31
SHS_COLLATERAL_AREA,CLLTRL_LCTN,false,1999-01-01,9999-12-31
SHS_PRICE_VALUE_TYPE,PRC_VL_TYP,false,1999-01-01,9999-12-31
SHS_LAST_SPLIT_FACTOR,SPLT_FCTR,false,1999-01-01,9999-12-31
SHS_TRN_MRKT_VL,TRNSCTN_MRKT_VL,false,1999-01-01,9999-12-31
SHS_FRBRNC_STTS,ECB2_FRBRNC_STTS,true,1999-01-01,9999-12-31
SHS_EXR_MRKT_VL,ECB2_EXR_MRKT_VL,true,1999-01-01,9999-12-31
SHS_OWN_MRKT_VL,ECB2_OWN_MRKT_VL,true,1999-01-01,9999-12-31
SHS_GROUP_ID,RPRTNG_AGNT_GRP_ID,false,1999-01-01,9999-12-31
SHS_ENTITY_AREA,ECB2_ENTITY_AREA,true,1999-01-01,9999-12-31
SHS_OTH_MRKT_VL,ECB2_OTH_MRKT_VL,true,1999-01-01,9999-12-31
SHS_CRRYNG_AMNT,ECB2_CRRYNG_AMNT,true,1999-01-01,9999-12-31
SHS_ISSUER_COUNTRY,AREA_ISSR_SHS,false,1999-01-01,9999-12-31
SHS_QUOTATION_BASIS,QTTN_BSS_TYP,false,1999-01-01,9999-12-31
SHS_ACCNTNG_CLSSFCTN,RCGNTN_STTS,false,1999-01-01,9999-12-31
SHS_SENIORITY_TYPE,SCRTY_RNK_LVL,false,1999-01-01,9999-12-31
SHS_GROUP_SECTOR,ECB2_GROUP_SECTOR,true,1999-01-01,9999-12-31
SHS_GUARANTOR_ID,ECB2_GUARANTOR_ID,true,1999-01-01,9999-12-31
SHS_PRFRMNG_STTS,ECB2_PRFRMNG_STTS,true,1999-01-01,9999-12-31
SHS_AMOUNT_OUT,OTSTNDNG_NMNL_AMNT,false,1999-01-01,9999-12-31
SHS_REP_NOM_CURR,ECB2_REP_NOM_CURR,true,1999-01-01,9999-12-31
SHS_SENIORITY_TYPE,SCRTY_GRNT_LVL,false,1999-01-01,9999-12-31
SHS_DT_FRBRNC_STTS,DT_FRBRNC_STTS,false,1999-01-01,9999-12-31
SHS_SRC_ENCMBRNC,ECB2_SRC_ENCMBRNC,true,1999-01-01,9999-12-31
SHS_PRI_MRKT_VL,PRC_RVLTN_MRKT_VL,false,1999-01-01,9999-12-31
SHS_DFLT_STTS_ISSR,DFLT_STTS_ISSR,false,1999-01-01,9999-12-31
SHS_ACCR_INTR_MV,ECB2_ACCR_INTR_MV,true,1999-01-01,9999-12-31
SHS_ARREARS_DATE,ECB2_ARREARS_DATE,true,1999-01-01,9999-12-31
SHS_PRDNTL_PRTFL,ECB2_PRDNTL_PRTFL,true,1999-01-01,9999-12-31
SHS_EXR_MRKT_VL,EXCHNG_RT_MRKT_VL,false,1999-01-01,9999-12-31
SHS_UNIT_MEASURE,ECB2_UNIT_MEASURE,true,1999-01-01,9999-12-31
SHS_IMPRMNT_STTS,ECB2_IMPRMNT_STTS,true,1999-01-01,9999-12-31
SHS_ENTITY_SECTOR,INSTTTNL_SCTR_LE,false,1999-01-01,9999-12-31
SHS_DIVIDEND_CURRENCY,DVDND_CRRNCY,false,1999-01-01,9999-12-31
SHS_INSTR_CLASS,ORGNL_MTRTY_INTRVL,false,1999-01-01,9999-12-31
SHS_SECURITY_STATUS,SCRTY_STTS_DTL,false,1999-01-01,9999-12-31
SHS_IS_IN_EADB,EADB_ELGBLTY_INDCTR,false,1999-01-01,9999-12-31
SHS_MONTH_AV_PRICE,MNTHLY_AVRG_PRC,false,1999-01-01,9999-12-31
SHS_GUARANTOR_ID_TYPE,TYP_GRNTR_ID,false,1999-01-01,9999-12-31
SHS_GROUP_SECTOR,GRP_INSTTTNL_SCTR,false,1999-01-01,9999-12-31
SHS_ENTITY_STATUS,ECB2_ENTITY_STATUS,true,1999-01-01,9999-12-31
SHS_HOLDER_SECTOR,ECB2_HOLDER_SECTOR,true,1999-01-01,9999-12-31
SHS_ISSUER_SECTOR,ECB2_ISSUER_SECTOR,true,1999-01-01,9999-12-31
SHS_ORIG_MAT_DAYS,ECB2_ORIG_MAT_DAYS,true,1999-01-01,9999-12-31
SHS_COMPILING_ORG,ECB2_COMPILING_ORG,true,1999-01-01,9999-12-31
SHS_ACCR_INTEREST,ECB2_ACCR_INTEREST,true,1999-01-01,9999-12-31
SHS_IDENTIFIER_TYPE,TYP_INSTRMNT_ID,false,1999-01-01,9999-12-31
SHS_DT_PRFRMNG_STTS,DT_PRFRMNG_STTS,false,1999-01-01,9999-12-31
SHS_MARKET_CAP_EUR,MRKT_CPTLSTN_EUR,false,1999-01-01,9999-12-31
SHS_GROUP_ID_TYPE,ECB2_GROUP_ID_TYPE,true,1999-01-01,9999-12-31
SHS_COMPILING_ORG,RPRTNG_INSTTTN_CD,false,1999-01-01,9999-12-31
SHS_INTERN_ORG_CODE,CSDB_ORGNSTN_CD,false,1999-01-01,9999-12-31
SHS_NOMINAL_VALUE,ECB2_NOMINAL_VALUE,true,1999-01-01,9999-12-31
SHS_ENTITY_SECTOR,ECB2_ENTITY_SECTOR,true,1999-01-01,9999-12-31
SHS_ACCMLTD_IMPRMNT,ACCMLTD_IMPRMNT,false,1999-01-01,9999-12-31
SHS_ENTITY_ID_TYPE,LGL_ENTTY_ID_TYP,false,1999-01-01,9999-12-31
SHS_HOLDER_SECTOR,HLDR_INSTTTNL_SCTR,false,1999-01-01,9999-12-31
SHS_ISSUER_SECTOR,INSTTTNL_SCTR_ISSR,false,1999-01-01,9999-12-31
SHS_FUNCTIONAL_CATEGORY,INVSTMNT_TYP,false,1999-01-01,9999-12-31
SHS_PRICE_VALUE_BASIS,UNT_MSR_PRC_VL,false,1999-01-01,9999-12-31
SHS_ENTITY_ID_TYPE,ECB2_ENTITY_ID_TYPE,true,1999-01-01,9999-12-31
SHS_MONTH_AV_PRICE,ECB2_MONTH_AV_PRICE,true,1999-01-01,9999-12-31
SHS_ISSUER_COUNTRY,ECB2_ISSUER_COUNTRY,true,1999-01-01,9999-12-31
SHS_DT_FRBRNC_STTS,ECB2_DT_FRBRNC_STTS,true,1999-01-01,9999-12-31
SHS_LEVEL_IN_GROUP,ECB2_LEVEL_IN_GROUP,true,1999-01-01,9999-12-31
SHS_REP_NOM_CURR,CRRNCY_TRNSCTN_RPRTD,false,1999-01-01,9999-12-31
SHS_MARKET_CAP_EUR,ECB2_MARKET_CAP_EUR,true,1999-01-01,9999-12-31
SHS_ACCNTNG_CLSSFCTN,ACCNTNG_CLSSFCTN,false,1999-01-01,9999-12-31
SHS_ISSUER_ID_TYPE,ECB2_ISSUER_ID_TYPE,true,1999-01-01,9999-12-31
SHS_ISSUER_SECTOR,INSTTTNL_SCTR_CNTRL,false,1999-01-01,9999-12-31
SHS_SENIORITY_TYPE,ECB2_SENIORITY_TYPE,true,1999-01-01,9999-12-31
SHS_UNIT_MEASURE_NV,CRRNCY_UNT_MSR_NV,false,1999-01-01,9999-12-31
SHS_AMOUNT_OUT_EUR,ECB2_AMOUNT_OUT_EUR,true,1999-01-01,9999-12-31
SHS_RESID_MAT_DAYS,ECB2_RESID_MAT_DAYS,true,1999-01-01,9999-12-31
SHS_DFLT_STTS_ISSR,ECB2_DFLT_STTS_ISSR,true,1999-01-01,9999-12-31
SHS_ACCR_INCOME_FACTOR,ACCRD_INCM_FCTR,false,1999-01-01,9999-12-31
SHS_MONTH_AV_PRICE_2,MNTHLY_AVRG_PRC_2,false,1999-01-01,9999-12-31
SHS_SECURITY_STATUS_DATE,DT_SCRTY_STTS,false,1999-01-01,9999-12-31
SHS_MONTH_AV_PRICE_1,MNTHLY_AVRG_PRC_1,false,1999-01-01,9999-12-31
SHS_ENTITY_ID,RPRTNG_AGNT_LGL_ENTTY_ID,false,1999-01-01,9999-12-31
SHS_RESID_MAT_BRACKET,RSDL_MTRTY_INTRVL,false,1999-01-01,9999-12-31
SHS_QUOTATION_BASIS,ECB2_QUOTATION_BASIS,true,1999-01-01,9999-12-31
SHS_DT_DFLT_STTS_ISSR,DT_DFLT_STTS_ISSR,false,1999-01-01,9999-12-31
SHS_IDENTIFIER_TYPE,ECB2_IDENTIFIER_TYPE,true,1999-01-01,9999-12-31
SHS_INTERN_ORG_CODE,ECB2_INTERN_ORG_CODE,true,1999-01-01,9999-12-31
SHS_ACCMLTD_IMPRMNT,ECB2_ACCMLTD_IMPRMNT,true,1999-01-01,9999-12-31
SHS_REPORTING_BASIS,ECB2_REPORTING_BASIS,true,1999-01-01,9999-12-31
SHS_UNIT_MEASURE_NV,ECB2_UNIT_MEASURE_NV,true,1999-01-01,9999-12-31
SHS_LAST_SPLIT_DATE,ECB2_LAST_SPLIT_DATE,true,1999-01-01,9999-12-31
SHS_EARLY_RED,ERLY_RDMPTN_INCLSN_INDCTR,false,1999-01-01,9999-12-31
SHS_COLLATERAL_AREA,ECB2_COLLATERAL_AREA,true,1999-01-01,9999-12-31
SHS_DT_PRFRMNG_STTS,ECB2_DT_PRFRMNG_STTS,true,1999-01-01,9999-12-31
SHS_DIVIDEND_AMOUNT,ECB2_DIVIDEND_AMOUNT,true,1999-01-01,9999-12-31
SHS_SECURITY_STATUS,ECB2_SECURITY_STATUS,true,1999-01-01,9999-12-31
SHS_ORIG_MAT_BRACKET,ORGNL_MTRTY_INTRVL,false,1999-01-01,9999-12-31
SHS_ISSUER_MFI_CODE,ECB2_ISSUER_MFI_CODE,true,1999-01-01,9999-12-31
SHS_DIVIDEND_SETTL_DATE,DT_DVDND_STTLMNT,false,1999-01-01,9999-12-31
SHS_ISSUER_NACE_SECTOR,ECNMC_ACTVTY_ISSR,false,1999-01-01,9999-12-31
SHS_ORIG_MAT_BRACKET,ECB2_ORIG_MAT_BRACKET,true,1999-01-01,9999-12-31
SHS_GROUP_ACC_STANDARD,ACCNTNG_FRMWRK_CNS,false,1999-01-01,9999-12-31
SHS_MONTH_AV_PRICE_1,ECB2_MONTH_AV_PRICE_1,true,1999-01-01,9999-12-31
SHS_DFLT_STTS_INSTRMNT,DFLT_STTS_INSTRMNT,false,1999-01-01,9999-12-31
SHS_ENTITY_ACC_STANDARD,ACCNTNG_FRMWRK_SL,false,1999-01-01,9999-12-31
SHS_AMOUNT_OUT_EUR,OTSTNDNG_NMNL_AMNT_EUR,false,1999-01-01,9999-12-31
SHS_LAST_COUPON_RATE,ECB2_LAST_COUPON_RATE,true,1999-01-01,9999-12-31
SHS_LAST_COUPON_DATE,ECB2_LAST_COUPON_DATE,true,1999-01-01,9999-12-31
SHS_REDEMPTION_PRICE,ECB2_REDEMPTION_PRICE,true,1999-01-01,9999-12-31
SHS_MONTH_AV_PRICE_2,ECB2_MONTH_AV_PRICE_2,true,1999-01-01,9999-12-31
SHS_LAST_COUPON_FREQ,ECB2_LAST_COUPON_FREQ,true,1999-01-01,9999-12-31
SHS_ACCNTNG_CLSSFCTN,ECB2_ACCNTNG_CLSSFCTN,true,1999-01-01,9999-12-31
SHS_PRICE_VALUE_TYPE,ECB2_PRICE_VALUE_TYPE,true,1999-01-01,9999-12-31
SHS_LAST_SPLIT_FACTOR,ECB2_LAST_SPLIT_FACTOR,true,1999-01-01,9999-12-31
SHS_APPRCH_PRDNTL_PRPSS,APPRCH_PRDNTL_PRPSS,false,1999-01-01,9999-12-31
SHS_GUARANTOR_ID_TYPE,ECB2_GUARANTOR_ID_TYPE,true,1999-01-01,9999-12-31
SHS_ACCMLTD_CHNGS_FV_CR,ACCMLTD_CHNGS_FV_CR,false,1999-01-01,9999-12-31
SHS_DT_DFLT_STTS_ISSR,ECB2_DT_DFLT_STTS_ISSR,true,1999-01-01,9999-12-31
SHS_PRICE_VALUE_BASIS,CRRNCY_UNT_MSR_PRC_VL,false,1999-01-01,9999-12-31
SHS_DIVIDEND_CURRENCY,ECB2_DIVIDEND_CURRENCY,true,1999-01-01,9999-12-31
SHS_RESID_MAT_BRACKET,ECB2_RESID_MAT_BRACKET,true,1999-01-01,9999-12-31
SHS_IMMEDIATE_PARENT_ID,IMMDT_PRNT_UNDRT_ID,false,1999-01-01,9999-12-31
SHS_PRIMARY_ASSET_CLASS,PRMRY_ASST_CLSSFCTN,false,1999-01-01,9999-12-31
SHS_PRICE_VALUE_BASIS,ECB2_PRICE_VALUE_BASIS,true,1999-01-01,9999-12-31
SHS_DIVIDEND_AMOUNT_TYPE,DVDND_INCM_AMNT_TYP,false,1999-01-01,9999-12-31
SHS_ACCR_INTR_MV,ACCRD_INTRST_MRKT_VL_INDCTR,false,1999-01-01,9999-12-31
SHS_CMLTV_RCVRS_SNC_DFLT,CMLTV_RCVRS_SNC_DFLT,false,1999-01-01,9999-12-31
SHS_ISSUER_NACE_SECTOR,ECB2_ISSUER_NACE_SECTOR,true,1999-01-01,9999-12-31
SHS_ENTITY_STATUS_DATE,ECB2_ENTITY_STATUS_DATE,true,1999-01-01,9999-12-31
SHS_DFLT_STTS_INSTRMNT,ECB2_DFLT_STTS_INSTRMNT,true,1999-01-01,9999-12-31
SHS_ACCR_INCOME_FACTOR,ECB2_ACCR_INCOME_FACTOR,true,1999-01-01,9999-12-31
SHS_DIVIDEND_AMOUNT_TYPE,DVDND_INCM_DRVTN_TYP,false,1999-01-01,9999-12-31
SHS_GROUP_ACC_STANDARD,ECB2_GROUP_ACC_STANDARD,true,1999-01-01,9999-12-31
SHS_IMMEDIATE_PARENT_ID_TYPE,IMMDT_PRNT_ID_TYP,false,1999-01-01,9999-12-31
SHS_ASSET_SECURITISATION_TYPE,TYP_ASST_SCRTSTN,false,1999-01-01,9999-12-31
SHS_IMMEDIATE_PARENT_ID,ECB2_IMMEDIATE_PARENT_ID,true,1999-01-01,9999-12-31
SHS_APPRCH_PRDNTL_PRPSS,ECB2_APPRCH_PRDNTL_PRPSS,true,1999-01-01,9999-12-31
SHS_PRIMARY_ASSET_CLASS,ECB2_PRIMARY_ASSET_CLASS,true,1999-01-01,9999-12-31
SHS_DT_DFLT_STTS_INSTRMNT,DT_DFLT_STTS_INSTRMNT,false,1999-01-01,9999-12-31
SHS_DIVIDEND_SETTL_DATE,ECB2_DIVIDEND_SETTL_DATE,true,1999-01-01,9999-12-31
SHS_ACCMLTD_CHNGS_FV_CR,ECB2_ACCMLTD_CHNGS_FV_CR,true,1999-01-01,9999-12-31
SHS_FUNCTIONAL_CATEGORY,ECB2_FUNCTIONAL_CATEGORY,true,1999-01-01,9999-12-31
SHS_ENTITY_ACC_STANDARD,ECB2_ENTITY_ACC_STANDARD,true,1999-01-01,9999-12-31
SHS_IMPRMNT_ASSSSMNT_MTHD,IMPRMNT_ASSSSMNT_MTHD,false,1999-01-01,9999-12-31
SHS_SECURITY_STATUS_DATE,ECB2_SECURITY_STATUS_DATE,true,1999-01-01,9999-12-31
SHS_CMLTV_RCVRS_SNC_DFLT,ECB2_CMLTV_RCVRS_SNC_DFLT,true,1999-01-01,9999-12-31
SHS_DIVIDEND_AMOUNT_TYPE,ECB2_DIVIDEND_AMOUNT_TYPE,true,1999-01-01,9999-12-31
SHS_DT_DFLT_STTS_INSTRMNT,ECB2_DT_DFLT_STTS_INSTRMNT,true,1999-01-01,9999-12-31
SHS_INTRA_GROUP_ACC_SCOPE,ECB2_INTRA_GROUP_ACC_SCOPE,true,1999-01-01,9999-12-31
SHS_IMPRMNT_ASSSSMNT_MTHD,ECB2_IMPRMNT_ASSSSMNT_MTHD,true,1999-01-01,9999-12-31
SHS_INTRA_GROUP_ACC_SCOPE,ACCNTG_CNS_SCP_ISSR_INDCTR,false,1999-01-01,9999-12-31
SHS_INTRA_GROUP_PRUD_SCOPE,ECB2_INTRA_GROUP_PRUD_SCOPE,true,1999-01-01,9999-12-31
SHS_INTRA_GROUP_PRUD_SCOPE,PRDNTL_CNS_SCP_ISSR_INDCTR,false,1999-01-01,9999-12-31
SHS_IMMEDIATE_PARENT_ID_TYPE,ECB2_IMMEDIATE_PARENT_ID_TYPE,true,1999-01-01,9999-12-31
SHS_ASSET_SECURITISATION_TYPE,ECB2_ASSET_SECURITISATION_TYPE,true,1999-01-01,9999-12-31
DPM_BAS_EXC_MCY_AE_F32.04.b,TYP_ABSTRCT_INSTRMNT_RL,false,1999-01-01,9999-12-31
DPM_BAS_MCY_AE_F32.02.b,TYP_ABSTRCT_INSTRMNT_RL,false,1999-01-01,9999-12-31
DPM_ENC_AE,ENCMBRD_ASST_CLLTRL_RCVD,false,1999-01-01,9999-12-31
DPM_EUT_AE,RSDL_MTRTY_LBLTY_INTRVL,false,1999-01-01,9999-12-31
DPM_ENC_AE_F32.02.a,ENCMBRD_ASST_CLLTRL_RCVD,false,1999-01-01,9999-12-31
DPM_ENC_LQA_AE_F32.01,ENCMBRD_ASST_CLLTRL_RCVD,false,1999-01-01,9999-12-31
DPM_CPS_CPZ_MCC_MCG_MCY_PUR,TYP_CLLTRL_GRNT_RCVD,false,1999-01-01,9999-12-31
DPM_CPS_CPZ_MCC_MCG_MCY_PUR,TYP_CLLTRL_GRNT_GVN,false,1999-01-01,9999-12-31
DPM_BAS_MCY,EBA_BAS,true,1999-01-01,9999-12-31
DPM_BAS_MCY,EBA_MCY,true,1999-01-01,9999-12-31
DPM_BAS_MCY,TYP_ACCNTNG_ITM,false,1999-01-01,9999-12-31
DPM_BAS_MCY,TYP_INSTRMNT,false,1999-01-01,9999-12-31
DPM_BAS_MCY,NGTBL_SCRTY_INDCTR,false,1999-01-01,9999-12-31
DPM_BAS_MCY,EXPNS_TYP,false,1999-01-01,9999-12-31
DPM_MCV_F_16.08,EBA_MCV,true,1999-01-01,9999-12-31
DPM_MCV_F_16.08,EXPNS_TYP,false,1999-01-01,9999-12-31
DPM_BAS_ALO_IMS_APL,EBA_BAS,true,1999-01-01,9999-12-31
DPM_BAS_ALO_IMS_APL,EBA_APL,true,1999-01-01,9999-12-31
DPM_BAS_ALO_IMS_APL,EBA_IMS,true,1999-01-01,9999-12-31
DPM_BAS_ALO_IMS_APL,EBA_ALO,true,1999-01-01,9999-12-31
DPM_BAS_ALO_IMS_APL,ACCNTNG_CLSSFCTN,false,1999-01-01,9999-12-31
DPM_BAS_ALO_IMS_APL,TYP_ACCNTNG_ITM,false,1999-01-01,9999-12-31
DPM_BAS_ALO_IMS_APL,IMPRMNT_STTS,false,1999-01-01,9999-12-31
DPM_BAS_ALO_IMS_APL,HLD_SL_INDCTR,false,1999-01-01,9999-12-31
DPM_BAS_ALO_IMS_APL,HLD_TRDNG_INDCTR,false,1999-01-01,9999-12-31
DPM_BAS_ALO_IMS_APL,HLD_MTRTY_INDCTR,false,1999-01-01,9999-12-31
DPM_BAS_ALO_IMS_APL,SBJCT_IMPRMNT_INDCTR,false,1999-01-01,9999-12-31
DPM_BAS_ALO_IMS_APL,ACCNTNG_PRTFL_VLTN_RL,false,1999-01-01,9999-12-31
DPM_BAS_ALO_IMS_APL,ACCNTNG_FRMWRK,false,1999-01-01,9999-12-31
DPM_CPS_CPZ_MCY_TMA,EBA_MCY,true,1999-01-01,9999-12-31
DPM_CPS_CPZ_MCY_TMA,EBA_CPS,true,1999-01-01,9999-12-31
DPM_CPS_CPZ_MCY_TMA,EBA_CPZ,true,1999-01-01,9999-12-31
DPM_CPS_CPZ_MCY_TMA,EBA_TMA,true,1999-01-01,9999-12-31
DPM_CPS_CPZ_MCY_TMA,ENTRPRS_SZ,false,1999-01-01,9999-12-31
DPM_CPS_CPZ_MCY_TMA,INSTTTNL_SCTR,false,1999-01-01,9999-12-31
DPM_CPS_CPZ_MCY_TMA,MLTLTRL_DVLPMNT_BNK_INDCTR,false,1999-01-01,9999-12-31
DPM_CPS_CPZ_MCY_TMA,PRTY_RL_TYP,false,1999-01-01,9999-12-31
DPM_CPS_CPZ_MCY_TMA,MN_DBTR_INDCTR,false,1999-01-01,9999-12-31
DPM_CPS_CPZ_MCY_TMA,TYP_INSTRMNT,false,1999-01-01,9999-12-31
DPM_CPS_CPZ_MCY_TMA,NGTBL_SCRTY_INDCTR,false,1999-01-01,9999-12-31
DPM_CPS_CPZ_MCY_TMA,TYP_MRKT,false,1999-01-01,9999-12-31
DPM_LAC,EBA_LAC,true,1999-01-01,9999-12-31
DPM_LAC,IS_DMSTC_ACTVTY,false,1999-01-01,9999-12-31
DPM_MCE_APL,EBA_MCE,true,1999-01-01,9999-12-31
DPM_MCE_APL,EBA_APL,true,1999-01-01,9999-12-31
DPM_MCE_APL,ACCNTNG_CLSSFCTN,false,1999-01-01,9999-12-31
DPM_MCE_APL,HLD_SL_INDCTR,false,1999-01-01,9999-12-31
DPM_MCE_APL,ITM_GNRTS_ACCNTNG_ITM,false,1999-01-01,9999-12-31
DPM_MCE_APL,TYP_INSTRMNT_GNRTS_ACCNTNG_ITM,false,1999-01-01,9999-12-31
DPM_MCE_APL,NGTBL_SCRTY_INDCTR,false,1999-01-01,9999-12-31
DPM_MCE_APL,RPYMNT_RGHTS,false,1999-01-01,9999-12-31
DPM_MCE_APL,HLD_TRDNG_INDCTR,false,1999-01-01,9999-12-31
DPM_MCE_APL,HLD_MTRTY_INDCTR,false,1999-01-01,9999-12-31
DPM_MCE_APL,ACCNTNG_PRTFL_VLTN_RL,false,1999-01-01,9999-12-31
DPM_MCE_APL,MSRMNT_MTHD,false,1999-01-01,9999-12-31
DPM_MCE_APL,ACCNTNG_FRMWRK,false,1999-01-01,9999-12-31
DPM_MCE_APL,SBJCT_IMPRMNT_INDCTR,false,1999-01-01,9999-12-31
DPM_CTL_MCG,EBA_CTL,true,1999-01-01,9999-12-31
DPM_CTL_MCG,EBA_MCG,true,1999-01-01,9999-12-31
DPM_CTL_MCG,TYP_CLLTRL_GRNT_RCVD,false,1999-01-01,9999-12-31
DPM_FLT_FLW,EBA_FLW,true,1999-01-01,9999-12-31
DPM_FLT_FLW,EBA_FLT,true,1999-01-01,9999-12-31
DPM_FLT_FLW,FLW_DRCTN,false,1999-01-01,9999-12-31
DPM_FLT_FLW,FLW_RSN,false,1999-01-01,9999-12-31
DPM_NPE,EBA_NPE,true,1999-01-01,9999-12-31
DPM_NPE,PRFRMNG_STTS_RSN,false,1999-01-01,9999-12-31
DPM_PIR,EBA_PIR,true,1999-01-01,9999-12-31
DPM_PIR,INTL_RCGNTN_DT,false,1999-01-01,9999-12-31
DPM_POV,EBA_POV,true,1999-01-01,9999-12-31
DPM_POV,VLTN_DT,false,1999-01-01,9999-12-31
DPM_TIE,EBA_TIE,true,1999-01-01,9999-12-31
DPM_TIE,TM_SNC_INTL_RCGNTN,false,1999-01-01,9999-12-31
DPM_TYA_F_24.01,EBA_TYA,true,1999-01-01,9999-12-31
DPM_TYA_F_24.01,TYP_ACTVTY,false,1999-01-01,9999-12-31
DPM_CNO,EBA_CNO,true,1999-01-01,9999-12-31
DPM_CNO,IS_OWNR,false,1999-01-01,9999-12-31
DPM_CPS_MCP,EBA_CPS,true,1999-01-01,9999-12-31
DPM_CPS_MCP,INSTTTNL_SCTR,false,1999-01-01,9999-12-31
DPM_CPS_MCP,MLTLTRL_DVLPMNT_BNK_INDCTR,false,1999-01-01,9999-12-31
DPM_CPS_MCP,PRTY_RL_TYP,false,1999-01-01,9999-12-31
DPM_CPS_MCP,MN_DBTR_INDCTR,false,1999-01-01,9999-12-31
DPM_CPS_MCP,TYP_INSTRMNT_GNRTS_ACCNTNG_ITM,false,1999-01-01,9999-12-31
DPM_LEC_2,EBA_LEC,true,1999-01-01,9999-12-31
DPM_LEC_2,HLDNG_ENTTY_CD,false,1999-01-01,9999-12-31
DPM_STC,EBA_STC,true,1999-01-01,9999-12-31
DPM_STC,SCRTY_ID,false,1999-01-01,9999-12-31
DPM_CPS_MCP,EBA_MCP,true,1999-01-01,9999-12-31
DPM_TRI_F_02.00,EBA_TRI,true,1999-01-01,9999-12-31
DPM_TRI_F_02.00,TYP_RSK,false,1999-01-01,9999-12-31
DPM_IMS_F_06.01,EBA_IMS,true,1999-01-01,9999-12-31
DPM_IMS_F_06.01,DFLT_STTS,false,1999-01-01,9999-12-31
DPM_MCY,EBA_MCY,true,1999-01-01,9999-12-31
DPM_MCY,TYP_INSTRMNT,false,1999-01-01,9999-12-31
DPM_MCY,NGTBL_SCRTY_INDCTR,false,1999-01-01,9999-12-31
DPM_MCY,SHRT_PSTN_INDCTR,false,1999-01-01,9999-12-31
DPM_NAC,EBA_NAC,true,1999-01-01,9999-12-31
DPM_NAC,ECNMC_ACTVTY,false,1999-01-01,9999-12-31
DPM_APL,EBA_APL,true,1999-01-01,9999-12-31
DPM_APL,ACCNTNG_CLSSFCTN,false,1999-01-01,9999-12-31
DPM_APL,HLD_SL_INDCTR,false,1999-01-01,9999-12-31
DPM_APL,HLD_TRDNG_INDCTR,false,1999-01-01,9999-12-31
DPM_APL,HLD_MTRTY_INDCTR,false,1999-01-01,9999-12-31
DPM_APL,SBJCT_IMPRMNT_INDCTR,false,1999-01-01,9999-12-31
DPM_APL,ACCNTNG_PRTFL_VLTN_RL,false,1999-01-01,9999-12-31
DPM_APL,ACCNTNG_FRMWRK,false,1999-01-01,9999-12-31
DPM_BAS_MCY_PFS,EBA_BAS,true,1999-01-01,9999-12-31
DPM_BAS_MCY_PFS,EBA_MCY,true,1999-01-01,9999-12-31
DPM_BAS_MCY_PFS,EBA_PFS,true,1999-01-01,9999-12-31
DPM_BAS_MCY_PFS,TYP_ACCNTNG_ITM,false,1999-01-01,9999-12-31
DPM_BAS_MCY_PFS,TYP_INSTRMNT,false,1999-01-01,9999-12-31
DPM_BAS_MCY_PFS,NGTBL_SCRTY_INDCTR,false,1999-01-01,9999-12-31
DPM_BAS_MCY_PFS,PRFRMNG_STTS,false,1999-01-01,9999-12-31
DPM_RPR,EBA_RPR,true,1999-01-01,9999-12-31
DPM_RPR,RLTD_PRTS_RLTNSHPS,false,1999-01-01,9999-12-31
DPM_TYR,EBA_TYR,true,1999-01-01,9999-12-31
DPM_TYR,TYP_ACTVTY_RLTD_PRTS,false,1999-01-01,9999-12-31
DPM_BAS_MCE_MCY_TYA_2.9,EBA_MCY,true,1999-01-01,9999-12-31
DPM_BAS_MCE_MCY_TYA_2.9,EBA_BAS,true,1999-01-01,9999-12-31
DPM_BAS_MCE_MCY_TYA_2.9,EBA_MCE,true,1999-01-01,9999-12-31
DPM_BAS_MCE_MCY_TYA_2.9,EBA_TYA,true,1999-01-01,9999-12-31
DPM_BAS_MCE_MCY_TYA_2.9,TYP_ACCNTNG_ITM,false,1999-01-01,9999-12-31
DPM_BAS_MCE_MCY_TYA_2.9,ITM_GNRTS_ACCNTNG_ITM,false,1999-01-01,9999-12-31
DPM_BAS_MCE_MCY_TYA_2.9,TYP_INSTRMNT_GNRTS_ACCNTNG_ITM,false,1999-01-01,9999-12-31
DPM_BAS_MCE_MCY_TYA_2.9,NGTBL_SCRTY_INDCTR,false,1999-01-01,9999-12-31
DPM_BAS_MCE_MCY_TYA_2.9,TYP_ACTVTY,false,1999-01-01,9999-12-31
DPM_BAS_MCV_MCY_TRE,EBA_BAS,true,1999-01-01,9999-12-31
DPM_BAS_MCV_MCY_TRE,EBA_MCY,true,1999-01-01,9999-12-31
DPM_BAS_MCV_MCY_TRE,EBA_MCV,true,1999-01-01,9999-12-31
DPM_BAS_MCV_MCY_TRE,EBA_TRE,true,1999-01-01,9999-12-31
DPM_BAS_MCV_MCY_TRE,TYP_ACCNTNG_ITM,false,1999-01-01,9999-12-31
DPM_BAS_MCV_MCY_TRE,EXPNS_TYP,false,1999-01-01,9999-12-31
DPM_TSA,EBA_TSA,true,1999-01-01,9999-12-31
DPM_TSA,STFF_TYP,false,1999-01-01,9999-12-31
DPM_SUB,EBA_SUB,true,1999-01-01,9999-12-31
DPM_SUB,SBRDNTD_DBT,false,1999-01-01,9999-12-31
DPM_BAS_CPS_MCB_MCY_APL,EBA_BAS,true,1999-01-01,9999-12-31
DPM_BAS_CPS_MCB_MCY_APL,EBA_MCY,true,1999-01-01,9999-12-31
DPM_BAS_CPS_MCB_MCY_APL,EBA_CPS,true,1999-01-01,9999-12-31
DPM_BAS_CPS_MCB_MCY_APL,EBA_APL,true,1999-01-01,9999-12-31
DPM_BAS_CPS_MCB_MCY_APL,EBA_MCB,true,1999-01-01,9999-12-31
DPM_BAS_CPS_MCB_MCY_APL,ACCNTNG_CLSSFCTN,false,1999-01-01,9999-12-31
DPM_BAS_CPS_MCB_MCY_APL,TYP_INSTRMNT,false,1999-01-01,9999-12-31
DPM_BAS_CPS_MCB_MCY_APL,NGTBL_SCRTY_INDCTR,false,1999-01-01,9999-12-31
DPM_BAS_CPS_MCB_MCY_APL,HLD_SL_INDCTR,false,1999-01-01,9999-12-31
DPM_BAS_CPS_MCB_MCY_APL,RPYMNT_RGHTS,false,1999-01-01,9999-12-31
DPM_BAS_CPS_MCB_MCY_APL,TYP_ACCNTNG_ITM,false,1999-01-01,9999-12-31
DPM_BAS_CPS_MCB_MCY_APL,INSTTTNL_SCTR,false,1999-01-01,9999-12-31
DPM_BAS_CPS_MCB_MCY_APL,PRTY_RL_TYP,false,1999-01-01,9999-12-31
DPM_BAS_CPS_MCB_MCY_APL,MN_DBTR_INDCTR,false,1999-01-01,9999-12-31
DPM_BAS_CPS_MCB_MCY_APL,HLD_TRDNG_INDCTR,false,1999-01-01,9999-12-31
DPM_BAS_CPS_MCB_MCY_APL,HLD_MTRTY_INDCTR,false,1999-01-01,9999-12-31
DPM_BAS_CPS_MCB_MCY_APL,ACCNTNG_PRTFL_VLTN_RL,false,1999-01-01,9999-12-31
DPM_BAS_CPS_MCB_MCY_APL,ACCNTNG_FRMWRK,false,1999-01-01,9999-12-31
DPM_BAS_CPS_MCB_MCY_APL,SBJCT_IMPRMNT_INDCTR,false,1999-01-01,9999-12-31
DPM_MCF,EBA_MCF,true,1999-01-01,9999-12-31
DPM_MCF,HDG_INSTRMNT,false,1999-01-01,9999-12-31
DPM_TYH_F_20.01,EBA_TYH,true,1999-01-01,9999-12-31
DPM_TYH_F_20.01,TYP_HDG,false,1999-01-01,9999-12-31
DPM_BAS_MCF_MCH_MCY,EBA_BAS,true,1999-01-01,9999-12-31
DPM_BAS_MCB_MCY,EBA_BAS,true,1999-01-01,9999-12-31
DPM_BAS_MCB_MCY,EBA_MCB,true,1999-01-01,9999-12-31
DPM_BAS_MCB_MCY,EBA_MCY,true,1999-01-01,9999-12-31
DPM_BAS_MCB_MCY,TYP_ACCNTNG_ITM,false,1999-01-01,9999-12-31
DPM_CNO_F_46.00,EBA_CNO,true,1999-01-01,9999-12-31
DPM_CNO_F_46.00,IS_OWNR,false,1999-01-01,9999-12-31
DPM_PFS_F_31.02,EBA_PFS,true,1999-01-01,9999-12-31
DPM_PFS_F_31.02,PRFRMNG_STTS,false,1999-01-01,9999-12-31
DPM_BAS_CNO_MCB_MCF_MCY_REC,EBA_BAS,true,1999-01-01,9999-12-31
DPM_BAS_CNO_MCB_MCF_MCY_REC,EBA_MCB,true,1999-01-01,9999-12-31
DPM_BAS_CNO_MCB_MCF_MCY_REC,EBA_MCY,true,1999-01-01,9999-12-31
DPM_BAS_CNO_MCB_MCF_MCY_REC,EBA_CNO,true,1999-01-01,9999-12-31
DPM_BAS_CNO_MCB_MCF_MCY_REC,EBA_REC,true,1999-01-01,9999-12-31
DPM_BAS_CNO_MCB_MCF_MCY_REC,EBA_MCF,true,1999-01-01,9999-12-31
DPM_BAS_CNO_MCB_MCF_MCY_REC,HLD_SL_INDCTR,false,1999-01-01,9999-12-31
DPM_BAS_CNO_MCB_MCF_MCY_REC,TYP_ACCNTNG_ITM,false,1999-01-01,9999-12-31
DPM_BAS_CNO_MCB_MCF_MCY_REC,IS_OWNR,false,1999-01-01,9999-12-31
DPM_BAS_CNO_MCB_MCF_MCY_REC,HDG_INSTRMNT,false,1999-01-01,9999-12-31
DPM_BAS_CNO_MCB_MCF_MCY_REC,RCLSSFD_PRFT_LSS_INDCTR,false,1999-01-01,9999-12-31
DPM_BAS_MCE_MCY_TYA,EBA_MCY,true,1999-01-01,9999-12-31
DPM_BAS_MCE_MCY_TYA,EBA_BAS,true,1999-01-01,9999-12-31
DPM_BAS_MCE_MCY_TYA,EBA_MCE,true,1999-01-01,9999-12-31
DPM_mi109,EBA_mi109,true,1999-01-01,9999-12-31
DPM_mi109,EFFCT_ACCNTNG_PLCY_CHNG,false,1999-01-01,9999-12-31
DPM_mi110,EBA_mi110,true,1999-01-01,9999-12-31
DPM_mi110,EFFCT_ERRR_CRRCTN,false,1999-01-01,9999-12-31
DPM_mi134,EBA_mi134,true,1999-01-01,9999-12-31
DPM_mi134,GDWLL_INCLDD_CRRYNG_AMNT,false,1999-01-01,9999-12-31
DPM_mi135,EBA_mi135,true,1999-01-01,9999-12-31
DPM_mi135,ACCMLTD_CHNGS_FV,false,1999-01-01,9999-12-31
DPM_mi136,EBA_mi136,true,1999-01-01,9999-12-31
DPM_mi136,GRSS_CRRYNG_AMNT,false,1999-01-01,9999-12-31
DPM_mi164,EBA_mi164,true,1999-01-01,9999-12-31
DPM_mi164,CLLTRL_MXMM_AMNT_GRNT_CNSDRD,false,1999-01-01,9999-12-31
DPM_mi170,EBA_mi170,true,1999-01-01,9999-12-31
DPM_mi170,NTNL_AMNT,false,1999-01-01,9999-12-31
DPM_mi172,EBA_mi172,true,1999-01-01,9999-12-31
DPM_mi172,NMNL_VL_MX_CLLTRL_GRNT_CNSDRD,false,1999-01-01,9999-12-31
DPM_mi191,EBA_mi191,true,1999-01-01,9999-12-31
DPM_mi191,PRSNT_VL,false,1999-01-01,9999-12-31
DPM_mi195,EBA_mi195,true,1999-01-01,9999-12-31
DPM_mi195,OTSTNDNG_NMNL_AMNT,false,1999-01-01,9999-12-31
DPM_mi339,EBA_mi339,true,1999-01-01,9999-12-31
DPM_mi339,CLLTRL_MXMM_AMNT_CNSDRD,false,1999-01-01,9999-12-31
DPM_mi340,EBA_mi340,true,1999-01-01,9999-12-31
DPM_mi340,GRNT_MXMM_AMNT_CNSDRD,false,1999-01-01,9999-12-31
DPM_mi35,EBA_mi35,true,1999-01-01,9999-12-31
DPM_mi35,ASST_INVLVD_INSTTN_SRVC_PRVDD,false,1999-01-01,9999-12-31
DPM_mi37,EBA_mi37,true,1999-01-01,9999-12-31
DPM_CPS_MCB_MCY,RPYMNT_RGHTS,false,1999-01-01,9999-12-31
DPM_CPS_MCB_MCY,PRJCT_FNNC_LN,false,1999-01-01,9999-12-31
DPM_BAS_MCF_MCH_MCY,EBA_MCY,true,1999-01-01,9999-12-31
DPM_BAS_MCF_MCH_MCY,EBA_MCH,true,1999-01-01,9999-12-31
DPM_BAS_MCF_MCH_MCY,EBA_MCF,true,1999-01-01,9999-12-31
DPM_BAS_MCF_MCH_MCY,TYP_ACCNTNG_ITM,false,1999-01-01,9999-12-31
DPM_BAS_MCF_MCH_MCY,HDG_INSTRMNT,false,1999-01-01,9999-12-31
DPM_BAS_MCF_MCH_MCY,TYP_HDGD_INSTRMNT,false,1999-01-01,9999-12-31
DPM_MCA,EBA_MCA,true,1999-01-01,9999-12-31
DPM_MCA,TYP_HDGNG_INSTRMNT,false,1999-01-01,9999-12-31
DPM_MCE,EBA_MCE,true,1999-01-01,9999-12-31
DPM_MCE,ITM_GNRTS_ACCNTNG_ITM,false,1999-01-01,9999-12-31
DPM_MCE,TYP_INSTRMNT_GNRTS_ACCNTNG_ITM,false,1999-01-01,9999-12-31
DPM_MCE,NGTBL_SCRTY_INDCTR,false,1999-01-01,9999-12-31
DPM_REC,EBA_REC,true,1999-01-01,9999-12-31
DPM_REC,RCLSSFD_PRFT_LSS_INDCTR,false,1999-01-01,9999-12-31
DPM_LTG,EBA_LTG,true,1999-01-01,9999-12-31
DPM_LTG,LTGTN_STTS,false,1999-01-01,9999-12-31
DPM_BAS_MCB_MCY_APL_F_42.00,EBA_BAS,true,1999-01-01,9999-12-31
DPM_BAS_MCB_MCY_APL_F_42.00,EBA_MCY,true,1999-01-01,9999-12-31
DPM_BAS_MCB_MCY_APL_F_42.00,EBA_APL,true,1999-01-01,9999-12-31
DPM_BAS_MCB_MCY_APL_F_42.00,EBA_MCB,true,1999-01-01,9999-12-31
DPM_BAS_MCB_MCY_APL_F_42.00,HLD_SL_INDCTR,false,1999-01-01,9999-12-31
DPM_BAS_MCB_MCY_APL_F_42.00,TYP_ACCNTNG_ITM,false,1999-01-01,9999-12-31
DPM_BAS_MCB_MCY_APL_F_42.00,MSRMNT_MTHD,false,1999-01-01,9999-12-31
DPM_BAS_MCB_MCY_APL_F_42.00,TYP_INSTRMNT,false,1999-01-01,9999-12-31
DPM_CPS_MCB_MCY,EBA_MCY,true,1999-01-01,9999-12-31
DPM_CPS_MCB_MCY,EBA_CPS,true,1999-01-01,9999-12-31
DPM_CPS_MCB_MCY,EBA_MCB,true,1999-01-01,9999-12-31
DPM_CPS_MCB_MCY,INSTTTNL_SCTR,false,1999-01-01,9999-12-31
DPM_CPS_MCB_MCY,MLTLTRL_DVLPMNT_BNK_INDCTR,false,1999-01-01,9999-12-31
DPM_CPS_MCB_MCY,PRTY_RL_TYP,false,1999-01-01,9999-12-31
DPM_CPS_MCB_MCY,MN_DBTR_INDCTR,false,1999-01-01,9999-12-31
DPM_CPS_MCB_MCY,TYP_INSTRMNT,false,1999-01-01,9999-12-31
DPM_CPS_MCB_MCY,NGTBL_SCRTY_INDCTR,false,1999-01-01,9999-12-31
DPM_IMS,EBA_IMS,true,1999-01-01,9999-12-31
DPM_BAS_MCE_MCY_TYA,EBA_TYA,true,1999-01-01,9999-12-31
DPM_BAS_MCE_MCY_TYA,TYP_ACCNTNG_ITM,false,1999-01-01,9999-12-31
DPM_BAS_MCE_MCY_TYA,ITM_GNRTS_ACCNTNG_ITM,false,1999-01-01,9999-12-31
DPM_BAS_MCE_MCY_TYA,TYP_INSTRMNT_GNRTS_ACCNTNG_ITM,false,1999-01-01,9999-12-31
DPM_BAS_MCE_MCY_TYA,TYP_ACTVTY,false,1999-01-01,9999-12-31
DPM_MCE_TYH,EBA_MCE,true,1999-01-01,9999-12-31
DPM_MCE_TYH,EBA_TYH,true,1999-01-01,9999-12-31
DPM_MCE_TYH,TYP_HDG,false,1999-01-01,9999-12-31
DPM_MCE_TYH,ITM_GNRTS_ACCNTNG_ITM,false,1999-01-01,9999-12-31
DPM_MCE_TYH,SHRT_PSTN_INDCTR,false,1999-01-01,9999-12-31
DPM_MCE_TYH,TYP_INSTRMNT_GNRTS_ACCNTNG_ITM,false,1999-01-01,9999-12-31
DPM_MCE_TYH,NGTBL_SCRTY_INDCTR,false,1999-01-01,9999-12-31
DPM_TYA,EBA_TYA,true,1999-01-01,9999-12-31
DPM_TYA,TYP_ACTVTY,false,1999-01-01,9999-12-31
DPM_FVH,EBA_FVH,true,1999-01-01,9999-12-31
DPM_FVH,FV_HRRCHY,false,1999-01-01,9999-12-31
DPM_ALO_F_12.00,EBA_ALO,true,1999-01-01,9999-12-31
DPM_ALO_F_12.00,IMPRMNT_STTS,false,1999-01-01,9999-12-31
DPM_DPS,EBA_DPS,true,1999-01-01,9999-12-31
DPM_DPS,PSTN_INSTRMNT,false,1999-01-01,9999-12-31
DPM_CPS_MCB_MCY_TMA_TRI,EBA_MCY,true,1999-01-01,9999-12-31
DPM_CPS_MCB_MCY_TMA_TRI,EBA_CPS,true,1999-01-01,9999-12-31
DPM_CPS_MCB_MCY_TMA_TRI,EBA_TRI,true,1999-01-01,9999-12-31
DPM_CPS_MCB_MCY_TMA_TRI,EBA_TMA,true,1999-01-01,9999-12-31
DPM_CPS_MCB_MCY_TMA_TRI,EBA_MCB,true,1999-01-01,9999-12-31
DPM_CPS_MCB_MCY_TMA_TRI,TYP_MRKT,false,1999-01-01,9999-12-31
DPM_CPS_MCB_MCY_TMA_TRI,TYP_RSK,false,1999-01-01,9999-12-31
DPM_CPS_MCB_MCY_TMA_TRI,TYP_INSTRMNT,false,1999-01-01,9999-12-31
DPM_CPS_MCB_MCY_TMA_TRI,INSTTTNL_SCTR,false,1999-01-01,9999-12-31
DPM_CPS_MCB_MCY_TMA_TRI,MLTLTRL_DVLPMNT_BNK_INDCTR,false,1999-01-01,9999-12-31
DPM_CPS_MCB_MCY_TMA_TRI,PRTY_RL_TYP,false,1999-01-01,9999-12-31
DPM_CPS_MCB_MCY_TMA_TRI,MN_DBTR_INDCTR,false,1999-01-01,9999-12-31
DPM_PLD,EBA_PLD,true,1999-01-01,9999-12-31
DPM_PLD,FVO_DSGNTN,false,1999-01-01,9999-12-31
DPM_mi37,ACCMLTD_CHNGS_FV_CR,false,1999-01-01,9999-12-31
DPM_mi43,EBA_mi43,true,1999-01-01,9999-12-31
DPM_mi43,AMNT_DRCGNSD_CPTL_PRPS,false,1999-01-01,9999-12-31
DPM_mi45,EBA_mi45,true,1999-01-01,9999-12-31
DPM_mi45,EFFCT_ASST_CLNG_AMNT,false,1999-01-01,9999-12-31
DPM_mi500,EBA_mi500,true,1999-01-01,9999-12-31
DPM_mi500,PSTV_FV,false,1999-01-01,9999-12-31
DPM_mi501,EBA_mi501,true,1999-01-01,9999-12-31
DPM_mi501,NGTV_FV,false,1999-01-01,9999-12-31
DPM_mi502,EBA_mi502,true,1999-01-01,9999-12-31
DPM_mi502,ADJSTMNT_CRRYNG_AMNT,false,1999-01-01,9999-12-31
DPM_mi503,EBA_mi503,true,1999-01-01,9999-12-31
DPM_mi503,ACCMLTD_IMPRMN_NGTV_CHNG_FV_CR,false,1999-01-01,9999-12-31
DPM_mi504,EBA_mi504,true,1999-01-01,9999-12-31
DPM_mi504,ACCMLTD_CHNG_NGTV_FV_CR,false,1999-01-01,9999-12-31
DPM_mi505,EBA_mi505,true,1999-01-01,9999-12-31
DPM_mi505,ACCMLTD_NGTV_VL_ADJSTMNT_MR,false,1999-01-01,9999-12-31
DPM_mi506,EBA_mi506,true,1999-01-01,9999-12-31
DPM_mi506,ACCMLTD_NGTV_VL_ADJSTMNT_CR,false,1999-01-01,9999-12-31
DPM_mi507,EBA_mi507,true,1999-01-01,9999-12-31
DPM_mi507,ACCMLTD_PRTL_WRTFFS,false,1999-01-01,9999-12-31
DPM_mi508,EBA_mi508,true,1999-01-01,9999-12-31
DPM_mi508,ACCMLTD_TTL_WRTFFS,false,1999-01-01,9999-12-31
DPM_mi65,EBA_mi65,true,1999-01-01,9999-12-31
DPM_mi65,CRRYNG_AMNT_BFR_RSTTMNT,false,1999-01-01,9999-12-31
DPM_mi7,EBA_mi7,true,1999-01-01,9999-12-31
DPM_mi7,ACCMLTD_IMPRMNT,false,1999-01-01,9999-12-31
DPM_mi9,EBA_mi9,true,1999-01-01,9999-12-31
DPM_mi9,ACQSTN_CST,false,1999-01-01,9999-12-31
DPM_md103,EBA_md103,true,1999-01-01,9999-12-31
DPM_md103,CRRNT_PRD,false,1999-01-01,9999-12-31
DPM_md104,EBA_md104,true,1999-01-01,9999-12-31
DPM_md104,CRRNT_SRVC_CST,false,1999-01-01,9999-12-31
DPM_md105,EBA_md105,true,1999-01-01,9999-12-31
DPM_md105,ESTMTD_LSS_PRD_DCRSS_ALLWNC,false,1999-01-01,9999-12-31
DPM_md108,EBA_md108,true,1999-01-01,9999-12-31
DPM_BAS_MCY_APL,ACCNTNG_FRMWRK,false,1999-01-01,9999-12-31
DPM_BAS_MCY_APL,SBJCT_IMPRMNT_INDCTR,false,1999-01-01,9999-12-31
DPM_CPS_MCB_MCE_TYH_IMS_APL_PUR,EBA_MCE,true,1999-01-01,9999-12-31
DPM_CPS_MCB_MCE_TYH_IMS_APL_PUR,EBA_CPS,true,1999-01-01,9999-12-31
DPM_CPS_MCB_MCE_TYH_IMS_APL_PUR,EBA_TYH,true,1999-01-01,9999-12-31
DPM_CPS_MCB_MCE_TYH_IMS_APL_PUR,EBA_PUR,true,1999-01-01,9999-12-31
DPM_CPS_MCB_MCE_TYH_IMS_APL_PUR,EBA_MCB,true,1999-01-01,9999-12-31
DPM_CPS_MCB_MCE_TYH_IMS_APL_PUR,EBA_IMS,true,1999-01-01,9999-12-31
DPM_CPS_MCB_MCE_TYH_IMS_APL_PUR,IMPRMNT_STTS,false,1999-01-01,9999-12-31
DPM_CPS_MCB_MCE_TYH_IMS_APL_PUR,TYP_HDG,false,1999-01-01,9999-12-31
DPM_CPS_MCB_MCE_TYH_IMS_APL_PUR,INSTTTNL_SCTR,false,1999-01-01,9999-12-31
DPM_CPS_MCB_MCE_TYH_IMS_APL_PUR,MLTLTRL_DVLPMNT_BNK_INDCTR,false,1999-01-01,9999-12-31
DPM_CPS_MCB_MCE_TYH_IMS_APL_PUR,PRTY_RL_TYP,false,1999-01-01,9999-12-31
DPM_IMS,IMPRMNT_STTS,false,1999-01-01,9999-12-31
DPM_TPD,EBA_TPD,true,1999-01-01,9999-12-31
DPM_TPD,TM_PST_DU,false,1999-01-01,9999-12-31
DPM_BAS_MCY_APL,EBA_MCY,true,1999-01-01,9999-12-31
DPM_BAS_MCY_APL,EBA_APL,true,1999-01-01,9999-12-31
DPM_BAS_MCY_APL,EBA_BAS,true,1999-01-01,9999-12-31
DPM_BAS_MCY_APL,TYP_INSTRMNT,false,1999-01-01,9999-12-31
DPM_BAS_MCY_APL,NGTBL_SCRTY_INDCTR,false,1999-01-01,9999-12-31
DPM_BAS_MCY_APL,ACCNTNG_CLSSFCTN,false,1999-01-01,9999-12-31
DPM_BAS_MCY_APL,TYP_ACCNTNG_ITM,false,1999-01-01,9999-12-31
DPM_BAS_MCY_APL,SHRT_PSTN_INDCTR,false,1999-01-01,9999-12-31
DPM_BAS_MCY_APL,HLD_SL_INDCTR,false,1999-01-01,9999-12-31
DPM_BAS_MCY_APL,ITM_GNRTS_ACCNTNG_ITM,false,1999-01-01,9999-12-31
DPM_BAS_MCY_APL,HLD_TRDNG_INDCTR,false,1999-01-01,9999-12-31
DPM_BAS_MCY_APL,HLD_MTRTY_INDCTR,false,1999-01-01,9999-12-31
DPM_BAS_MCY_APL,ACCNTNG_PRTFL_VLTN_RL,false,1999-01-01,9999-12-31
DPM_BAS_MCY_APL,MSRMNT_MTHD,false,1999-01-01,9999-12-31
DPM_CPS_MCB_MCE_TYH_IMS_APL_PUR,MN_DBTR_INDCTR,false,1999-01-01,9999-12-31
DPM_CPS_MCB_MCE_TYH_IMS_APL_PUR,ACCNTNG_CLSSFCTN,false,1999-01-01,9999-12-31
DPM_CPS_MCB_MCE_TYH_IMS_APL_PUR,ITM_GNRTS_ACCNTNG_ITM,false,1999-01-01,9999-12-31
DPM_CPS_MCB_MCE_TYH_IMS_APL_PUR,HLD_SL_INDCTR,false,1999-01-01,9999-12-31
DPM_BAS_MCB_MCY_APL,EBA_BAS,true,1999-01-01,9999-12-31
DPM_BAS_MCB_MCY_APL,EBA_MCY,true,1999-01-01,9999-12-31
DPM_BAS_MCB_MCY_APL,EBA_APL,true,1999-01-01,9999-12-31
DPM_BAS_MCB_MCY_APL,EBA_MCB,true,1999-01-01,9999-12-31
DPM_BAS_MCB_MCY_APL,TYP_ACCNTNG_ITM,false,1999-01-01,9999-12-31
DPM_BAS_MCB_MCY_APL,TYP_CLLTRL_GRNT_RCVD,false,1999-01-01,9999-12-31
DPM_BAS_MCB_MCY_APL,HLD_SL_INDCTR,false,1999-01-01,9999-12-31
DPM_md108,DVDND_AMNT,false,1999-01-01,9999-12-31
DPM_md11,EBA_md11,true,1999-01-01,9999-12-31
DPM_md11,ACTRL_GN_LSS_CHG_DMGRPHC,false,1999-01-01,9999-12-31
DPM_md114,EBA_md114,true,1999-01-01,9999-12-31
DPM_md114,EXCRS_EXPRTN_EQTY_OTHR_CPTL,false,1999-01-01,9999-12-31
DPM_md12,EBA_md12,true,1999-01-01,9999-12-31
DPM_md12,ACTRL_GN_LSS_CHG_FNNCL_ASSMPTN,false,1999-01-01,9999-12-31
DPM_md13,EBA_md13,true,1999-01-01,9999-12-31
DPM_md13,IMPRMNT_LSS_ADDTN,false,1999-01-01,9999-12-31
DPM_md131,EBA_md131,true,1999-01-01,9999-12-31
DPM_md131,FRGN_CRRNCY_TRNSLTN,false,1999-01-01,9999-12-31
DPM_md139,EBA_md139,true,1999-01-01,9999-12-31
DPM_md139,INCRS_ DSCNTD_AMNT_DSCNT_RT,false,1999-01-01,9999-12-31
DPM_md14,EBA_md14,true,1999-01-01,9999-12-31
DPM_md14,ADDTNS_INCLDNG_EXSTNG_PRVSNS,false,1999-01-01,9999-12-31
DPM_md140,EBA_md140,true,1999-01-01,9999-12-31
DPM_md140,INCRS_ALLWNC_ESTMTD_LSS,false,1999-01-01,9999-12-31
DPM_md147,EBA_md147,true,1999-01-01,9999-12-31
DPM_md147,DFND_BNFT_OBLGTNS_INTRST_CST,false,1999-01-01,9999-12-31
DPM_md149,EBA_md149,true,1999-01-01,9999-12-31
DPM_md149,ISSNC_EQTY_OTHR_CPTL_INSTRMNT,false,1999-01-01,9999-12-31
DPM_md150,EBA_md150,true,1999-01-01,9999-12-31
DPM_md150,ISSNC_ORDNRY_SHRS,false,1999-01-01,9999-12-31
DPM_md151,EBA_md151,true,1999-01-01,9999-12-31
DPM_md151,ISSNC_PRFRNC_SHRS,false,1999-01-01,9999-12-31
DPM_md186,EBA_md186,true,1999-01-01,9999-12-31
DPM_CPS_MCB_MCE_TYH_IMS_APL_PUR,TYP_INSTRMNT_GNRTS_ACCNTNG_ITM,false,1999-01-01,9999-12-31
DPM_CPS_MCB_MCE_TYH_IMS_APL_PUR,NGTBL_SCRTY_INDCTR,false,1999-01-01,9999-12-31
DPM_CPS_MCB_MCE_TYH_IMS_APL_PUR,HLD_TRDNG_INDCTR,false,1999-01-01,9999-12-31
DPM_CPS_MCB_MCE_TYH_IMS_APL_PUR,HLD_MTRTY_INDCTR,false,1999-01-01,9999-12-31
DPM_CPS_MCB_MCE_TYH_IMS_APL_PUR,ACCNTNG_PRTFL_VLTN_RL,false,1999-01-01,9999-12-31
DPM_CPS_MCB_MCE_TYH_IMS_APL_PUR,ACCNTNG_FRMWRK,false,1999-01-01,9999-12-31
DPM_CPS_MCB_MCE_TYH_IMS_APL_PUR,SBJCT_IMPRMNT_INDCTR,false,1999-01-01,9999-12-31
DPM_CPS_MCB_MCE_TYH_IMS_APL_PUR,PRPS,false,1999-01-01,9999-12-31
DPM_MCV_F_44.03,EBA_MCV,true,1999-01-01,9999-12-31
DPM_MCV_F_44.03,EXPNS_TYP,false,1999-01-01,9999-12-31
DPM_CPS_CPZ_MCY,EBA_MCY,true,1999-01-01,9999-12-31
DPM_CPS_CPZ_MCY,EBA_CPS,true,1999-01-01,9999-12-31
DPM_CPS_CPZ_MCY,EBA_CPZ,true,1999-01-01,9999-12-31
DPM_CPS_CPZ_MCY,ENTRPRS_SZ,false,1999-01-01,9999-12-31
DPM_CPS_CPZ_MCY,INSTTTNL_SCTR,false,1999-01-01,9999-12-31
DPM_CPS_CPZ_MCY,MLTLTRL_DVLPMNT_BNK_INDCTR,false,1999-01-01,9999-12-31
DPM_CPS_CPZ_MCY,PRTY_RL_TYP,false,1999-01-01,9999-12-31
DPM_CPS_CPZ_MCY,MN_DBTR_INDCTR,false,1999-01-01,9999-12-31
DPM_CPS_CPZ_MCY,TYP_INSTRMNT,false,1999-01-01,9999-12-31
DPM_CPS_CPZ_MCY,NGTBL_SCRTY_INDCTR,false,1999-01-01,9999-12-31
DPM_TRI_F_04.03.1,EBA_TRI,true,1999-01-01,9999-12-31
DPM_TRI_F_04.03.1,LW_CRDT_RSK_INDCTR,false,1999-01-01,9999-12-31
DPM_CPS_CPZ_MCG_MCY_PUR,EBA_MCY,true,1999-01-01,9999-12-31
DPM_CPS_CPZ_MCG_MCY_PUR,EBA_CPS,true,1999-01-01,9999-12-31
DPM_CPS_CPZ_MCG_MCY_PUR,EBA_CPZ,true,1999-01-01,9999-12-31
DPM_CPS_CPZ_MCG_MCY_PUR,EBA_MCG,true,1999-01-01,9999-12-31
DPM_CPS_CPZ_MCG_MCY_PUR,EBA_PUR,true,1999-01-01,9999-12-31
DPM_CPS_CPZ_MCG_MCY_PUR,TYP_INSTRMNT,false,1999-01-01,9999-12-31
DPM_CPS_CPZ_MCG_MCY_PUR,NGTBL_SCRTY_INDCTR,false,1999-01-01,9999-12-31
DPM_CPS_CPZ_MCG_MCY_PUR,INSTTTNL_SCTR,false,1999-01-01,9999-12-31
DPM_CPS_CPZ_MCG_MCY_PUR,MLTLTRL_DVLPMNT_BNK_INDCTR,false,1999-01-01,9999-12-31
DPM_CPS_CPZ_MCG_MCY_PUR,PRTY_RL_TYP,false,1999-01-01,9999-12-31
DPM_CPS_CPZ_MCG_MCY_PUR,MN_DBTR_INDCTR,false,1999-01-01,9999-12-31
DPM_CPS_CPZ_MCG_MCY_PUR,ENTRPRS_SZ,false,1999-01-01,9999-12-31
DPM_CPS_CPZ_MCG_MCY_PUR,PRPS,false,1999-01-01,9999-12-31
DPM_CPS_CPZ_MCG_MCY_PUR,TYP_CLLTRL_GRNT_RCVD,false,1999-01-01,9999-12-31
DPM_CPS_CPZ_MCG_MCY_PUR,TYP_CLLTRL,false,1999-01-01,9999-12-31
DPM_ACT,EBA_ACT,true,1999-01-01,9999-12-31
DPM_ACT,TRTMNT_TRNSFRRD_ASSTS_BLNC_SHT,false,1999-01-01,9999-12-31
DPM_TRT,EBA_TRT,true,1999-01-01,9999-12-31
DPM_TRT,TYP_RSK_TRNSFR,false,1999-01-01,9999-12-31
DPM_MCT_PLT,EBA_MCT,true,1999-01-01,9999-12-31
DPM_MCT_PLT,EBA_PLT,true,1999-01-01,9999-12-31
DPM_MCT_PLT,TYP_INSTRMNT_LNKD_ASSTS,false,1999-01-01,9999-12-31
DPM_MCT_PLT,NGTBL_SCRTY_INDCTR,false,1999-01-01,9999-12-31
DPM_MCT_PLT,ACCNTNG_PRTFL_LNKD_ASSTS,false,1999-01-01,9999-12-31
DPM_MCT_PLT,TYP_ACCNTNG_ITM_LNKD_ASSTS,false,1999-01-01,9999-12-31
DPM_MCT_PLT,HLD_SL_INDCTR,false,1999-01-01,9999-12-31
DPM_MCT_PLT,HLD_TRDNG_INDCTR,false,1999-01-01,9999-12-31
DPM_MCT_PLT,HLD_MTRTY_INDCTR,false,1999-01-01,9999-12-31
DPM_MCT_PLT,ACCNTNG_PRTFL_VLTN_RL,false,1999-01-01,9999-12-31
DPM_MCT_PLT,ACCNTNG_FRMWRK,false,1999-01-01,9999-12-31
DPM_MCT_PLT,SBJCT_IMPRMNT_INDCTR,false,1999-01-01,9999-12-31
DPM_BAS_CPS_CPZ_MCG_MCY_MCP_PUR_APL,EBA_BAS,true,1999-01-01,9999-12-31
DPM_BAS_CPS_CPZ_MCG_MCY_MCP_PUR_APL,EBA_MCY,true,1999-01-01,9999-12-31
DPM_md186,PST_SRVC_CST,false,1999-01-01,9999-12-31
DPM_md197,EBA_md197,true,1999-01-01,9999-12-31
DPM_md197,PRCHS_TRSRY_SHRS,false,1999-01-01,9999-12-31
DPM_md199,EBA_md199,true,1999-01-01,9999-12-31
DPM_md199,RCLSSFCTN_INSTRMNT_EQTY_LBLTY,false,1999-01-01,9999-12-31
DPM_md200,EBA_md200,true,1999-01-01,9999-12-31
DPM_md200,RCLSSFCTN_INSTRMNT_LBLTY_EQTY,false,1999-01-01,9999-12-31
DPM_md201,EBA_md201,true,1999-01-01,9999-12-31
DPM_md201,OTHR_RCLSSFCTN_HDG_FRGN_OPRTN,false,1999-01-01,9999-12-31
DPM_md202,EBA_md202,true,1999-01-01,9999-12-31
DPM_md202,OTHR_RCLSSFCTN_CSH_FLW_HDG,false,1999-01-01,9999-12-31
DPM_md203,EBA_md203,true,1999-01-01,9999-12-31
DPM_md203,RCVR_TO_STTMNT_PRFT_LSS,false,1999-01-01,9999-12-31
DPM_md210,EBA_md210,true,1999-01-01,9999-12-31
DPM_md210,IMPRMNT_LSS_RVRSL,false,1999-01-01,9999-12-31
DPM_md216,EBA_md216,true,1999-01-01,9999-12-31
DPM_md216,TRSRY_SHR_SL_CNCLLTN,false,1999-01-01,9999-12-31
DPM_md233,EBA_md233,true,1999-01-01,9999-12-31
DPM_BAS_CPS_MCY,EBA_BAS,true,1999-01-01,9999-12-31
DPM_BAS_CPS_MCY,EBA_MCY,true,1999-01-01,9999-12-31
DPM_BAS_CPS_MCY,EBA_CPS,true,1999-01-01,9999-12-31
DPM_BAS_CPS_MCY,INSTTTNL_SCTR,false,1999-01-01,9999-12-31
DPM_BAS_CPS_MCY,MLTLTRL_DVLPMNT_BNK_INDCTR,false,1999-01-01,9999-12-31
DPM_BAS_CPS_MCY,PRTY_RL_TYP,false,1999-01-01,9999-12-31
DPM_BAS_CPS_MCY,MN_DBTR_INDCTR,false,1999-01-01,9999-12-31
DPM_BAS_CPS_MCY,TYP_INSTRMNT,false,1999-01-01,9999-12-31
DPM_BAS_CPS_MCY,NGTBL_SCRTY_INDCTR,false,1999-01-01,9999-12-31
DPM_BAS_CPS_MCY,TYP_ACCNTNG_ITM,false,1999-01-01,9999-12-31
DPM_IMS_PFS_2.9,EBA_IMS,true,1999-01-01,9999-12-31
DPM_IMS_PFS_2.9,EBA_PFS,true,1999-01-01,9999-12-31
DPM_IMS_PFS_2.9,PRFRMNG_STTS,false,1999-01-01,9999-12-31
DPM_IMS_PFS_2.9,IMPRMNT_STTS,false,1999-01-01,9999-12-31
DPM_IMS_PFS_2.9,DFLT_STTS,false,1999-01-01,9999-12-31
DPM_BAS_APL_2.9,EBA_APL,true,1999-01-01,9999-12-31
DPM_BAS_APL_2.9,EBA_BAS,true,1999-01-01,9999-12-31
DPM_BAS_APL_2.9,ACCNTNG_CLSSFCTN,false,1999-01-01,9999-12-31
DPM_BAS_APL_2.9,TYP_ACCNTNG_ITM,false,1999-01-01,9999-12-31
DPM_BAS_APL_2.9,HLD_SL_INDCTR,false,1999-01-01,9999-12-31
DPM_BAS_APL_2.9,HLD_TRDNG_INDCTR,false,1999-01-01,9999-12-31
DPM_BAS_APL_2.9,HLD_MTRTY_INDCTR,false,1999-01-01,9999-12-31
DPM_BAS_APL_2.9,SBJCT_IMPRMNT_INDCTR,false,1999-01-01,9999-12-31
DPM_BAS_APL_2.9,ACCNTNG_PRTFL_VLTN_RL,false,1999-01-01,9999-12-31
DPM_CPS_CPZ_MCB_MCG_MCY_PUR,EBA_MCY,true,1999-01-01,9999-12-31
DPM_CPS_CPZ_MCB_MCG_MCY_PUR,EBA_MCB,true,1999-01-01,9999-12-31
DPM_CPS_CPZ_MCB_MCG_MCY_PUR,EBA_CPS,true,1999-01-01,9999-12-31
DPM_CPS_CPZ_MCB_MCG_MCY_PUR,EBA_CPZ,true,1999-01-01,9999-12-31
DPM_CPS_CPZ_MCB_MCG_MCY_PUR,EBA_MCG,true,1999-01-01,9999-12-31
DPM_CPS_CPZ_MCB_MCG_MCY_PUR,EBA_PUR,true,1999-01-01,9999-12-31
DPM_CPS_CPZ_MCB_MCG_MCY_PUR,TYP_INSTRMNT,false,1999-01-01,9999-12-31
DPM_CPS_CPZ_MCB_MCG_MCY_PUR,NGTBL_SCRTY_INDCTR,false,1999-01-01,9999-12-31
DPM_CPS_CPZ_MCB_MCG_MCY_PUR,RPYMNT_RGHTS,false,1999-01-01,9999-12-31
DPM_CPS_CPZ_MCB_MCG_MCY_PUR,INSTTTNL_SCTR,false,1999-01-01,9999-12-31
DPM_CPS_CPZ_MCB_MCG_MCY_PUR,MLTLTRL_DVLPMNT_BNK_INDCTR,false,1999-01-01,9999-12-31
DPM_BAS_CPS_CPZ_MCG_MCY_MCP_PUR_APL,NGTBL_SCRTY_INDCTR,false,1999-01-01,9999-12-31
DPM_BAS_CPS_CPZ_MCG_MCY_MCP_PUR_APL,INSTTTNL_SCTR,false,1999-01-01,9999-12-31
DPM_BAS_CPS_CPZ_MCG_MCY_MCP_PUR_APL,MLTLTRL_DVLPMNT_BNK_INDCTR,false,1999-01-01,9999-12-31
DPM_BAS_CPS_CPZ_MCG_MCY_MCP_PUR_APL,PRTY_RL_TYP,false,1999-01-01,9999-12-31
DPM_BAS_CPS_CPZ_MCG_MCY_MCP_PUR_APL,MN_DBTR_INDCTR,false,1999-01-01,9999-12-31
DPM_BAS_CPS_CPZ_MCG_MCY_MCP_PUR_APL,ENTRPRS_SZ,false,1999-01-01,9999-12-31
DPM_BAS_CPS_CPZ_MCG_MCY_MCP_PUR_APL,PRPS,false,1999-01-01,9999-12-31
DPM_BAS_CPS_CPZ_MCG_MCY_MCP_PUR_APL,TYP_CLLTRL_GRNT_RCVD,false,1999-01-01,9999-12-31
DPM_BAS_CPS_CPZ_MCG_MCY_MCP_PUR_APL,TYP_INSTRMNT_GNRTS_ACCNTNG_ITM,false,1999-01-01,9999-12-31
DPM_BAS_CPS_CPZ_MCG_MCY_MCP_PUR_APL,ITM_GNRTS_ACCNTNG_ITM,false,1999-01-01,9999-12-31
DPM_BAS_CPS_CPZ_MCG_MCY_MCP_PUR_APL,HLD_TRDNG_INDCTR,false,1999-01-01,9999-12-31
DPM_BAS_CPS_CPZ_MCG_MCY_MCP_PUR_APL,HLD_MTRTY_INDCTR,false,1999-01-01,9999-12-31
DPM_BAS_CPS_CPZ_MCG_MCY_MCP_PUR_APL,ACCNTNG_PRTFL_VLTN_RL,false,1999-01-01,9999-12-31
DPM_BAS_CPS_CPZ_MCG_MCY_MCP_PUR_APL,ACCNTNG_FRMWRK,false,1999-01-01,9999-12-31
DPM_BAS_CPS_MCY_APL,EBA_CPS,true,1999-01-01,9999-12-31
DPM_BAS_CPS_CPZ_MCG_MCY_MCP_PUR_APL,EBA_MCP,true,1999-01-01,9999-12-31
DPM_BAS_CPS_CPZ_MCG_MCY_MCP_PUR_APL,EBA_APL,true,1999-01-01,9999-12-31
DPM_BAS_CPS_CPZ_MCG_MCY_MCP_PUR_APL,EBA_CPS,true,1999-01-01,9999-12-31
DPM_BAS_CPS_CPZ_MCG_MCY_MCP_PUR_APL,EBA_CPZ,true,1999-01-01,9999-12-31
DPM_BAS_CPS_CPZ_MCG_MCY_MCP_PUR_APL,EBA_MCG,true,1999-01-01,9999-12-31
DPM_BAS_CPS_CPZ_MCG_MCY_MCP_PUR_APL,EBA_PUR,true,1999-01-01,9999-12-31
DPM_BAS_CPS_CPZ_MCG_MCY_MCP_PUR_APL,TYP_ACCNTNG_ITM,false,1999-01-01,9999-12-31
DPM_BAS_CPS_CPZ_MCG_MCY_MCP_PUR_APL,ACCNTNG_CLSSFCTN,false,1999-01-01,9999-12-31
DPM_BAS_CPS_CPZ_MCG_MCY_MCP_PUR_APL,HLD_SL_INDCTR,false,1999-01-01,9999-12-31
DPM_BAS_CPS_CPZ_MCG_MCY_MCP_PUR_APL,TYP_INSTRMNT,false,1999-01-01,9999-12-31
DPM_BAS_CPS_MCY_APL,EBA_MCY,true,1999-01-01,9999-12-31
DPM_BAS_CPS_MCY_APL,EBA_APL,true,1999-01-01,9999-12-31
DPM_BAS_CPS_MCY_APL,EBA_BAS,true,1999-01-01,9999-12-31
DPM_BAS_CPS_MCY_APL,INSTTTNL_SCTR,false,1999-01-01,9999-12-31
DPM_BAS_CPS_MCY_APL,MLTLTRL_DVLPMNT_BNK_INDCTR,false,1999-01-01,9999-12-31
DPM_md233,TTL_CMPRHNSV_INCM,false,1999-01-01,9999-12-31
DPM_md239,EBA_md239,true,1999-01-01,9999-12-31
DPM_md239,TRNSFRRD_INTL_CRRYNG_AMNT_HDGD,false,1999-01-01,9999-12-31
DPM_md240,EBA_md240,true,1999-01-01,9999-12-31
DPM_md240,TRNSFRD_TO_PRFT_LSS,false,1999-01-01,9999-12-31
DPM_md241,EBA_md241,true,1999-01-01,9999-12-31
DPM_md241,TRNSFR_AMNG_EQTY_CMPNNT,false,1999-01-01,9999-12-31
DPM_md242,EBA_md242,true,1999-01-01,9999-12-31
DPM_CPS_CPZ_MCB_MCG_MCY_PUR,PRTY_RL_TYP,false,1999-01-01,9999-12-31
DPM_CPS_CPZ_MCB_MCG_MCY_PUR,MN_DBTR_INDCTR,false,1999-01-01,9999-12-31
DPM_CPS_CPZ_MCB_MCG_MCY_PUR,ENTRPRS_SZ,false,1999-01-01,9999-12-31
DPM_CPS_CPZ_MCB_MCG_MCY_PUR,PRPS,false,1999-01-01,9999-12-31
DPM_CPS_CPZ_MCB_MCG_MCY_PUR,TYP_CLLTRL_GRNT_RCVD,false,1999-01-01,9999-12-31
DPM_CPS_CPZ_MCB_MCG_MCY_PUR,TYP_CLLTRL,false,1999-01-01,9999-12-31
DPM_FRS_IMS_PFS_TPD,EBA_IMS,true,1999-01-01,9999-12-31
DPM_FRS_IMS_PFS_TPD,EBA_PFS,true,1999-01-01,9999-12-31
DPM_FRS_IMS_PFS_TPD,EBA_TPD,true,1999-01-01,9999-12-31
DPM_FRS_IMS_PFS_TPD,EBA_FRS,true,1999-01-01,9999-12-31
DPM_FRS_IMS_PFS_TPD,IMPRMNT_STTS,false,1999-01-01,9999-12-31
DPM_FRS_IMS_PFS_TPD,PRFRMNG_STTS,false,1999-01-01,9999-12-31
DPM_FRS_IMS_PFS_TPD,TM_PST_DU,false,1999-01-01,9999-12-31
DPM_FRS_IMS_PFS_TPD,DFLT_STTS,false,1999-01-01,9999-12-31
DPM_FRS_IMS_PFS_TPD,ACCNTNG_FRMWRK,false,1999-01-01,9999-12-31
DPM_MCB,EBA_MCB,true,1999-01-01,9999-12-31
DPM_MCB,TYP_CLLTRL_GRNT_RCVD,false,1999-01-01,9999-12-31
DPM_MCB,UNDR_CNSTRCTN_INDCTR,false,1999-01-01,9999-12-31
DPM_MCB,PLNNNG_PRMSSN_INDCTR,false,1999-01-01,9999-12-31
DPM_FBS_F_19.00,EBA_FBS,true,1999-01-01,9999-12-31
DPM_FBS_F_19.00,FRBRNC_STTS,false,1999-01-01,9999-12-31
DPM_FBS_F_19.00,NN_PRFRMNG_PRR_FRBRNC_INDCTR,false,1999-01-01,9999-12-31
DPM_IMS_PFS,EBA_IMS,true,1999-01-01,9999-12-31
DPM_IMS_PFS,EBA_PFS,true,1999-01-01,9999-12-31
DPM_IMS_PFS,PRFRMNG_STTS,false,1999-01-01,9999-12-31
DPM_IMS_PFS,DFLT_STTS,false,1999-01-01,9999-12-31
DPM_IMS_PFS,IMPRMNT_STTS,false,1999-01-01,9999-12-31
DPM_IMS_PFS,PRFRMNG_STTS_RSN,false,1999-01-01,9999-12-31
DPM_CPS_CPZ_MCB_MCY_PUR,EBA_MCY,true,1999-01-01,9999-12-31
DPM_CPS_CPZ_MCB_MCY_PUR,EBA_MCB,true,1999-01-01,9999-12-31
DPM_CPS_CPZ_MCB_MCY_PUR,EBA_CPS,true,1999-01-01,9999-12-31
DPM_CPS_CPZ_MCB_MCY_PUR,EBA_CPZ,true,1999-01-01,9999-12-31
DPM_CPS_CPZ_MCB_MCY_PUR,EBA_PUR,true,1999-01-01,9999-12-31
DPM_CPS_CPZ_MCB_MCY_PUR,TYP_INSTRMNT,false,1999-01-01,9999-12-31
DPM_CPS_CPZ_MCB_MCY_PUR,NGTBL_SCRTY_INDCTR,false,1999-01-01,9999-12-31
DPM_BAS_CPS_MCY_APL,MN_DBTR_INDCTR,false,1999-01-01,9999-12-31
DPM_BAS_CPS_MCY_APL,TYP_INSTRMNT,false,1999-01-01,9999-12-31
DPM_BAS_CPS_MCY_APL,NGTBL_SCRTY_INDCTR,false,1999-01-01,9999-12-31
DPM_BAS_CPS_MCY_APL,ACCNTNG_CLSSFCTN,false,1999-01-01,9999-12-31
DPM_BAS_CPS_MCY_APL,TYP_ACCNTNG_ITM,false,1999-01-01,9999-12-31
DPM_BAS_CPS_MCY_APL,HLD_SL_INDCTR,false,1999-01-01,9999-12-31
DPM_BAS_CPS_MCY_APL,ITM_GNRTS_ACCNTNG_ITM,false,1999-01-01,9999-12-31
DPM_BAS_CPS_MCY_APL,HLD_TRDNG_INDCTR,false,1999-01-01,9999-12-31
DPM_BAS_CPS_MCY_APL,HLD_MTRTY_INDCTR,false,1999-01-01,9999-12-31
DPM_BAS_CPS_MCY_APL,ACCNTNG_PRTFL_VLTN_RL,false,1999-01-01,9999-12-31
DPM_BAS_CPS_MCY_APL,ACCNTNG_FRMWRK,false,1999-01-01,9999-12-31
DPM_BAS_CPS_MCY_APL,SBJCT_IMPRMNT_INDCTR,false,1999-01-01,9999-12-31
DPM_IMS_PFS_TPD,EBA_IMS,true,1999-01-01,9999-12-31
DPM_IMS_PFS_TPD,EBA_PFS,true,1999-01-01,9999-12-31
DPM_IMS_PFS_TPD,EBA_TPD,true,1999-01-01,9999-12-31
DPM_IMS_PFS_TPD,PRFRMNG_STTS,false,1999-01-01,9999-12-31
DPM_IMS_PFS_TPD,DFLT_STTS,false,1999-01-01,9999-12-31
DPM_IMS_PFS_TPD,IMPRMNT_STTS,false,1999-01-01,9999-12-31
DPM_IMS_PFS_TPD,TM_PST_DU,false,1999-01-01,9999-12-31
DPM_MCE_APL_RPR,EBA_MCE,true,1999-01-01,9999-12-31
DPM_MCE_APL_RPR,EBA_APL,true,1999-01-01,9999-12-31
DPM_MCE_APL_RPR,EBA_RPR,true,1999-01-01,9999-12-31
DPM_MCE_APL_RPR,RLTD_PRTS_RLTNSHPS,false,1999-01-01,9999-12-31
DPM_MCE_APL_RPR,ACCNTNG_CLSSFCTN,false,1999-01-01,9999-12-31
DPM_BAS_CPS_MCY_APL,PRTY_RL_TYP,false,1999-01-01,9999-12-31
DPM_MCE_APL_RPR,ITM_GNRTS_ACCNTNG_ITM,false,1999-01-01,9999-12-31
DPM_MCE_APL_RPR,ACCNTNG_PRTFL_VLTN_RL,false,1999-01-01,9999-12-31
DPM_MCE_APL_RPR,MSRMNT_MTHD,false,1999-01-01,9999-12-31
DPM_MCE_APL_RPR,ACCNTNG_FRMWRK,false,1999-01-01,9999-12-31
DPM_BAS_MCY_APL_RPR,EBA_MCY,true,1999-01-01,9999-12-31
DPM_BAS_MCY_APL_RPR,EBA_APL,true,1999-01-01,9999-12-31
DPM_BAS_MCY_APL_RPR,EBA_BAS,true,1999-01-01,9999-12-31
DPM_BAS_MCY_APL_RPR,EBA_RPR,true,1999-01-01,9999-12-31
DPM_BAS_MCY_APL_RPR,RLTD_PRTS_RLTNSHPS,false,1999-01-01,9999-12-31
DPM_BAS_MCY_APL_RPR,TYP_INSTRMNT,false,1999-01-01,9999-12-31
DPM_md242,TRNSFR_BTWN_ALLWNC,false,1999-01-01,9999-12-31
DPM_md249,EBA_md249,true,1999-01-01,9999-12-31
DPM_md249,FV_CHNG,false,1999-01-01,9999-12-31
DPM_md251,EBA_md251,true,1999-01-01,9999-12-31
DPM_md251,UNSD_AMNT_RVRSD_DRNG_PRD,false,1999-01-01,9999-12-31
DPM_md252,EBA_md252,true,1999-01-01,9999-12-31
DPM_md252,VLTN_GN_LSS_TKN_TO_EQTY,false,1999-01-01,9999-12-31
DPM_md254,EBA_md254,true,1999-01-01,9999-12-31
DPM_md254,VL_ADJSTMNT_RCRDD_INCM_STTMNT,false,1999-01-01,9999-12-31
DPM_md46,EBA_md46,true,1999-01-01,9999-12-31
DPM_md46,AMNT_USD,false,1999-01-01,9999-12-31
DPM_md509,EBA_md509,true,1999-01-01,9999-12-31
DPM_md509,INCRS_ALLWNC,false,1999-01-01,9999-12-31
DPM_md510,EBA_md510,true,1999-01-01,9999-12-31
DPM_md510,INCRS_ALLWNC_DRCGNTN,false,1999-01-01,9999-12-31
DPM_md511,EBA_md511,true,1999-01-01,9999-12-31
DPM_md511,CHNG_ALLWNC_CHNG_CR,false,1999-01-01,9999-12-31
DPM_md512,EBA_md512,true,1999-01-01,9999-12-31
DPM_md512,CHNG_ALLWNC_MDFCTN_WTHT_DRCGNT,false,1999-01-01,9999-12-31
DPM_md513,EBA_md513,true,1999-01-01,9999-12-31
DPM_md513,CHNG_ALLWNC_UPDT_MTHD_ESTMTN,false,1999-01-01,9999-12-31
DPM_md514,EBA_md514,true,1999-01-01,9999-12-31
DPM_md514,DCRS_ALLWNC_WRT_OFF,false,1999-01-01,9999-12-31
DPM_md515,EBA_md515,true,1999-01-01,9999-12-31
DPM_md515,OTHR_ALLWNC_ADJSTMNT,false,1999-01-01,9999-12-31
DPM_md516,EBA_md516,true,1999-01-01,9999-12-31
DPM_md516,AMNT_WRTTN_OFF_STTMNT_PRFT_LSS,false,1999-01-01,9999-12-31
DPM_md59,EBA_md59,true,1999-01-01,9999-12-31
DPM_md59,BNFT_PD,false,1999-01-01,9999-12-31
DPM_md60,EBA_md60,true,1999-01-01,9999-12-31
DPM_md60,BSNSS_CMBNTN_DVSTTR,false,1999-01-01,9999-12-31
DPM_md62,EBA_md62,true,1999-01-01,9999-12-31
DPM_md62,CPTL_RDCTN,false,1999-01-01,9999-12-31
DPM_md67,EBA_md67,true,1999-01-01,9999-12-31
DPM_md67,CRRYNG_AMNT_CLLTRL_OBTND_PRD,false,1999-01-01,9999-12-31
DPM_md69,EBA_md69,true,1999-01-01,9999-12-31
DPM_md69,OTHR_DFND_BNFT_OBLGTN_CHNG,false,1999-01-01,9999-12-31
DPM_md70,EBA_md70,true,1999-01-01,9999-12-31
DPM_CPS_CPZ_MCB_MCY_PUR,RPYMNT_RGHTS,false,1999-01-01,9999-12-31
DPM_CPS_CPZ_MCB_MCY_PUR,INSTTTNL_SCTR,false,1999-01-01,9999-12-31
DPM_CPS_CPZ_MCB_MCY_PUR,MLTLTRL_DVLPMNT_BNK_INDCTR,false,1999-01-01,9999-12-31
DPM_CPS_CPZ_MCB_MCY_PUR,PRTY_RL_TYP,false,1999-01-01,9999-12-31
DPM_CPS_CPZ_MCB_MCY_PUR,MN_DBTR_INDCTR,false,1999-01-01,9999-12-31
DPM_CPS_CPZ_MCB_MCY_PUR,ENTRPRS_SZ,false,1999-01-01,9999-12-31
DPM_CPS_CPZ_MCB_MCY_PUR,PRPS,false,1999-01-01,9999-12-31
DPM_CPS_MCB_MCU_MCY,EBA_MCY,true,1999-01-01,9999-12-31
DPM_CPS_MCB_MCU_MCY,EBA_MCB,true,1999-01-01,9999-12-31
DPM_CPS_MCB_MCU_MCY,EBA_MCU,true,1999-01-01,9999-12-31
DPM_CPS_MCB_MCU_MCY,EBA_CPS,true,1999-01-01,9999-12-31
DPM_CPS_MCB_MCU_MCY,INSTTTNL_SCTR,false,1999-01-01,9999-12-31
DPM_CPS_MCB_MCU_MCY,MLTLTRL_DVLPMNT_BNK_INDCTR,false,1999-01-01,9999-12-31
DPM_CPS_MCB_MCU_MCY,PRTY_RL_TYP,false,1999-01-01,9999-12-31
DPM_CPS_MCB_MCU_MCY,MN_DBTR_INDCTR,false,1999-01-01,9999-12-31
DPM_CPS_MCB_MCU_MCY,SHRT_PSTN_INDCTR,false,1999-01-01,9999-12-31
DPM_CPS_MCB_MCU_MCY,TYP_INSTRMNT,false,1999-01-01,9999-12-31
DPM_CPS_MCB_MCU_MCY,NGTBL_SCRTY_INDCTR,false,1999-01-01,9999-12-31
DPM_BAS_CPS_CPZ_MCB_MCG_MCY_MCP_PUR_APL,EBA_BAS,true,1999-01-01,9999-12-31
DPM_BAS_CPS_CPZ_MCB_MCG_MCY_MCP_PUR_APL,EBA_MCY,true,1999-01-01,9999-12-31
DPM_BAS_CPS_CPZ_MCB_MCG_MCY_MCP_PUR_APL,EBA_MCP,true,1999-01-01,9999-12-31
DPM_BAS_CPS_CPZ_MCB_MCG_MCY_MCP_PUR_APL,EBA_APL,true,1999-01-01,9999-12-31
DPM_BAS_CPS_CPZ_MCB_MCG_MCY_MCP_PUR_APL,EBA_CPS,true,1999-01-01,9999-12-31
DPM_BAS_CPS_CPZ_MCB_MCG_MCY_MCP_PUR_APL,EBA_CPZ,true,1999-01-01,9999-12-31
DPM_BAS_CPS_CPZ_MCB_MCG_MCY_MCP_PUR_APL,EBA_MCG,true,1999-01-01,9999-12-31
DPM_BAS_CPS_CPZ_MCB_MCG_MCY_MCP_PUR_APL,EBA_PUR,true,1999-01-01,9999-12-31
DPM_BAS_CPS_CPZ_MCB_MCG_MCY_MCP_PUR_APL,EBA_MCB,true,1999-01-01,9999-12-31
DPM_BAS_CPS_CPZ_MCB_MCG_MCY_MCP_PUR_APL,TYP_ACCNTNG_ITM,false,1999-01-01,9999-12-31
DPM_BAS_CPS_CPZ_MCB_MCG_MCY_MCP_PUR_APL,ACCNTNG_CLSSFCTN,false,1999-01-01,9999-12-31
DPM_BAS_CPS_CPZ_MCB_MCG_MCY_MCP_PUR_APL,HLD_SL_INDCTR,false,1999-01-01,9999-12-31
DPM_BAS_CPS_CPZ_MCB_MCG_MCY_MCP_PUR_APL,TYP_INSTRMNT,false,1999-01-01,9999-12-31
DPM_BAS_CPS_CPZ_MCB_MCG_MCY_MCP_PUR_APL,NGTBL_SCRTY_INDCTR,false,1999-01-01,9999-12-31
DPM_BAS_MCY_APL_RPR,NGTBL_SCRTY_INDCTR,false,1999-01-01,9999-12-31
DPM_BAS_MCY_APL_RPR,ACCNTNG_CLSSFCTN,false,1999-01-01,9999-12-31
DPM_BAS_MCY_APL_RPR,TYP_ACCNTNG_ITM,false,1999-01-01,9999-12-31
DPM_BAS_MCY_APL_RPR,ACCNTNG_PRTFL_VLTN_RL,false,1999-01-01,9999-12-31
DPM_BAS_MCY_APL_RPR,MSRMNT_MTHD,false,1999-01-01,9999-12-31
DPM_BAS_MCY_APL_RPR,ACCNTNG_FRMWRK,false,1999-01-01,9999-12-31
DPM_md70,EQTY_FRM_BSNSS_CMBNTN_CHNG,false,1999-01-01,9999-12-31
DPM_md71,EBA_md71,true,1999-01-01,9999-12-31
DPM_md71,EQTY_FRM_SHR_BSD_PYMNT_CHNG,false,1999-01-01,9999-12-31
DPM_md72,EBA_md72,true,1999-01-01,9999-12-31
DPM_md72,OTHR_CHNG_EQTY,false,1999-01-01,9999-12-31
DPM_md73,EBA_md73,true,1999-01-01,9999-12-31
DPM_md73,OTHR_CHNG_PRVSN,false,1999-01-01,9999-12-31
DPM_md83,EBA_md83,true,1999-01-01,9999-12-31
DPM_md83,CNTRBTN_PD_PLN_PRTCPNT,false,1999-01-01,9999-12-31
DPM_md85,EBA_md85,true,1999-01-01,9999-12-31
DPM_md85,CNVRSN_DBT_EQTY,false,1999-01-01,9999-12-31
DPM_pi221,EBA_pi221,true,1999-01-01,9999-12-31
DPM_pi221,ACCMLTD_EQT_INTRST,false,1999-01-01,9999-12-31
DPM_pi223,EBA_pi223,true,1999-01-01,9999-12-31
DPM_pi223,VTNG_RGHT,false,1999-01-01,9999-12-31
DPM_si168,EBA_si168,true,1999-01-01,9999-12-31
DPM_si168,NM_ENTTY,false,1999-01-01,9999-12-31
DPM_si169,EBA_si169,true,1999-01-01,9999-12-31
DPM_si169,HLDNG_ENTTY_NM,false,1999-01-01,9999-12-31
DPM_si288,EBA_si288,true,1999-01-01,9999-12-31
DPM_si288,LEI,false,1999-01-01,9999-12-31
DPM_si289,EBA_si289,true,1999-01-01,9999-12-31
DPM_si289,ENTTY_CD,false,1999-01-01,9999-12-31
DPM_si299,EBA_si299,true,1999-01-01,9999-12-31
DPM_si299,HLDNG_CMPNY_LEI,false,1999-01-01,9999-12-31
DPM_ei138,EBA_ei138,true,1999-01-01,9999-12-31
DPM_ei138,GRP_STRCTR_RLTNSHP,false,1999-01-01,9999-12-31
DPM_ei152,EBA_ei152,true,1999-01-01,9999-12-31
DPM_ei152,CNTRY,false,1999-01-01,9999-12-31
DPM_ei218,EBA_ei218,true,1999-01-01,9999-12-31
DPM_ei218,ECNMC_ACTVTY_INVST,false,1999-01-01,9999-12-31
DPM_ei219,EBA_ei219,true,1999-01-01,9999-12-31
DPM_ei219,INSTTTNL_SCTR,false,1999-01-01,9999-12-31
DPM_ei364,EBA_ei364,true,1999-01-01,9999-12-31
DPM_ei364,TYP_ACCNTNG_CNSLDTN,false,1999-01-01,9999-12-31
DPM_ei365,EBA_ei365,true,1999-01-01,9999-12-31
DPM_ei365,TYP_PRDNTL_CNSLDTN,false,1999-01-01,9999-12-31
DPM_BAS_CPS_CPZ_MCB_MCG_MCY_MCP_PUR_APL,RPYMNT_RGHTS,false,1999-01-01,9999-12-31
DPM_BAS_CPS_CPZ_MCB_MCG_MCY_MCP_PUR_APL,INSTTTNL_SCTR,false,1999-01-01,9999-12-31
DPM_BAS_CPS_CPZ_MCB_MCG_MCY_MCP_PUR_APL,MLTLTRL_DVLPMNT_BNK_INDCTR,false,1999-01-01,9999-12-31
DPM_BAS_CPS_CPZ_MCB_MCG_MCY_MCP_PUR_APL,PRTY_RL_TYP,false,1999-01-01,9999-12-31
DPM_BAS_CPS_CPZ_MCB_MCG_MCY_MCP_PUR_APL,MN_DBTR_INDCTR,false,1999-01-01,9999-12-31
DPM_BAS_CPS_CPZ_MCB_MCG_MCY_MCP_PUR_APL,ENTRPRS_SZ,false,1999-01-01,9999-12-31
DPM_BAS_CPS_CPZ_MCB_MCG_MCY_MCP_PUR_APL,PRPS,false,1999-01-01,9999-12-31
DPM_BAS_CPS_CPZ_MCB_MCG_MCY_MCP_PUR_APL,TYP_CLLTRL_GRNT_RCVD,false,1999-01-01,9999-12-31
DPM_BAS_CPS_CPZ_MCB_MCG_MCY_MCP_PUR_APL,TYP_INSTRMNT_GNRTS_ACCNTNG_ITM,false,1999-01-01,9999-12-31
DPM_BAS_CPS_CPZ_MCB_MCG_MCY_MCP_PUR_APL,ITM_GNRTS_ACCNTNG_ITM,false,1999-01-01,9999-12-31
DPM_BAS_CPS_CPZ_MCB_MCG_MCY_MCP_PUR_APL,HLD_TRDNG_INDCTR,false,1999-01-01,9999-12-31
DPM_BAS_CPS_CPZ_MCB_MCG_MCY_MCP_PUR_APL,HLD_MTRTY_INDCTR,false,1999-01-01,9999-12-31
DPM_BAS_CPS_CPZ_MCB_MCG_MCY_MCP_PUR_APL,ACCNTNG_PRTFL_VLTN_RL,false,1999-01-01,9999-12-31
DPM_BAS_CPS_CPZ_MCB_MCG_MCY_MCP_PUR_APL,SBJCT_IMPRMNT_INDCTR,false,1999-01-01,9999-12-31
DPM_IMS_PFS_TPD_2.9,EBA_IMS,true,1999-01-01,9999-12-31
DPM_IMS_PFS_TPD_2.9,EBA_PFS,true,1999-01-01,9999-12-31
DPM_IMS_PFS_TPD_2.9,EBA_TPD,true,1999-01-01,9999-12-31
DPM_IMS_PFS_TPD_2.9,IMPRMNT_STTS,false,1999-01-01,9999-12-31
DPM_IMS_PFS_TPD_2.9,PRFRMNG_STTS,false,1999-01-01,9999-12-31
DPM_IMS_PFS_TPD_2.9,TM_PST_DU,false,1999-01-01,9999-12-31
DPM_IMS_PFS_TPD_2.9,ACCNTNG_FRMWRK,false,1999-01-01,9999-12-31
DPM_PAF,EBA_PAF,true,1999-01-01,9999-12-31
DPM_PAF,APPLCTN_FRBRNC_STTS_DT,false,1999-01-01,9999-12-31
DPM_TFM,EBA_TFM,true,1999-01-01,9999-12-31
DPM_TFM,FRBRNC_MSR_TYP,false,1999-01-01,9999-12-31
DPM_FRS,EBA_FRS,true,1999-01-01,9999-12-31
DPM_FRS,OFF_BLNC_SHT_ACCNTNG_CLSSFCTN,false,1999-01-01,9999-12-31
DPM_MCP,EBA_MCP,true,1999-01-01,9999-12-31
DPM_MCP,TYP_INSTRMNT_GNRTS_ACCNTNG_ITM,false,1999-01-01,9999-12-31
DPM_MCP,ITM_GNRTS_ACCNTNG_ITM,false,1999-01-01,9999-12-31
DPM_ALO,EBA_ALO,true,1999-01-01,9999-12-31
DPM_ALO,IMPRMNT_ASSSSMNT_MTHD,false,1999-01-01,9999-12-31
DPM_RCP,EBA_RCP,true,1999-01-01,9999-12-31
DPM_di113,EBA_di113,true,1999-01-01,9999-12-31
DPM_di113,DT_ENTRY,false,1999-01-01,9999-12-31
DPM_mi772,EBA_mi772,true,1999-01-01,9999-12-31
DPM_mi772,GN_LSS_DRCGNTN,false,1999-01-01,9999-12-31
DPM_md677,EBA_md677,true,1999-01-01,9999-12-31
DPM_md677,GRSS_CRRYNG_AMNT_CLLTRL_OBTND_PRD,false,1999-01-01,9999-12-31
DPM_md771,EBA_md771,true,1999-01-01,9999-12-31
DPM_md771,ACCMLTD_CHNG_NGTV_CLLTRL_OBTND_PRD,false,1999-01-01,9999-12-31
DPM_mi679,EBA_mi679,true,1999-01-01,9999-12-31
DPM_mi679,GRSS_CRRYNG_AMNT_CLLTRL_OBTND,false,1999-01-01,9999-12-31
DPM_mi678,EBA_mi678,true,1999-01-01,9999-12-31
DPM_mi678,ACCMLTD_CHNG_NGTV_CLLTRL_OBTND,false,1999-01-01,9999-12-31
DPM_mi66,EBA_mi66,true,1999-01-01,9999-12-31
DPM_mi66,CRRYNG_AMNT_CLLTRL_OBTND,false,1999-01-01,9999-12-31
DPM_md675,EBA_md675,true,1999-01-01,9999-12-31
DPM_md675,GRSS_CRRYNG_AMNT,false,1999-01-01,9999-12-31
DPM_ii676,EBA_ii676,true,1999-01-01,9999-12-31
DPM_ii676,INSTRMNT_NMBR,false,1999-01-01,9999-12-31
DPM_mi770,EBA_mi770,true,1999-01-01,9999-12-31
DPM_mi770,CLLTRL_VL_UNCPPD,false,1999-01-01,9999-12-31
DPM_md683,EBA_md683,true,1999-01-01,9999-12-31
DPM_md683,INCRS_IA_ANCFV_CR,false,1999-01-01,9999-12-31
DPM_md684,EBA_md684,true,1999-01-01,9999-12-31
DPM_md684,INCRS_IA_ANCFV_CR_ACCRD_INTRST,false,1999-01-01,9999-12-31
DPM_md685,EBA_md685,true,1999-01-01,9999-12-31
DPM_RCP,CNTRY,false,1999-01-01,9999-12-31
DPM_IMS_PFS_TPD_F_18.02,EBA_IMS,true,1999-01-01,9999-12-31
DPM_IMS_PFS_TPD_F_18.02,EBA_PFS,true,1999-01-01,9999-12-31
DPM_IMS_PFS_TPD_F_18.02,EBA_TPD,true,1999-01-01,9999-12-31
DPM_IMS_PFS_TPD_F_18.02,PRFRMNG_STTS,false,1999-01-01,9999-12-31
DPM_IMS_PFS_TPD_F_18.02,DFLT_STTS,false,1999-01-01,9999-12-31
DPM_IMS_PFS_TPD_F_18.02,PRFRMNG_STTS_RSN,false,1999-01-01,9999-12-31
DPM_IMS_PFS_TPD_F_18.02,TM_PST_DU,false,1999-01-01,9999-12-31
DPM_PFS_F_26.00.b,EBA_PFS,true,1999-01-01,9999-12-31
DPM_PFS_F_26.00.b,PRFRMNG_STTS,false,1999-01-01,9999-12-31
DPM_PFS_F_26.00.b,PRFRMNG_STTS_RSN,false,1999-01-01,9999-12-31
DPM_CPS_MCE_TYH_IMS_APL,EBA_MCE,true,1999-01-01,9999-12-31
DPM_CPS_MCE_TYH_IMS_APL,EBA_APL,true,1999-01-01,9999-12-31
DPM_CPS_MCE_TYH_IMS_APL,EBA_CPS,true,1999-01-01,9999-12-31
DPM_CPS_MCE_TYH_IMS_APL,EBA_TYH,true,1999-01-01,9999-12-31
DPM_CPS_MCE_TYH_IMS_APL,EBA_IMS,true,1999-01-01,9999-12-31
DPM_CPS_MCE_TYH_IMS_APL,IMPRMNT_STTS,false,1999-01-01,9999-12-31
DPM_CPS_MCE_TYH_IMS_APL,TYP_HDG,false,1999-01-01,9999-12-31
DPM_CPS_MCE_TYH_IMS_APL,INSTTTNL_SCTR,false,1999-01-01,9999-12-31
DPM_CPS_MCE_TYH_IMS_APL,MLTLTRL_DVLPMNT_BNK_INDCTR,false,1999-01-01,9999-12-31
DPM_CPS_MCE_TYH_IMS_APL,PRTY_RL_TYP,false,1999-01-01,9999-12-31
DPM_CPS_MCE_TYH_IMS_APL,MN_DBTR_INDCTR,false,1999-01-01,9999-12-31
DPM_CPS_MCE_TYH_IMS_APL,ACCNTNG_CLSSFCTN,false,1999-01-01,9999-12-31
DPM_CPS_MCE_TYH_IMS_APL,ITM_GNRTS_ACCNTNG_ITM,false,1999-01-01,9999-12-31
DPM_CPS_MCE_TYH_IMS_APL,HLD_SL_INDCTR,false,1999-01-01,9999-12-31
DPM_CPS_MCE_TYH_IMS_APL,TYP_INSTRMNT_GNRTS_ACCNTNG_ITM,false,1999-01-01,9999-12-31
DPM_CPS_MCE_TYH_IMS_APL,NGTBL_SCRTY_INDCTR,false,1999-01-01,9999-12-31
DPM_CPS_MCE_TYH_IMS_APL,HLD_TRDNG_INDCTR,false,1999-01-01,9999-12-31
DPM_CPS_MCE_TYH_IMS_APL,HLD_MTRTY_INDCTR,false,1999-01-01,9999-12-31
DPM_CPS_MCE_TYH_IMS_APL,ACCNTNG_PRTFL_VLTN_RL,false,1999-01-01,9999-12-31
DPM_CPS_MCE_TYH_IMS_APL,ACCNTNG_FRMWRK,false,1999-01-01,9999-12-31
DPM_CPS_MCE_TYH_IMS_APL,SBJCT_IMPRMNT_INDCTR,false,1999-01-01,9999-12-31
DPM_TIS,EBA_TIS,true,1999-01-01,9999-12-31
DPM_TIS,TRNSFR_IMPRMNT_STGS,false,1999-01-01,9999-12-31
DPM_md685,DCRS_IA_ANCFV_CR,false,1999-01-01,9999-12-31
DPM_md686,EBA_md686,true,1999-01-01,9999-12-31
DPM_md686,DCRS_IA_ANCFV_CR_ACCRD_RVRSL,false,1999-01-01,9999-12-31
DPM_md687,EBA_md687,true,1999-01-01,9999-12-31
DPM_md687,DCRS_IA_ANCFV_CR_ACCRD_UNWNDNG,false,1999-01-01,9999-12-31
DPM_mi688,EBA_mi688,true,1999-01-01,9999-12-31
DPM_mi688,WRTFFS_DRNG_PRD,false,1999-01-01,9999-12-31
DPM_mi689,EBA_mi689,true,1999-01-01,9999-12-31
DPM_mi689,WRTFFS_DRNG_PRD_DBT_FRGVNSS,false,1999-01-01,9999-12-31
DPM_ri695,EBA_ri695,true,1999-01-01,9999-12-31
DPM_ri695,WGHTD_AVRG_TM_PST_DU,false,1999-01-01,9999-12-31
DPM_mi696,EBA_mi696,true,1999-01-01,9999-12-31
DPM_mi696,NT_CMLTD_RCVRS_LTGTN_DRNG_PRD,false,1999-01-01,9999-12-31
DPM_mi697,EBA_mi697,true,1999-01-01,9999-12-31
DPM_mi697,GCA_EXPSR_DRCGNSD_LTGTN,false,1999-01-01,9999-12-31
DPM_ri769,EBA_ri769,true,1999-01-01,9999-12-31
DPM_ri769,AVRG_DRTN_LTGTN_DRNG_PRD,false,1999-01-01,9999-12-31
DPM_ii699,EBA_ii699,true,1999-01-01,9999-12-31
DPM_ii699,STFF_NMBR,false,1999-01-01,9999-12-31
DPM_mi690,EBA_mi690,true,1999-01-01,9999-12-31
DPM_mi690,GCA_EXPSR_DRCGNSD_EXCHNG_CLLTRL,false,1999-01-01,9999-12-31
DPM_mi691,EBA_mi691,true,1999-01-01,9999-12-31
DPM_mi691,AI_ANCFV_CR_EXPSR_DRCGNSD_CLLTRL,false,1999-01-01,9999-12-31
DPM_mi692,EBA_mi692,true,1999-01-01,9999-12-31
DPM_CPS_MCY_TMA,EBA_MCY,true,1999-01-01,9999-12-31
DPM_CPS_MCY_TMA,EBA_CPS,true,1999-01-01,9999-12-31
DPM_CPS_MCY_TMA,EBA_TMA,true,1999-01-01,9999-12-31
DPM_CPS_MCY_TMA,INSTTTNL_SCTR,false,1999-01-01,9999-12-31
DPM_CPS_MCY_TMA,MLTLTRL_DVLPMNT_BNK_INDCTR,false,1999-01-01,9999-12-31
DPM_CPS_MCY_TMA,PRTY_RL_TYP,false,1999-01-01,9999-12-31
DPM_CPS_MCY_TMA,MN_DBTR_INDCTR,false,1999-01-01,9999-12-31
DPM_CPS_MCY_TMA,TYP_INSTRMNT,false,1999-01-01,9999-12-31
DPM_CPS_MCY_TMA,NGTBL_SCRTY_INDCTR,false,1999-01-01,9999-12-31
DPM_CPS_MCY_TMA,TYP_MRKT,false,1999-01-01,9999-12-31
DPM_mi692,CSH_CLLCTD_EXCHNG_SLD_CLLTRL,false,1999-01-01,9999-12-31
DPM_mi693,EBA_mi693,true,1999-01-01,9999-12-31
DPM_mi693,FV_INSTRMNT_RPLC_SLD_CLLTRL,false,1999-01-01,9999-12-31
DPM_ii694,EBA_ii694,true,1999-01-01,9999-12-31
DPM_ii694,CLLTRL_OBTND_TKNG_PSSSSN_NMBR,false,1999-01-01,9999-12-31
DPM_mi682,EBA_mi682,true,1999-01-01,9999-12-31
DPM_mi682,AMNT_CSH_EQVLNT_CLLCTD_NT_CSTS,false,1999-01-01,9999-12-31
DPM_si477,EBA_si477,true,1999-01-01,9999-12-31
DPM_si477,HLDNG_ENTTY_CD,false,1999-01-01,9999-12-31
DPM_si476,EBA_si476,true,1999-01-01,9999-12-31
DPM_si476,ENTTY_CD,false,1999-01-01,9999-12-31
DPM_si475,EBA_si475,true,1999-01-01,9999-12-31
DPM_si475,NM_ENTTY,false,1999-01-01,9999-12-31
DPM_BAS,EBA_BAS,true,1999-01-01,9999-12-31
DPM_BAS,TYP_ACCNTNG_ITM,false,1999-01-01,9999-12-31
DPM_ValueString,EBA_Value_String,true,1999-01-01,9999-12-31
DPM_ValueString,VALUE_STRING,false,1999-01-01,9999-12-31
DPM_BAS_APL,EBA_APL,true,1999-01-01,9999-12-31
DPM_BAS_APL,EBA_BAS,true,1999-01-01,9999-12-31
DPM_BAS_APL,ACCNTNG_CLSSFCTN,false,1999-01-01,9999-12-31
DPM_BAS_APL,TYP_ACCNTNG_ITM,false,1999-01-01,9999-12-31
DPM_BAS_APL,PRCHSD_ORGNTD_CRDT_IMPRD,false,1999-01-01,9999-12-31
DPM_BAS_APL,HLD_SL_INDCTR,false,1999-01-01,9999-12-31
DPM_BAS_APL,HLD_TRDNG_INDCTR,false,1999-01-01,9999-12-31
DPM_BAS_APL,HLD_MTRTY_INDCTR,false,1999-01-01,9999-12-31
DPM_BAS_APL,SBJCT_IMPRMNT_INDCTR,false,1999-01-01,9999-12-31
DPM_BAS_APL,ACCNTNG_PRTFL_VLTN_RL,false,1999-01-01,9999-12-31
DPM_BAS_APL,ACCNTNG_FRMWRK,false,1999-01-01,9999-12-31
DPM_CPS,EBA_CPS,true,1999-01-01,9999-12-31
DPM_CPS,INSTTTNL_SCTR,false,1999-01-01,9999-12-31
DPM_CPS,MLTLTRL_DVLPMNT_BNK_INDCTR,false,1999-01-01,9999-12-31
DPM_CPS,PRTY_RL_TYP,false,1999-01-01,9999-12-31
DPM_CPS,MN_DBTR_INDCTR,false,1999-01-01,9999-12-31
DPM_MCB_MCY,EBA_MCY,true,1999-01-01,9999-12-31
DPM_MCB_MCY,EBA_MCB,true,1999-01-01,9999-12-31
DPM_MCB_MCY,TYP_INSTRMNT,false,1999-01-01,9999-12-31
DPM_MCB_MCY,NGTBL_SCRTY_INDCTR,false,1999-01-01,9999-12-31
DPM_MCB_MCY,RPYMNT_RGHTS,false,1999-01-01,9999-12-31
DPM_MCB_MCY,PRJCT_FNNC_LN,false,1999-01-01,9999-12-31
DPM_MCG,EBA_MCG,true,1999-01-01,9999-12-31
DPM_MCG,TYP_CLLTRL_GRNT_RCVD,false,1999-01-01,9999-12-31
DPM_MCG,TYP_CLLTRL,false,1999-01-01,9999-12-31
DPM_PUR,EBA_PUR,true,1999-01-01,9999-12-31
DPM_PUR,PRPS,false,1999-01-01,9999-12-31
DPM_CPS_CPZ,EBA_CPS,true,1999-01-01,9999-12-31
DPM_CPS_CPZ,EBA_CPZ,true,1999-01-01,9999-12-31
DPM_CPS_CPZ,INSTTTNL_SCTR,false,1999-01-01,9999-12-31
DPM_CPS_CPZ,MLTLTRL_DVLPMNT_BNK_INDCTR,false,1999-01-01,9999-12-31
DPM_CPS_CPZ,PRTY_RL_TYP,false,1999-01-01,9999-12-31
DPM_CPS_CPZ,MN_DBTR_INDCTR,false,1999-01-01,9999-12-31
DPM_CPS_CPZ,ENTRPRS_SZ,false,1999-01-01,9999-12-31
DPM_MCB_MCY_2.9,EBA_MCY,true,1999-01-01,9999-12-31
DPM_MCB_MCY_2.9,EBA_MCB,true,1999-01-01,9999-12-31
DPM_MCB_MCY_2.9,TYP_INSTRMNT,false,1999-01-01,9999-12-31
DPM_MCB_MCY_2.9,NGTBL_SCRTY_INDCTR,false,1999-01-01,9999-12-31
DPM_MCB_MCY_2.9,CMMRCL_RL_ESTT_LN_INDCTR,false,1999-01-01,9999-12-31
DPM_PFS,EBA_PFS,true,1999-01-01,9999-12-31
DPM_PFS,PRFRMNG_STTS,false,1999-01-01,9999-12-31
DPM_REF,EBA_REF,true,1999-01-01,9999-12-31
DPM_REF,DT_OPNNG_BLNC,false,1999-01-01,9999-12-31
DPM_FBS,EBA_FBS,true,1999-01-01,9999-12-31
DPM_FBS,FRBRNC_STTS,false,1999-01-01,9999-12-31
DPM_MCB_MCY_MCG,EBA_MCY,true,1999-01-01,9999-12-31
DPM_MCB_MCY_MCG,EBA_MCG,true,1999-01-01,9999-12-31
DPM_MCB_MCY_MCG,EBA_MCB,true,1999-01-01,9999-12-31
DPM_MCB_MCY_MCG,TYP_INSTRMNT,false,1999-01-01,9999-12-31
DPM_MCB_MCY_MCG,NGTBL_SCRTY_INDCTR,false,1999-01-01,9999-12-31
DPM_MCB_MCY_MCG,CMMRCL_RL_ESTT_LN_INDCTR,false,1999-01-01,9999-12-31
DPM_MCB_MCY_MCG,TYP_CLLTRL_GRNT_RCVD,false,1999-01-01,9999-12-31
DPM_MCB_MCY_MCG,TYP_CLLTRL,false,1999-01-01,9999-12-31
DPM_PFS_TPD,EBA_PFS,true,1999-01-01,9999-12-31
DPM_PFS_TPD,EBA_TPD,true,1999-01-01,9999-12-31
DPM_PFS_TPD,PRFRMNG_STTS,false,1999-01-01,9999-12-31
DPM_PFS_TPD,TM_PST_DU,false,1999-01-01,9999-12-31
DPM_FLW,EBA_FLW,true,1999-01-01,9999-12-31
DPM_FLW,FLW_DRCTN,false,1999-01-01,9999-12-31
DPM_CPS_CPZ_MCC_MCG_MCY_PUR,EBA_MCC,true,1999-01-01,9999-12-31
DPM_CPS_CPZ_MCC_MCG_MCY_PUR,EBA_MCY,true,1999-01-01,9999-12-31
DPM_CPS_CPZ_MCC_MCG_MCY_PUR,EBA_CPS,true,1999-01-01,9999-12-31
DPM_CPS_CPZ_MCC_MCG_MCY_PUR,EBA_MCG,true,1999-01-01,9999-12-31
DPM_CPS_CPZ_MCC_MCG_MCY_PUR,EBA_PUR,true,1999-01-01,9999-12-31
DPM_CPS_CPZ_MCC_MCG_MCY_PUR,EBA_CPZ,true,1999-01-01,9999-12-31
DPM_CPS_CPZ_MCC_MCG_MCY_PUR,TYP_INSTRMNT,false,1999-01-01,9999-12-31
DPM_CPS_CPZ_MCC_MCG_MCY_PUR,NGTBL_SCRTY_INDCTR,false,1999-01-01,9999-12-31
DPM_CPS_CPZ_MCC_MCG_MCY_PUR,INSTTTNL_SCTR,false,1999-01-01,9999-12-31
DPM_CPS_CPZ_MCC_MCG_MCY_PUR,MLTLTRL_DVLPMNT_BNK_INDCTR,false,1999-01-01,9999-12-31
DPM_CPS_CPZ_MCC_MCG_MCY_PUR,PRTY_RL_TYP,false,1999-01-01,9999-12-31
DPM_CPS_CPZ_MCC_MCG_MCY_PUR,MN_DBTR_INDCTR,false,1999-01-01,9999-12-31
DPM_CPS_CPZ_MCC_MCG_MCY_PUR,ENTRPRS_SZ,false,1999-01-01,9999-12-31
DPM_CPS_CPZ_MCC_MCG_MCY_PUR,PRPS,false,1999-01-01,9999-12-31
DPM_CPS_MCP,ITM_GNRTS_ACCNTNG_ITM,false,1999-01-01,9999-12-31
DPM_BAS_MCP_MCY,EBA_BAS,true,1999-01-01,9999-12-31
DPM_BAS_MCP_MCY,EBA_MCY,true,1999-01-01,9999-12-31
DPM_BAS_MCP_MCY,EBA_MCP,true,1999-01-01,9999-12-31
DPM_BAS_MCP_MCY,TYP_ACCNTNG_ITM,false,1999-01-01,9999-12-31
DPM_BAS_MCP_MCY,TYP_INSTRMNT,false,1999-01-01,9999-12-31
DPM_BAS_MCP_MCY,NGTBL_SCRTY_INDCTR,false,1999-01-01,9999-12-31
DPM_BAS_MCP_MCY,ITM_GNRTS_ACCNTNG_ITM,false,1999-01-01,9999-12-31
DPM_BAS_MCP_MCY,TYP_INSTRMNT_GNRTS_ACCNTNG_ITM,false,1999-01-01,9999-12-31
DPM_BAS_MCP_MCY,SHRT_PSTN_INDCTR,false,1999-01-01,9999-12-31
DPM_BAS_MDC_MCP_MCY_RPR,EBA_BAS,true,1999-01-01,9999-12-31
DPM_BAS_MDC_MCP_MCY_RPR,EBA_MCY,true,1999-01-01,9999-12-31
DPM_BAS_MDC_MCP_MCY_RPR,EBA_MCP,true,1999-01-01,9999-12-31
DPM_BAS_MDC_MCP_MCY_RPR,EBA_MCD,true,1999-01-01,9999-12-31
DPM_BAS_MDC_MCP_MCY_RPR,EBA_RPR,true,1999-01-01,9999-12-31
DPM_BAS_MDC_MCP_MCY_RPR,TYP_ACCNTNG_ITM,false,1999-01-01,9999-12-31
DPM_BAS_MDC_MCP_MCY_RPR,TYP_INSTRMNT,false,1999-01-01,9999-12-31
DPM_BAS_MDC_MCP_MCY_RPR,NGTBL_SCRTY_INDCTR,false,1999-01-01,9999-12-31
DPM_BAS_MDC_MCP_MCY_RPR,TYP_DFND_BNFT_PLN_ASSTS,false,1999-01-01,9999-12-31
DPM_BAS_MDC_MCP_MCY_RPR,RLTD_PRTS_RLTNSHPS,false,1999-01-01,9999-12-31
DPM_TRI,EBA_TRI,true,1999-01-01,9999-12-31
DPM_TRI,TYP_RSK,false,1999-01-01,9999-12-31
DPM_LEC_1,EBA_LEC,true,1999-01-01,9999-12-31
DPM_LEC_1,ENTTY_CD,false,1999-01-01,9999-12-31
DPM_MCI,EBA_MCI,true,1999-01-01,9999-12-31
DPM_MCI,TYP_ACCNTNG_ITM_INVST,false,1999-01-01,9999-12-31
DPM_TMA,EBA_TMA,true,1999-01-01,9999-12-31
DPM_TMA,TYP_MRKT,false,1999-01-01,9999-12-31
DPM_CPS_MCY,EBA_MCY,true,1999-01-01,9999-12-31
DPM_CPS_MCY,EBA_CPS,true,1999-01-01,9999-12-31
DPM_CPS_MCY,INSTTTNL_SCTR,false,1999-01-01,9999-12-31
DPM_CPS_MCY,MLTLTRL_DVLPMNT_BNK_INDCTR,false,1999-01-01,9999-12-31
DPM_CPS_MCY,PRTY_RL_TYP,false,1999-01-01,9999-12-31
DPM_CPS_MCY,MN_DBTR_INDCTR,false,1999-01-01,9999-12-31
DPM_CPS_MCY,TYP_INSTRMNT,false,1999-01-01,9999-12-31
DPM_CPS_MCY,NGTBL_SCRTY_INDCTR,false,1999-01-01,9999-12-31
DPM_CPS_MCY,SHRT_PSTN_INDCTR,false,1999-01-01,9999-12-31
DPM_TYH,EBA_TYH,true,1999-01-01,9999-12-31
DPM_TYH,TYP_HDG,false,1999-01-01,9999-12-31
DPM_BAS_CNO_MCB_MCY_APL,EBA_MCY,true,1999-01-01,9999-12-31
DPM_BAS_CNO_MCB_MCY_APL,EBA_MCB,true,1999-01-01,9999-12-31
DPM_BAS_CNO_MCB_MCY_APL,EBA_APL,true,1999-01-01,9999-12-31
DPM_BAS_CNO_MCB_MCY_APL,EBA_BAS,true,1999-01-01,9999-12-31
DPM_BAS_CNO_MCB_MCY_APL,EBA_CNO,true,1999-01-01,9999-12-31
DPM_BAS_CNO_MCB_MCY_APL,IS_OWNR,false,1999-01-01,9999-12-31
DPM_BAS_CNO_MCB_MCY_APL,ACCNTNG_CLSSFCTN,false,1999-01-01,9999-12-31
DPM_BAS_CNO_MCB_MCY_APL,TYP_INSTRMNT,false,1999-01-01,9999-12-31
DPM_BAS_CNO_MCB_MCY_APL,NGTBL_SCRTY_INDCTR,false,1999-01-01,9999-12-31
DPM_BAS_CNO_MCB_MCY_APL,HLD_SL_INDCTR,false,1999-01-01,9999-12-31
DPM_BAS_CNO_MCB_MCY_APL,TYP_ACCNTNG_ITM,false,1999-01-01,9999-12-31
DPM_BAS_CNO_MCB_MCY_APL,SHRT_PSTN_INDCTR,false,1999-01-01,9999-12-31
DPM_BAS_CNO_MCB_MCY_APL,HLD_TRDNG_INDCTR,false,1999-01-01,9999-12-31
DPM_BAS_CNO_MCB_MCY_APL,HLD_MTRTY_INDCTR,false,1999-01-01,9999-12-31
DPM_BAS_CNO_MCB_MCY_APL,ACCNTNG_PRTFL_VLTN_RL,false,1999-01-01,9999-12-31
DPM_BAS_CNO_MCB_MCY_APL,ACCNTNG_FRMWRK,false,1999-01-01,9999-12-31
DPM_SCO,EBA_SCO,true,1999-01-01,9999-12-31
DPM_SCO,CNSLDTN_SCP,false,1999-01-01,9999-12-31
DPM_SOL,EBA_SOL,true,1999-01-01,9999-12-31
DPM_SOL,SBJCT_OPRTNG_LS_INDCTR,false,1999-01-01,9999-12-31
DPM_MCE_APL_PLD,EBA_MCE,true,1999-01-01,9999-12-31
DPM_MCE_APL_PLD,EBA_APL,true,1999-01-01,9999-12-31
DPM_MCE_APL_PLD,EBA_PLD,true,1999-01-01,9999-12-31
DPM_MCE_APL_PLD,FVO_DSGNTN,false,1999-01-01,9999-12-31
DPM_MCE_APL_PLD,ACCNTNG_CLSSFCTN,false,1999-01-01,9999-12-31
DPM_MCE_APL_PLD,HLD_SL_INDCTR,false,1999-01-01,9999-12-31
DPM_MCE_APL_PLD,ITM_GNRTS_ACCNTNG_ITM,false,1999-01-01,9999-12-31
DPM_MCE_APL_PLD,TYP_INSTRMNT_GNRTS_ACCNTNG_ITM,false,1999-01-01,9999-12-31
DPM_MCE_APL_PLD,NGTBL_SCRTY_INDCTR,false,1999-01-01,9999-12-31
DPM_MCE_APL_PLD,HLD_TRDNG_INDCTR,false,1999-01-01,9999-12-31
DPM_MCE_APL_PLD,HLD_MTRTY_INDCTR,false,1999-01-01,9999-12-31
DPM_MCE_APL_PLD,ACCNTNG_PRTFL_VLTN_RL,false,1999-01-01,9999-12-31
DPM_MCE_APL_PLD,ACCNTNG_FRMWRK,false,1999-01-01,9999-12-31
DPM_MCE_APL_PLD,SBJCT_IMPRMNT_INDCTR,false,1999-01-01,9999-12-31
DPM_ATY_FINREP,EBA_ATY,true,1999-01-01,9999-12-31
DPM_ATY_FINREP,MTRCS,false,1999-01-01,9999-12-31
DPM_BAS_EXC_MCY_AE_F32.04.b,TYP_INSTRMNT_RL,false,1999-01-01,9999-12-31
DPM_BAS_EXC_MCY_AE_F32.04.b,AE_ITM_TYP_INSTRMNT,false,1999-01-01,9999-12-31
DPM_BAS_EXC_MCY_AE_F32.04.b,CLLTRL_RS_INDCTR,false,1999-01-01,9999-12-31
DPM_BAS_EXC_MCY_AE_F32.04.b,CLLTRL_INSTRMNT_RS_INDCTR,false,1999-01-01,9999-12-31
DPM_LQC_AE_F36.02.c,EBA_LQC,true,1999-01-01,9999-12-31
DPM_LQC_AE_F36.02.c,ELGBL_CNTRL_BNK_FNDNG,false,1999-01-01,9999-12-31
DPM_LQC_AE_F32.02.a,EBA_LQC,true,1999-01-01,9999-12-31
DPM_LQC_AE_F32.02.a,ELGBL_CNTRL_BNK_FNDNG,false,1999-01-01,9999-12-31
DPM_LQC_AE_F32.02.a,HQLA_INDCTR,false,1999-01-01,9999-12-31
DPM_BAS_CPE_CPS_MCS_MCY_AE_F32.04.a,EBA_BAS,true,1999-01-01,9999-12-31
DPM_BAS_CPE_CPS_MCS_MCY_AE_F32.04.a,EBA_MCY,true,1999-01-01,9999-12-31
DPM_BAS_CPE_CPS_MCS_MCY_AE_F32.04.a,EBA_MCS,true,1999-01-01,9999-12-31
DPM_BAS_CPE_CPS_MCS_MCY_AE_F32.04.a,EBA_CPE,true,1999-01-01,9999-12-31
DPM_BAS_CPE_CPS_MCS_MCY_AE_F32.04.a,EBA_CPS,true,1999-01-01,9999-12-31
DPM_BAS_CPE_CPS_MCS_MCY_AE_F32.04.a,INSTTTNL_SCTR,false,1999-01-01,9999-12-31
DPM_BAS_CPE_CPS_MCS_MCY_AE_F32.04.a,PRTY_RL_TYP,false,1999-01-01,9999-12-31
DPM_BAS_CPE_CPS_MCS_MCY_AE_F32.04.a,TYP_ACCNTNG_ITM,false,1999-01-01,9999-12-31
DPM_BAS_CPE_CPS_MCS_MCY_AE_F32.04.a,TYP_INSTRMNT,false,1999-01-01,9999-12-31
DPM_BAS_CPE_CPS_MCS_MCY_AE_F32.04.a,NGTBL_SCRTY_INDCTR,false,1999-01-01,9999-12-31
DPM_TMA_AE_F32.04a,EBA_TMA,true,1999-01-01,9999-12-31
DPM_TMA_AE_F32.04a,TYP_MRKT,false,1999-01-01,9999-12-31
DPM_CPC_ECC_MCG_AE_F36.01.b,EBA_MCG,true,1999-01-01,9999-12-31
DPM_CPC_ECC_MCG_AE_F36.01.b,EBA_ECC,true,1999-01-01,9999-12-31
DPM_CPC_ECC_MCG_AE_F36.01.b,EBA_CPC,true,1999-01-01,9999-12-31
DPM_CPC_ECC_MCG_AE_F36.01.b,INSTTTNL_SCTR_CLLTRL,false,1999-01-01,9999-12-31
DPM_CPC_ECC_MCG_AE_F36.01.b,MLTLTRL_DVLPMNT_BNK_INDCTR,false,1999-01-01,9999-12-31
DPM_CPC_ECC_MCG_AE_F36.01.b,TYP_INSTRMNT_CLLTRL,false,1999-01-01,9999-12-31
DPM_CPC_ECC_MCG_AE_F36.01.b,NGTBL_SCRTY_INDCTR_CLLTRL,false,1999-01-01,9999-12-31
DPM_CPC_ECC_MCG_AE_F36.01.b,RPYMNT_RGHTS_CLLTRL,false,1999-01-01,9999-12-31
DPM_CPC_ECC_MCG_AE_F36.01.b,TYP_CLLTRL_CLLTRL_RCVD,false,1999-01-01,9999-12-31
DPM_RPR_AE_F36,EBA_RPR,true,1999-01-01,9999-12-31
DPM_RPR_AE_F36,RLTD_PRTS_RLTNSHPS_CLLTRL,false,1999-01-01,9999-12-31
DPM_SCC_AE,EBA_SCC,true,1999-01-01,9999-12-31
DPM_SCC_AE,RSDL_MTRTY_CNTRCT,false,1999-01-01,9999-12-31
DPM_CPC_ECC_MCG_AE_F36.02.b,EBA_MCG,true,1999-01-01,9999-12-31
DPM_CPC_ECC_MCG_AE_F36.02.b,EBA_ECC,true,1999-01-01,9999-12-31
DPM_CPC_ECC_MCG_AE_F36.02.b,EBA_CPC,true,1999-01-01,9999-12-31
DPM_CPC_ECC_MCG_AE_F36.02.b,INSTTTNL_SCTR_CLLTRL,false,1999-01-01,9999-12-31
DPM_CPC_ECC_MCG_AE_F36.02.b,MLTLTRL_DVLPMNT_BNK_INDCTR,false,1999-01-01,9999-12-31
DPM_CPC_ECC_MCG_AE_F36.02.b,MN_DBTR_INDCTR_CLLTRL,false,1999-01-01,9999-12-31
DPM_CPC_ECC_MCG_AE_F36.02.b,TYP_INSTRMNT_CLLTRL,false,1999-01-01,9999-12-31
DPM_CPC_ECC_MCG_AE_F36.02.b,NGTBL_SCRTY_INDCTR_CLLTRL,false,1999-01-01,9999-12-31
DPM_CPC_ECC_MCG_AE_F36.02.b,RPYMNT_RGHTS_CLLTRL,false,1999-01-01,9999-12-31
DPM_CPC_ECC_MCG_AE_F36.02.b,TYP_CLLTRL_CLLTRL_RCVD,false,1999-01-01,9999-12-31
DPM_CPC_ECC_MCG_AE_F36.02.b,AE_ITM_TYP_INSTRMNT,false,1999-01-01,9999-12-31
DPM_CPC_ECC_MCG_AE_F36.02.b,TYP_INSTRMNT_RL,false,1999-01-01,9999-12-31
DPM_REF_RES_AE_F35.00.a,EBA_REF,true,1999-01-01,9999-12-31
DPM_REF_RES_AE_F35.00.a,EBA_RES,true,1999-01-01,9999-12-31
DPM_REF_RES_AE_F35.00.a,TM_INTRVL_RFRNC_DT,false,1999-01-01,9999-12-31
DPM_BAS_MCY_SST_AE_F32.03.b,EBA_BAS,true,1999-01-01,9999-12-31
DPM_BAS_MCY_SST_AE_F32.03.b,EBA_MCY,true,1999-01-01,9999-12-31
DPM_BAS_MCY_SST_AE_F32.03.b,EBA_SST,true,1999-01-01,9999-12-31
DPM_BAS_MCY_SST_AE_F32.03.b,AE_ITM_TYP_INSTRMNT,false,1999-01-01,9999-12-31
DPM_BAS_MCY_SST_AE_F32.03.b,TYP_INSTRMNT,false,1999-01-01,9999-12-31
DPM_BAS_MCY_SST_AE_F32.03.b,NGTBL_SCRTY_INDCTR,false,1999-01-01,9999-12-31
DPM_BAS_MCY_SST_AE_F32.03.b,RTND_INSTRMNT,false,1999-01-01,9999-12-31
DPM_BAS_MCY_SST_AE_F32.03.b,SCRTY_RNK_LVL,false,1999-01-01,9999-12-31
DPM_ENC_AE_F32.02.a,EBA_ENC,true,1999-01-01,9999-12-31
DPM_ENC_AE_F32.02.a,ENCMBRD_ASST_INDCTR,false,1999-01-01,9999-12-31
DPM_ENC_AE_F32.02.a,AVLBL_ENCMBRNC,false,1999-01-01,9999-12-31
DPM_LQA_AE_F32.03.b,EBA_LQA,true,1999-01-01,9999-12-31
DPM_LQA_AE_F32.03.b,ELGBL_CNTRL_BNK_FNDNG,false,1999-01-01,9999-12-31
DPM_LQA_AE_F32.03.b,HQLA_INDCTR,false,1999-01-01,9999-12-31
DPM_BAS_CPS_EXC_MCY_AE_F36.01.a,EBA_BAS,true,1999-01-01,9999-12-31
DPM_BAS_CPS_EXC_MCY_AE_F36.01.a,EBA_CPS,true,1999-01-01,9999-12-31
DPM_BAS_CPS_EXC_MCY_AE_F36.01.a,EBA_EXC,true,1999-01-01,9999-12-31
DPM_BAS_CPS_EXC_MCY_AE_F36.01.a,EBA_MCY,true,1999-01-01,9999-12-31
DPM_BAS_CPS_EXC_MCY_AE_F36.01.a,INSTTTNL_SCTR,false,1999-01-01,9999-12-31
DPM_BAS_CPS_EXC_MCY_AE_F36.01.a,MLTLTRL_DVLPMNT_BNK_INDCTR,false,1999-01-01,9999-12-31
DPM_BAS_CPS_EXC_MCY_AE_F36.01.a,PRTY_RL_TYP,false,1999-01-01,9999-12-31
DPM_BAS_CPS_EXC_MCY_AE_F36.01.a,MN_DBTR_INDCTR,false,1999-01-01,9999-12-31
DPM_BAS_CPS_EXC_MCY_AE_F36.01.a,TYP_INSTRMNT,false,1999-01-01,9999-12-31
DPM_BAS_CPS_EXC_MCY_AE_F36.01.a,NGTBL_SCRTY_INDCTR,false,1999-01-01,9999-12-31
DPM_BAS_CPS_EXC_MCY_AE_F36.01.a,RPYMNT_RGHTS,false,1999-01-01,9999-12-31
DPM_BAS_CPS_EXC_MCY_AE_F36.01.a,AE_ITM_TYP_INSTRMNT,false,1999-01-01,9999-12-31
DPM_MCG_AE,EBA_MCG,true,1999-01-01,9999-12-31
DPM_MCG_AE,TYP_CLLTRL_GRNT_RCVD,false,1999-01-01,9999-12-31
DPM_LQA_AE_F36.01.c,EBA_LQA,true,1999-01-01,9999-12-31
DPM_LQA_AE_F36.01.c,ELGBL_CNTRL_BNK_FNDNG,false,1999-01-01,9999-12-31
DPM_CRA_AE,EBA_CRA,true,1999-01-01,9999-12-31
DPM_CRA_AE,CRDT_RTNG_AGNCY,false,1999-01-01,9999-12-31
DPM_CRA_AE,STTTRY_CVRD_BND_RGM,false,1999-01-01,9999-12-31
DPM_BAS_CRA_AE_F35.00.c,EBA_BAS,true,1999-01-01,9999-12-31
DPM_BAS_CRA_AE_F35.00.c,EBA_CRA,true,1999-01-01,9999-12-31
DPM_BAS_CRA_AE_F35.00.c,CRDT_RTNG_AGNCY,false,1999-01-01,9999-12-31
DPM_ValueDecimalString,EBA_Value_String,true,1999-01-01,9999-12-31
DPM_ValueDecimalString,VALUE_DECIMAL,false,1999-01-01,9999-12-31
DPM_ei4,ACCNTNG_FRMWRK,false,1999-01-01,9999-12-31
DPM_ei207,EBA_ei207,true,1999-01-01,9999-12-31
DPM_ei207,LVL_RPRTNG,false,1999-01-01,9999-12-31
DPM_BAS_CPS_EXC_MCG_MCY_AE_F32.01,EBA_BAS,true,1999-01-01,9999-12-31
DPM_BAS_CPS_EXC_MCG_MCY_AE_F32.01,EBA_EXC,true,1999-01-01,9999-12-31
DPM_ATY_AE,EBA_ATY,true,1999-01-01,9999-12-31
DPM_ATY_AE,MTRCS,false,1999-01-01,9999-12-31
DPM_mi53,EBA_mi53,true,1999-01-01,9999-12-31
DPM_mi53,CRRYNG_AMNT,false,1999-01-01,9999-12-31
DPM_mi129,EBA_mi129,true,1999-01-01,9999-12-31
DPM_mi129,FV,false,1999-01-01,9999-12-31
DPM_mi287,EBA_mi287,true,1999-01-01,9999-12-31
DPM_mi287,NMNL_AMNT,false,1999-01-01,9999-12-31
DPM_mi279,EBA_mi279,true,1999-01-01,9999-12-31
DPM_mi279,AMNT_ADDTNL_CLLTRL,false,1999-01-01,9999-12-31
DPM_mi296,EBA_mi296,true,1999-01-01,9999-12-31
DPM_mi296,PRSNT_VL,false,1999-01-01,9999-12-31
DPM_si292,EBA_mi292,true,1999-01-01,9999-12-31
DPM_si292,EXCSS_CVRG_ASST_SPCFC_VL,false,1999-01-01,9999-12-31
DPM_si295,EBA_mi295,true,1999-01-01,9999-12-31
DPM_si295,EXCSS_CVRG_NMNL_AMNT,false,1999-01-01,9999-12-31
DPM_si297,EBA_mi297,true,1999-01-01,9999-12-31
DPM_si297,EXCSS_CVRG_PRSNT_VL,false,1999-01-01,9999-12-31
DPM_ei4,EBA_ei4,true,1999-01-01,9999-12-31
DPM_BAS_CPS_EXC_MCG_MCY_AE_F32.01,EBA_MCG,true,1999-01-01,9999-12-31
DPM_BAS_CPS_EXC_MCG_MCY_AE_F32.01,EBA_MCY,true,1999-01-01,9999-12-31
DPM_RPR_AE,EBA_RPR,true,1999-01-01,9999-12-31
DPM_RPR_AE,RLTD_PRTS_RLTNSHPS,false,1999-01-01,9999-12-31
DPM_RiadCode,EBA_Riad_Code,true,1999-01-01,9999-12-31
DPM_RiadCode,ENTTY_RIAD_CD_RPRTNG_AGNT,false,1999-01-01,9999-12-31
DPM_Period,EBA_Reported_Period,true,1999-01-01,9999-12-31
DPM_Period,DT_RFRNC,false,1999-01-01,9999-12-31
DPM_Entity2,EBA_Entity_Id,true,1999-01-01,9999-12-31
DPM_Entity2,SUBA_CD,false,1999-01-01,9999-12-31
DPM_ValueDecimal,EBA_Value_Decimal,true,1999-01-01,9999-12-31
DPM_ValueDecimal,VALUE_DECIMAL,false,1999-01-01,9999-12-31
DPM_BAS_CPS_EXC_MCG_MCY_AE_F32.01,EBA_CPS,true,1999-01-01,9999-12-31
DPM_BAS_CPS_EXC_MCG_MCY_AE_F32.01,INSTTTNL_SCTR,false,1999-01-01,9999-12-31
DPM_BAS_CPS_EXC_MCG_MCY_AE_F32.01,MLTLTRL_DVLPMNT_BNK_INDCTR,false,1999-01-01,9999-12-31
DPM_BAS_CPS_EXC_MCG_MCY_AE_F32.01,PRTY_RL_TYP,false,1999-01-01,9999-12-31
DPM_BAS_CPS_EXC_MCG_MCY_AE_F32.01,MN_DBTR_INDCTR,false,1999-01-01,9999-12-31
DPM_BAS_CPS_EXC_MCG_MCY_AE_F32.01,TYP_INSTRMNT,false,1999-01-01,9999-12-31
DPM_BAS_CPS_EXC_MCG_MCY_AE_F32.01,NGTBL_SCRTY_INDCTR,false,1999-01-01,9999-12-31
DPM_BAS_CPS_EXC_MCG_MCY_AE_F32.01,RPYMNT_RGHTS,false,1999-01-01,9999-12-31
DPM_BAS_CPS_EXC_MCG_MCY_AE_F32.01,FDCRY,false,1999-01-01,9999-12-31
DPM_BAS_CPS_EXC_MCG_MCY_AE_F32.01,AE_ITM_TYP_INSTRMNT,false,1999-01-01,9999-12-31
DPM_BAS_CPS_EXC_MCG_MCY_AE_F32.01,TYP_CLLTRL_GRNT_RCVD,false,1999-01-01,9999-12-31
DPM_ENC_LQA_AE_F32.01,EBA_ENC,true,1999-01-01,9999-12-31
DPM_ENC_LQA_AE_F32.01,EBA_LQA,true,1999-01-01,9999-12-31
DPM_ENC_LQA_AE_F32.01,ENCMBRD_ASST_INDCTR,false,1999-01-01,9999-12-31
DPM_ENC_LQA_AE_F32.01,ELGBL_CNTRL_BNK_FNDNG,false,1999-01-01,9999-12-31
DPM_ENC_LQA_AE_F32.01,HQLA_INDCTR,false,1999-01-01,9999-12-31
DPM_BAS_MCG_MCY_AE_F33.00.a,EBA_BAS,true,1999-01-01,9999-12-31
DPM_BAS_MCG_MCY_AE_F33.00.a,EBA_MCY,true,1999-01-01,9999-12-31
DPM_BAS_MCG_MCY_AE_F33.00.a,EBA_MCG,true,1999-01-01,9999-12-31
DPM_BAS_MCG_MCY_AE_F33.00.a,AE_ITM_TYP_INSTRMNT,false,1999-01-01,9999-12-31
DPM_BAS_MCG_MCY_AE_F33.00.a,CLLTRL_RS_INDCTR,false,1999-01-01,9999-12-31
DPM_BAS_MCG_MCY_AE_F33.00.a,CLLTRL_INSTRMNT_RS_INDCTR,false,1999-01-01,9999-12-31
DPM_ENC_AE,EBA_ENC,true,1999-01-01,9999-12-31
DPM_ENC_AE,ENCMBRD_ASST_INDCTR,false,1999-01-01,9999-12-31
DPM_EUT_AE,EBA_EUT,true,1999-01-01,9999-12-31
DPM_EUT_AE,ASST_ENCMBRNC_RSDL_MTRTY_BND,false,1999-01-01,9999-12-31
DPM_BAS_CPC_ECC_EXC_MCG_MCY_AE_F32.02.a,EBA_BAS,true,1999-01-01,9999-12-31
DPM_BAS_CPC_ECC_EXC_MCG_MCY_AE_F32.02.a,EBA_ECC,true,1999-01-01,9999-12-31
DPM_BAS_CPC_ECC_EXC_MCG_MCY_AE_F32.02.a,EBA_EXC,true,1999-01-01,9999-12-31
DPM_BAS_CPC_ECC_EXC_MCG_MCY_AE_F32.02.a,EBA_MCG,true,1999-01-01,9999-12-31
DPM_BAS_CPC_ECC_EXC_MCG_MCY_AE_F32.02.a,EBA_MCY,true,1999-01-01,9999-12-31
DPM_BAS_CPC_ECC_EXC_MCG_MCY_AE_F32.02.a,EBA_CPC,true,1999-01-01,9999-12-31
DPM_BAS_CPC_ECC_EXC_MCG_MCY_AE_F32.02.a,INSTTTNL_SCTR,false,1999-01-01,9999-12-31
DPM_BAS_CPC_ECC_EXC_MCG_MCY_AE_F32.02.a,MLTLTRL_DVLPMNT_BNK_INDCTR,false,1999-01-01,9999-12-31
DPM_BAS_CPC_ECC_EXC_MCG_MCY_AE_F32.02.a,PRTY_RL_TYP,false,1999-01-01,9999-12-31
DPM_BAS_CPC_ECC_EXC_MCG_MCY_AE_F32.02.a,MN_DBTR_INDCTR,false,1999-01-01,9999-12-31
DPM_BAS_CPC_ECC_EXC_MCG_MCY_AE_F32.02.a,TYP_INSTRMNT,false,1999-01-01,9999-12-31
DPM_BAS_CPC_ECC_EXC_MCG_MCY_AE_F32.02.a,NGTBL_SCRTY_INDCTR,false,1999-01-01,9999-12-31
DPM_BAS_CPC_ECC_EXC_MCG_MCY_AE_F32.02.a,RPYMNT_RGHTS,false,1999-01-01,9999-12-31
DPM_BAS_CPC_ECC_EXC_MCG_MCY_AE_F32.02.a,TYP_INSTRMNT_RL,false,1999-01-01,9999-12-31
DPM_BAS_CPC_ECC_EXC_MCG_MCY_AE_F32.02.a,AE_ITM_TYP_INSTRMNT,false,1999-01-01,9999-12-31
DPM_BAS_CPC_ECC_EXC_MCG_MCY_AE_F32.02.a,TYP_CLLTRL_GRNT_RCVD,false,1999-01-01,9999-12-31
DPM_TMA_AE_F32.04b,EBA_TMA,true,1999-01-01,9999-12-31
DPM_TMA_AE_F32.04b,TYP_MRKT_SRC_ENCMBRNC,false,1999-01-01,9999-12-31
DPM_CPE_MCS_AE_F32.04.b,EBA_CPE,true,1999-01-01,9999-12-31
DPM_CPE_MCS_AE_F32.04.b,EBA_MCS,true,1999-01-01,9999-12-31
DPM_CPE_MCS_AE_F32.04.b,INSTTTNL_SCTR_SRC_ENCMBRNC,false,1999-01-01,9999-12-31
DPM_CPE_MCS_AE_F32.04.b,MN_DBTR_INDCTR_SRC_ENCMBRNC,false,1999-01-01,9999-12-31
DPM_CPE_MCS_AE_F32.04.b,TYP_ACCNTNG_ITM_SRC_ENCMBRNC,false,1999-01-01,9999-12-31
DPM_CPE_MCS_AE_F32.04.b,SRC_ENCMBRNC,false,1999-01-01,9999-12-31
DPM_CPE_MCS_AE_F32.04.b,NGTBL_SCRTY_INDCTR_SRC_ENCMBRNC,false,1999-01-01,9999-12-31
DPM_BAS_MCS_MCY_AE_F35.00.a,EBA_BAS,true,1999-01-01,9999-12-31
DPM_BAS_MCS_MCY_AE_F35.00.a,EBA_MCY,true,1999-01-01,9999-12-31
DPM_BAS_MCS_MCY_AE_F35.00.a,EBA_MCS,true,1999-01-01,9999-12-31
DPM_BAS_MCS_MCY_AE_F35.00.a,TYP_ACCNTNG_ITM,false,1999-01-01,9999-12-31
DPM_BAS_MCS_MCY_AE_F35.00.a,TYP_INSTRMNT,false,1999-01-01,9999-12-31
DPM_BAS_MCS_MCY_AE_F35.00.a,NGTBL_SCRTY_INDCTR,false,1999-01-01,9999-12-31
DPM_BAS_MCS_MCY_AE_F35.00.a,TYP_ACCNTNG_ITM_SRC_ENCMBRNC,false,1999-01-01,9999-12-31
DPM_BAS_MCS_MCY_AE_F35.00.a,SRC_ENCMBRNC,false,1999-01-01,9999-12-31
DPM_BAS_MCS_MCY_AE_F35.00.a,NGTBL_SCRTY_INDCTR_SRC_ENCMBRNC,false,1999-01-01,9999-12-31
DPM_BAS_MCY_AE_F32.02.b,EBA_BAS,true,1999-01-01,9999-12-31
DPM_BAS_MCY_AE_F32.02.b,EBA_MCY,true,1999-01-01,9999-12-31
DPM_BAS_MCY_AE_F32.02.b,AE_ITM_TYP_INSTRMNT,false,1999-01-01,9999-12-31
DPM_BAS_MCY_AE_F32.02.b,TYP_INSTRMNT_RL,false,1999-01-01,9999-12-31
DPM_CUS_AE,EBA_CUS,true,1999-01-01,9999-12-31
DPM_CUS_AE,CRRNCY_AMNT_ISSD,false,1999-01-01,9999-12-31
DPM_CSC_AE,EBA_CSC,true,1999-01-01,9999-12-31
DPM_CSC_AE,CNTNGNT_SCNR,false,1999-01-01,9999-12-31
DPM_BAS_AE_F32.03.a,EBA_BAS,true,1999-01-01,9999-12-31
DPM_BAS_AE_F32.03.a,TYP_ACCNTNG_ITM,false,1999-01-01,9999-12-31
DPM_MCS_MCY_SST_AE_F32.03.a,EBA_MCY,true,1999-01-01,9999-12-31
DPM_MCS_MCY_SST_AE_F32.03.a,EBA_MCS,true,1999-01-01,9999-12-31
DPM_MCS_MCY_SST_AE_F32.03.a,EBA_SST,true,1999-01-01,9999-12-31
DPM_MCS_MCY_SST_AE_F32.03.a,TYP_INSTRMNT,false,1999-01-01,9999-12-31
DPM_MCS_MCY_SST_AE_F32.03.a,NGTBL_SCRTY_INDCTR,false,1999-01-01,9999-12-31
DPM_MCS_MCY_SST_AE_F32.03.a,TYP_INSTRMNT_RL,false,1999-01-01,9999-12-31
DPM_MCS_MCY_SST_AE_F32.03.a,SRC_ENCMBRNC,false,1999-01-01,9999-12-31
DPM_MCS_MCY_SST_AE_F32.03.a,NGTBL_SCRTY_INDCTR_SRC_ENCMBRNC,false,1999-01-01,9999-12-31
DPM_MCS_MCY_SST_AE_F32.03.a,AE_ITM_TYP_INSTRMNT,false,1999-01-01,9999-12-31
DPM_MCS_MCY_SST_AE_F32.03.a,SCRTY_RNK_LVL_SRC_ENCMBRNC,false,1999-01-01,9999-12-31
DPM_BAS_EXC_MCY_AE_F32.04.b,EBA_BAS,true,1999-01-01,9999-12-31
DPM_BAS_EXC_MCY_AE_F32.04.b,EBA_EXC,true,1999-01-01,9999-12-31
DPM_BAS_EXC_MCY_AE_F32.04.b,EBA_MCY,true,1999-01-01,9999-12-31
DPM_BAS_EXC_MCY_AE_F32.04.b,TYP_INSTRMNT,false,1999-01-01,9999-12-31
DPM_BAS_EXC_MCY_AE_F32.04.b,NGTBL_SCRTY_INDCTR,false,1999-01-01,9999-12-31