MAINTENANCE_AGENCY_ID,VARIABLE_ID,CODE,NAME,DOMAIN_ID,DESCRIPTION,PRIMARY_CONCEPT,IS_DECOMPOSED
REF,ACCMLTD_CHNGS_FV,ACCMLTD_CHNGS_FV,ACCMLTD_CHNGS_FV,Integer,,,
REF,ACCMLTD_CHNGS_FV_CR,ACCMLTD_CHNGS_FV_CR,ACCMLTD_CHNGS_FV_CR,Integer,,,
REF,ACCMLTD_CHNG_NGTV,ACCMLTD_CHNG_NGTV,ACCMLTD_CHNG_NGTV,Integer,,,
REF,ACCMLTD_CVRG_RT,ACCMLTD_CVRG_RT,ACCMLTD_CVRG_RT,Float,,,
REF,ACCMLTD_EQT_INTRST,ACCMLTD_EQT_INTRST,ACCMLTD_EQT_INTRST,Float,,,
REF,ACCMLTD_IMPRMNT,ACCMLTD_IMPRMNT,ACCMLTD_IMPRMNT,Integer,,,
REF,ACCMLTD_NGTV_VL_ADJSTMNT_CR,ACCMLTD_NGTV_VL_ADJSTMNT_CR,ACCMLTD_NGTV_VL_ADJSTMNT_CR,Integer,,,
REF,ACCMLTD_NGTV_VL_ADJSTMNT_MR,ACCMLTD_NGTV_VL_ADJSTMNT_MR,ACCMLTD_NGTV_VL_ADJSTMNT_MR,Integer,,,
REF,ACCMLTD_PRTL_WRTFFS,ACCMLTD_PRTL_WRTFFS,ACCMLTD_PRTL_WRTFFS,Integer,,,
REF,ACCMLTD_TTL_WRTFFS,ACCMLTD_TTL_WRTFFS,ACCMLTD_TTL_WRTFFS,Integer,,,
REF,ACCMLTD_WRTFFS,ACCMLTD_WRTFFS,ACCMLTD_WRTFFS,Integer,,,
REF,ACCNTNG_CLSSFCTN,ACCNTNG_CLSSFCTN,ACCNTNG_CLSSFCTN,ACCNTNG_CLSSFCTN,,,
REF,ACCNTNG_CNSLDTN_LVL,ACCNTNG_CNSLDTN_LVL,ACCNTNG_CNSLDTN_LVL,ACCNTNG_CNSLDTN_LVL,,,
REF,ACCNTNG_HDG_INDCTR,ACCNTNG_HDG_INDCTR,ACCNTNG_HDG_INDCTR,ACCNTNG_HDG_INDCTR,,,
REF,ACCNTNG_STNDRD,ACCNTNG_STNDRD,ACCNTNG_STNDRD,ACCNTNG_FRMWRK,,,
REF,ACCNTNG_STNDRD_CNLDTD_RPRTNG,ACCNTNG_STNDRD_CNLDTD_RPRTNG,ACCNTNG_STNDRD_CNLDTD_RPRTNG,ACCNTNG_FRMWRK,,,
REF,ACCNTNG_STNDRD_SOLO_RPRTNG,ACCNTNG_STNDRD_SOLO_RPRTNG,ACCNTNG_STNDRD_SOLO_RPRTNG,ACCNTNG_FRMWRK,,,
REF,ACCNTNG_STNDRD_STTSTCL_RPRTNG,ACCNTNG_STNDRD_STTSTCL_RPRTNG,ACCNTNG_STNDRD_STTSTCL_RPRTNG,ACCNTNG_FRMWRK,,,
REF,ACCNTNG_TRTMNT_CRR,ACCNTNG_TRTMNT_CRR,ACCNTNG_TRTMNT_CRR,CNSLDTN_MTHD,,,
REF,ACCNTNG_TRTMNT_IFRS,ACCNTNG_TRTMNT_IFRS,ACCNTNG_TRTMNT_IFRS,CNSLDTN_MTHD,,,
REF,ACCRD_INTRST,ACCRD_INTRST,ACCRD_INTRST,Integer,,,
REF,ACCRD_INTRST_MRKT_VL_INDCTR,ACCRD_INTRST_MRKT_VL_INDCTR,ACCRD_INTRST_MRKT_VL_INDCTR,ACCRD_INTRST_MRKT_VL_INDCTR,,,
REF,ACQSTN_CST,ACQSTN_CST,ACQSTN_CST,Integer,,,
REF,ALLCTD_UNSD_CLLTRL_VL,ALLCTD_UNSD_CLLTRL_VL,ALLCTD_UNSD_CLLTRL_VL,Float,,,
REF,AMNT_DRCGNSD_CPTL_PRPS,AMNT_DRCGNSD_CPTL_PRPS,AMNT_DRCGNSD_CPTL_PRPS,Integer,,,
REF,ANNLSD_AGRD_RT,ANNLSD_AGRD_RT,ANNLSD_AGRD_RT,Float,,,
REF,ANNL_TRNVR,ANNL_TRNVR,ANNL_TRNVR,Integer,,,
REF,APPLCTN_FRBRNC_STTS_DT,APPLCTN_FRBRNC_STTS_DT,APPLCTN_FRBRNC_STTS_DT,String,,,
REF,APPRCH_CRDT_QLTY_STTS,APPRCH_CRDT_QLTY_STTS,APPRCH_CRDT_QLTY_STTS,APPRCH_CRDT_QLTY_STTS,,,
REF,APPRCH_PRDNTL_PRPSS,APPRCH_PRDNTL_PRPSS,APPRCH_PRDNTL_PRPSS,APPRCH_PRDNTL_PRPSS,,,
REF,AREA_ISSR_SHS,AREA_ISSR_SHS,AREA_ISSR_SHS,GGRPHCL_ARS,,,
REF,ARRRS,ARRRS,ARRRS,Integer,,,
REF,ASST_ENCMBRNC_RSDL_MTRTY_BND,ASST_ENCMBRNC_RSDL_MTRTY_BND,ASST_ENCMBRNC_RSDL_MTRTY_BND,TM_INTRVL,,,
REF,ASST_ENCMBRNC_SRC_INDCTR,ASST_ENCMBRNC_SRC_INDCTR,ASST_ENCMBRNC_SRC_INDCTR,ASST_ENCMBRNC_SRC_INDCTR,,,
REF,ASST_PL_CLLTRL_RCVD_ASSGNMNT_uniqueID,ASST_PL_CLLTRL_RCVD_ASSGNMNT_uniqueID,ASST_PL_CLLTRL_RCVD_ASSGNMNT_uniqueID,String,,,
REF,ASST_PL_DBT_SCRTY_PSTN_ASSGNMNT_uniqueID,ASST_PL_DBT_SCRTY_PSTN_ASSGNMNT_uniqueID,ASST_PL_DBT_SCRTY_PSTN_ASSGNMNT_uniqueID,String,,,
REF,ASST_PL_EXCHNG_TRDBL_DRVTV_PSTN_ASSGNMNT_uniqueID,ASST_PL_EXCHNG_TRDBL_DRVTV_PSTN_ASSGNMNT_uniqueID,ASST_PL_EXCHNG_TRDBL_DRVTV_PSTN_ASSGNMNT_uniqueID,String,,,
REF,ASST_PL_ID,ASST_PL_ID,ASST_PL_ID,String,,,
REF,ASST_PL_INSTRMNT_ASSGNMNT_TYP,ASST_PL_INSTRMNT_ASSGNMNT_TYP,ASST_PL_INSTRMNT_ASSGNMNT_TYP,ASST_PL_INSTRMNT_ASSGNMNT_TYP,,,
REF,ASST_PL_INSTRMNT_ASSGNMNT_uniqueID,ASST_PL_INSTRMNT_ASSGNMNT_uniqueID,ASST_PL_INSTRMNT_ASSGNMNT_uniqueID,String,,,
REF,ASST_PL_TYP,ASST_PL_TYP,ASST_PL_TYP,ASST_PL_TYP,,,
REF,ASST_PL_uniqueID,ASST_PL_uniqueID,ASST_PL_uniqueID,String,,,
REF,ASST_SPCFC_VL,ASST_SPCFC_VL,ASST_SPCFC_VL,Integer,,,
REF,AVLBL_ENCMBRNC_INDCTR,AVLBL_ENCMBRNC_INDCTR,AVLBL_ENCMBRNC_INDCTR,AVLBL_ENCMBRNC,,,
REF,BCKT_ID,BCKT_ID,BCKT_ID,String,,,
REF,BLNC_SHT_NTTNG_ID,BLNC_SHT_NTTNG_ID,BLNC_SHT_NTTNG_ID,String,,,
REF,BLNC_SHT_NTTNG_uniqueID,BLNC_SHT_NTTNG_uniqueID,BLNC_SHT_NTTNG_uniqueID,String,,,
REF,BLNC_SHT_RCGNSD_EXCHNG_TRDBL_DRVTV_ASST_PSTN_BY_ACCNTNG_STNDRD,BLNC_SHT_RCGNSD_EXCHNG_TRDBL_DRVTV_ASST_PSTN_BY_ACCNTNG_STNDRD,BLNC_SHT_RCGNSD_EXCHNG_TRDBL_DRVTV_ASST_PSTN_BY_ACCNTNG_STNDRD,Boolean,,,
REF,BLNC_SHT_RCGNSD_FNCL_ASST_INSTRMNT_FR_VL_TYP,BLNC_SHT_RCGNSD_FNCL_ASST_INSTRMNT_FR_VL_TYP,BLNC_SHT_RCGNSD_FNCL_ASST_INSTRMNT_FR_VL_TYP,Boolean,,,
REF,BLNC_SHT_TTL,BLNC_SHT_TTL,BLNC_SHT_TTL,Integer,,,
REF,BS_CRRNCY,BS_CRRNCY,BS_CRRNCY,CRRNCY,,,
REF,BYR_PRTY_ID,BYR_PRTY_ID,BYR_PRTY_ID,String,,,
REF,BYR_PRTY_RL_TYP,BYR_PRTY_RL_TYP,BYR_PRTY_RL_TYP,ENTTY_RL_TYP,,,
REF,CLLTRLSD_DPSTS_OTHR_RPRCHS_AGRMNTS_ADDTNL_ENCMBRD_CRRYNG_AMNT,CLLTRLSD_DPSTS_OTHR_RPRCHS_AGRMNTS_ADDTNL_ENCMBRD_CRRYNG_AMNT,CLLTRLSD_DPSTS_OTHR_RPRCHS_AGRMNTS_ADDTNL_ENCMBRD_CRRYNG_AMNT,Integer,,,
REF,CLLTRLSD_DPSTS_OTHR_RPRCHS_AGRMNTS_CNTRL_BNKS_ADDTNL_ENCMBRD_CRRYNG_AMNT,CLLTRLSD_DPSTS_OTHR_RPRCHS_AGRMNTS_CNTRL_BNKS_ADDTNL_ENCMBRD_CRRYNG_AMNT,CLLTRLSD_DPSTS_OTHR_RPRCHS_AGRMNTS_CNTRL_BNKS_ADDTNL_ENCMBRD_CRRYNG_AMNT,Integer,,,
REF,CLLTRLSD_DPSTS_OTHR_RPRCHS_AGRMNTS_CNTRL_BNKS_CRRNCY_DPRCTN_CRRYNG_AMNT,CLLTRLSD_DPSTS_OTHR_RPRCHS_AGRMNTS_CNTRL_BNKS_CRRNCY_DPRCTN_CRRYNG_AMNT,CLLTRLSD_DPSTS_OTHR_RPRCHS_AGRMNTS_CNTRL_BNKS_CRRNCY_DPRCTN_CRRYNG_AMNT,Integer,,,
REF,CLLTRLSD_DPSTS_OTHR_RPRCHS_AGRMNTS_CRRNCY_DPRCTN_CRRYNG_AMNT,CLLTRLSD_DPSTS_OTHR_RPRCHS_AGRMNTS_CRRNCY_DPRCTN_CRRYNG_AMNT,CLLTRLSD_DPSTS_OTHR_RPRCHS_AGRMNTS_CRRNCY_DPRCTN_CRRYNG_AMNT,Integer,,,
REF,CLLTRL_GVN_INSTRMNT_DBT_SCRTY_ISSD_ASSGNMNT_uniqueID,CLLTRL_GVN_INSTRMNT_DBT_SCRTY_ISSD_ASSGNMNT_uniqueID,CLLTRL_GVN_INSTRMNT_DBT_SCRTY_ISSD_ASSGNMNT_uniqueID,String,,,
REF,CLLTRL_ID,CLLTRL_ID,CLLTRL_ID,String,,,
REF,CLLTRL_INSTRMNT_RS_INDCTR,CLLTRL_INSTRMNT_RS_INDCTR,CLLTRL_INSTRMNT_RS_INDCTR,CLLTRL_INSTRMNT_RS_INDCTR,,,
REF,CLLTRL_NN_FNNCL_ASST_ASSGNMNT_TYP,CLLTRL_NN_FNNCL_ASST_ASSGNMNT_TYP,CLLTRL_NN_FNNCL_ASST_ASSGNMNT_TYP,CLLTRL_NN_FNNCL_ASST_ASSGNMNT_TYP,,,
REF,CLLTRL_NN_FNNCL_ASST_ASSGNMNT_uniqueID,CLLTRL_NN_FNNCL_ASST_ASSGNMNT_uniqueID,CLLTRL_NN_FNNCL_ASST_ASSGNMNT_uniqueID,String,,,
REF,CLLTRL_OBTND_RCVD_INSTRMNT_TYP,CLLTRL_OBTND_RCVD_INSTRMNT_TYP,CLLTRL_OBTND_RCVD_INSTRMNT_TYP,ABSTRCT_INSTRMNT_RL_TYP,,,
REF,CLLTRL_OBTND_TYP,CLLTRL_OBTND_TYP,CLLTRL_OBTND_TYP,ABSTRCT_INSTRMNT_RL_TYP,,,
REF,CLLTRL_RL_TYP,CLLTRL_RL_TYP,CLLTRL_RL_TYP,CLLTRL_RL_TYP,,,
REF,CLLTRL_RL_uniqueID,CLLTRL_RL_uniqueID,CLLTRL_RL_uniqueID,String,,,
REF,CLLTRL_RS_INDCTR,CLLTRL_RS_INDCTR,CLLTRL_RS_INDCTR,CLLTRL_RS_INDCTR,,,
REF,CLLTRL_VL_UNCPPD,CLLTRL_VL_UNCPPD,CLLTRL_VL_UNCPPD,Float,,,
REF,CLLTRL_uniqueID,CLLTRL_uniqueID,CLLTRL_uniqueID,String,,,
REF,CMLTV_RCVRS_SNC_DFLT,CMLTV_RCVRS_SNC_DFLT,CMLTV_RCVRS_SNC_DFLT,Integer,,,
REF,CMMDTY_TYP,CMMDTY_TYP,CMMDTY_TYP,ENTTY_RL_TYP,,,
REF,CMMRCL_RL_ESTT_LN_INDCTR,CMMRCL_RL_ESTT_LN_INDCTR,CMMRCL_RL_ESTT_LN_INDCTR,CMMRCL_RL_ESTT_LN_INDCTR,,,
REF,CMMTMNT_INCPTN,CMMTMNT_INCPTN,CMMTMNT_INCPTN,Integer,,,
REF,CNTRY_CD,CNTRY_CD,CNTRY_CD,GGRPHCL_ARS,,,
REF,CNTR_BNK_PRVT_SCTR_CMPNY_PRTY_ID,CNTR_BNK_PRVT_SCTR_CMPNY_PRTY_ID,CNTR_BNK_PRVT_SCTR_CMPNY_PRTY_ID,String,,,
REF,CRDT_FCLTY_CLLTRL_ASSGNMNT_uniqueID,CRDT_FCLTY_CLLTRL_ASSGNMNT_uniqueID,CRDT_FCLTY_CLLTRL_ASSGNMNT_uniqueID,String,,,
REF,CRDT_FCLTY_CLLTRL_RCVD_INSTRMNT_ASSGNMNT_uniqueID,CRDT_FCLTY_CLLTRL_RCVD_INSTRMNT_ASSGNMNT_uniqueID,CRDT_FCLTY_CLLTRL_RCVD_INSTRMNT_ASSGNMNT_uniqueID,String,,,
REF,CRDT_FCLTY_ENTTY_RL_ASSGNMNT_TYP,CRDT_FCLTY_ENTTY_RL_ASSGNMNT_TYP,CRDT_FCLTY_ENTTY_RL_ASSGNMNT_TYP,CRDT_FCLTY_ENTTY_RL_ASSGNMNT_TYP,,,
REF,CRDT_FCLTY_ENTTY_RL_ASSGNMNT_uniqueID,CRDT_FCLTY_ENTTY_RL_ASSGNMNT_uniqueID,CRDT_FCLTY_ENTTY_RL_ASSGNMNT_uniqueID,String,,,
REF,CRDT_FCLTY_ID,CRDT_FCLTY_ID,CRDT_FCLTY_ID,String,,,
REF,CRDT_FCLTY_uniqueID,CRDT_FCLTY_uniqueID,CRDT_FCLTY_uniqueID,String,,,
REF,CRDT_RSK_MTGTN_ASSGNMNT_uniqueID,CRDT_RSK_MTGTN_ASSGNMNT_uniqueID,CRDT_RSK_MTGTN_ASSGNMNT_uniqueID,String,,,
REF,CRDT_SPRD_RSK_CRDT_QLTY,CRDT_SPRD_RSK_CRDT_QLTY,CRDT_SPRD_RSK_CRDT_QLTY,RTNG_GRD_CRDT_QLTY,,,
REF,CRDT_SPRD_RSK_CRV_TYP,CRDT_SPRD_RSK_CRV_TYP,CRDT_SPRD_RSK_CRV_TYP,CSR_CRV_TYP,,,
REF,CRDT_TRNSFR_OTHR_SCRTSTN_CVRD_BND_PRGRM_ID,CRDT_TRNSFR_OTHR_SCRTSTN_CVRD_BND_PRGRM_ID,CRDT_TRNSFR_OTHR_SCRTSTN_CVRD_BND_PRGRM_ID,String,,,
REF,CRDT_TRNSFR_OTHR_SCRTSTN_CVRD_BND_PRGRM_uniqueID,CRDT_TRNSFR_OTHR_SCRTSTN_CVRD_BND_PRGRM_uniqueID,CRDT_TRNSFR_OTHR_SCRTSTN_CVRD_BND_PRGRM_uniqueID,String,,,
REF,CRRNCY,CRRNCY,CRRNCY,CRRNCY,,,
REF,CRRNCY_RCRD,CRRNCY_RCRD,CRRNCY_RCRD,CRRNCY,,,
REF,CRRNCY_TRNSCTN_RPRTD,CRRNCY_TRNSCTN_RPRTD,CRRNCY_TRNSCTN_RPRTD,CRRNCY,,,
REF,CRRNT_LTV_RT,CRRNT_LTV_RT,CRRNT_LTV_RT,Float,,,
REF,CRRYNG_AMNT,CRRYNG_AMNT,CRRYNG_AMNT,Integer,,,
REF,CRVTR_RSK_WGHT,CRVTR_RSK_WGHT,CRVTR_RSK_WGHT,Float,,,
REF,CRVTR_VLTN_DFFRNC,CRVTR_VLTN_DFFRNC,CRVTR_VLTN_DFFRNC,Float,,,
REF,CSH_HND_uniqueID,CSH_HND_uniqueID,CSH_HND_uniqueID,String,,,
REF,CSH_RSRV_AMNT,CSH_RSRV_AMNT,CSH_RSRV_AMNT,Integer,,,
REF,CST_BSD_MTHD_LCM_INDCTR,CST_BSD_MTHD_LCM_INDCTR,CST_BSD_MTHD_LCM_INDCTR,CST_BSD_MTHD_LCM_INDCTR,,,
REF,CTY,CTY,CTY,String,,,
REF,CVRD_BND_ISSNC_uniqueID,CVRD_BND_ISSNC_uniqueID,CVRD_BND_ISSNC_uniqueID,String,,,
REF,CVRD_BND_PRGRMM_RLVNT_RGM_EXCSS_uniqueID,CVRD_BND_PRGRMM_RLVNT_RGM_EXCSS_uniqueID,CVRD_BND_PRGRMM_RLVNT_RGM_EXCSS_uniqueID,String,,,
REF,CVRD_BND_PRGRM_ID,CVRD_BND_PRGRM_ID,CVRD_BND_PRGRM_ID,String,,,
REF,CVRD_BND_PRGRM_uniqueID,CVRD_BND_PRGRM_uniqueID,CVRD_BND_PRGRM_uniqueID,String,,,
REF,DBT_FNNCNG_RGLTN867_2016_INDCTR,DBT_FNNCNG_RGLTN867_2016_INDCTR,DBT_FNNCNG_RGLTN867_2016_INDCTR,DBT_FNNCNG_ANCRDT_INDCTR,,,
REF,DBT_SCRTY_ACCNTNG_STNDRD,DBT_SCRTY_ACCNTNG_STNDRD,DBT_SCRTY_ACCNTNG_STNDRD,SCRTY_EXCHNG_TRDBL_DRVTV_TYP,,,
REF,DBT_SCRTY_ISSD_ADDTNL_ENCMBRD_CRRYNG_AMNT,DBT_SCRTY_ISSD_ADDTNL_ENCMBRD_CRRYNG_AMNT,DBT_SCRTY_ISSD_ADDTNL_ENCMBRD_CRRYNG_AMNT,Integer,,,
REF,DBT_SCRTY_ISSD_ASST_BCKD_SCRTS_CRRNCY_DPRCTN_CRRYNG_AMNT,DBT_SCRTY_ISSD_ASST_BCKD_SCRTS_CRRNCY_DPRCTN_CRRYNG_AMNT,DBT_SCRTY_ISSD_ASST_BCKD_SCRTS_CRRNCY_DPRCTN_CRRYNG_AMNT,Integer,,,
REF,DBT_SCRTY_ISSD_CRRNCY_DPRCTN_CRRYNG_AMNT,DBT_SCRTY_ISSD_CRRNCY_DPRCTN_CRRYNG_AMNT,DBT_SCRTY_ISSD_CRRNCY_DPRCTN_CRRYNG_AMNT,Integer,,,
REF,DBT_SCRTY_ISSD_CVRD_BNDS_ADDTNL_ENCMBRD_CRRYNG_AMNT,DBT_SCRTY_ISSD_CVRD_BNDS_ADDTNL_ENCMBRD_CRRYNG_AMNT,DBT_SCRTY_ISSD_CVRD_BNDS_ADDTNL_ENCMBRD_CRRYNG_AMNT,Integer,,,
REF,DBT_SCRTY_ISSD_CVRD_BNDS_CRRNCY_DPRCTN_CRRYNG_AMNT,DBT_SCRTY_ISSD_CVRD_BNDS_CRRNCY_DPRCTN_CRRYNG_AMNT,DBT_SCRTY_ISSD_CVRD_BNDS_CRRNCY_DPRCTN_CRRYNG_AMNT,Integer,,,
REF,DBT_SCRTY_ISSD_HDG_uniqueID,DBT_SCRTY_ISSD_HDG_uniqueID,DBT_SCRTY_ISSD_HDG_uniqueID,String,,,
REF,DBT_SCRTY_ISSD_PRDNTL_PRTFL_TYP,DBT_SCRTY_ISSD_PRDNTL_PRTFL_TYP,DBT_SCRTY_ISSD_PRDNTL_PRTFL_TYP,SCRTY_EXCHNG_TRDBL_DRVTV_TYP,,,
REF,DBT_SCRTY_ISSD_PRTCN_ARRNGMNT_GVN_ASSGNMNT_uniqueID,DBT_SCRTY_ISSD_PRTCN_ARRNGMNT_GVN_ASSGNMNT_uniqueID,DBT_SCRTY_ISSD_PRTCN_ARRNGMNT_GVN_ASSGNMNT_uniqueID,String,,,
REF,DBT_SCRTY_ISSD_SCRTSTNS_ADDTNL_ENCMBRD_CRRYNG_AMNT,DBT_SCRTY_ISSD_SCRTSTNS_ADDTNL_ENCMBRD_CRRYNG_AMNT,DBT_SCRTY_ISSD_SCRTSTNS_ADDTNL_ENCMBRD_CRRYNG_AMNT,Integer,,,
REF,DBT_SCRTY_ISSD_TRDTNL_SCRTSTN_ASSGNMNT_uniqueID,DBT_SCRTY_ISSD_TRDTNL_SCRTSTN_ASSGNMNT_uniqueID,DBT_SCRTY_ISSD_TRDTNL_SCRTSTN_ASSGNMNT_uniqueID,String,,,
REF,DBT_SCRTY_ISSD_uniqueID,DBT_SCRTY_ISSD_uniqueID,DBT_SCRTY_ISSD_uniqueID,String,,,
REF,DBT_SCRTY_PRFRMNG_STTS_TYP,DBT_SCRTY_PRFRMNG_STTS_TYP,DBT_SCRTY_PRFRMNG_STTS_TYP,SCRTY_EXCHNG_TRDBL_DRVTV_TYP,,,
REF,DFLT_STTS,DFLT_STTS,DFLT_STTS,CRDT_QLTY,,,
REF,DFLT_STTS_DRVD,DFLT_STTS_DRVD,DFLT_STTS_DRVD,CRDT_QLTY,,,
REF,DLT_SNSTVTY,DLT_SNSTVTY,DLT_SNSTVTY,Float,,,
REF,DLVRY_LCTN,DLVRY_LCTN,DLVRY_LCTN,String,,,
REF,DMSTC_ACTVT_INDCTR,DMSTC_ACTVT_INDCTR,DMSTC_ACTVT_INDCTR,DMSTC_ACTVT_INDCTR,,,
REF,DPSTS_ADDTNL_ENCMBRD_CRRYNG_AMNT,DPSTS_ADDTNL_ENCMBRD_CRRYNG_AMNT,DPSTS_ADDTNL_ENCMBRD_CRRYNG_AMNT,Integer,,,
REF,DPSTS_CRRNCY_DPRCTN_CRRYNG_AMNT,DPSTS_CRRNCY_DPRCTN_CRRYNG_AMNT,DPSTS_CRRNCY_DPRCTN_CRRYNG_AMNT,Integer,,,
REF,DRVTVS_ADDTNL_ENCMBRD_CRRYNG_AMNT,DRVTVS_ADDTNL_ENCMBRD_CRRYNG_AMNT,DRVTVS_ADDTNL_ENCMBRD_CRRYNG_AMNT,Integer,,,
REF,DRVTVS_CRRNCY_DPRCTN_CRRYNG_AMNT,DRVTVS_CRRNCY_DPRCTN_CRRYNG_AMNT,DRVTVS_CRRNCY_DPRCTN_CRRYNG_AMNT,Integer,,,
REF,DSCNT_EXCSS_SPRD_AMNT,DSCNT_EXCSS_SPRD_AMNT,DSCNT_EXCSS_SPRD_AMNT,Float,,,
REF,DT_CSH_RSRV_MTRTY,DT_CSH_RSRV_MTRTY,DT_CSH_RSRV_MTRTY,Date,,,
REF,DT_DFLT_STTS,DT_DFLT_STTS,DT_DFLT_STTS,Date,,,
REF,DT_END_INTRST_ONLY,DT_END_INTRST_ONLY,DT_END_INTRST_ONLY,Date,,,
REF,DT_ENTRPRS_SZ,DT_ENTRPRS_SZ,DT_ENTRPRS_SZ,Date,,,
REF,DT_ENTRY,DT_ENTRY,DT_ENTRY,Date,,,
REF,DT_FRBRNC_MSRS,DT_FRBRNC_MSRS,DT_FRBRNC_MSRS,Date,,,
REF,DT_FRBRNC_STTS,DT_FRBRNC_STTS,DT_FRBRNC_STTS,Date,,,
REF,DT_INCPTN,DT_INCPTN,DT_INCPTN,Date,,,
REF,DT_INTTN_LGL_PRCDNGS,DT_INTTN_LGL_PRCDNGS,DT_INTTN_LGL_PRCDNGS,Date,,,
REF,DT_ISS,DT_ISS,DT_ISS,Date,,,
REF,DT_LGL_FNL_MTRTY,DT_LGL_FNL_MTRTY,DT_LGL_FNL_MTRTY,Date,,,
REF,DT_MTRTY_PRTCTN,DT_MTRTY_PRTCTN,DT_MTRTY_PRTCTN,Date,,,
REF,DT_NN_PRFRMNG_STTS_INSTRMNT,DT_NN_PRFRMNG_STTS_INSTRMNT,DT_NN_PRFRMNG_STTS_INSTRMNT,Date,,,
REF,DT_NXT_INTRST_RT_RST,DT_NXT_INTRST_RT_RST,DT_NXT_INTRST_RT_RST,Date,,,
REF,DT_ORGNL_CSH_RSRV_AMNT,DT_ORGNL_CSH_RSRV_AMNT,DT_ORGNL_CSH_RSRV_AMNT,Date,,,
REF,DT_ORGNL_PRTCTN_VL,DT_ORGNL_PRTCTN_VL,DT_ORGNL_PRTCTN_VL,Date,,,
REF,DT_PRFRMNG_STTS,DT_PRFRMNG_STTS,DT_PRFRMNG_STTS,Date,,,
REF,DT_PRTCTN_VL,DT_PRTCTN_VL,DT_PRTCTN_VL,Date,,,
REF,DT_PST_D,DT_PST_D,DT_PST_D,Date,,,
REF,DT_RFRNC,DT_RFRNC,DT_RFRNC,Date,,,
REF,DT_SCRTY_STTS,DT_SCRTY_STTS,DT_SCRTY_STTS,Date,,,
REF,DT_STTLMNT,DT_STTLMNT,DT_STTLMNT,Date,,,
EBA,EBA_ACT,ACT,Accounting treatment,EBA_RT,Defines whether the item is entirely or partially recognized or derecognized in the accounting statements of the reporting institution.,,
EBA,EBA_ALO,ALO,Type of allowance,EBA_IM,Specifies the type of allowance for credit losses.,,
EBA,EBA_APL,APL,Accounting portfolio,EBA_PL,"Accounting portfolios shall mean financial instruments aggregated by valuation rules (e.g. ""Available-for-sale financial assets""). Accounting portfolios only comprise financial assets and financial liabilities.",,
EBA,EBA_APR,APR,Approach for prudential purposes,EBA_AP,Approach used for the calculation of capital requirements.,,
EBA,EBA_ATY,ATY,Artificial variable for metrics,EBA_ATY,,,
EBA,EBA_BAS,BAS,Base,EBA_BA,"Defines the basic conceptual meaning of a data point. Identifies the framework in which a data point is included. For FINREP, it indicates in which group of element of the financial statement should be included the data point (e.g. assets, liabilities, equity, income, expenses). For COREP, it indicates whether the data point should be computed in the numerator (own funds) or the denominator (exposures) of the Pillar I solvency ratio. It determines whether the data point has a ""debit"" or a ""credit"" attribute.",,
EBA,EBA_BLI,BLI,Business line,EBA_TA,Defines the business line that generates operational risk.,,
EBA,EBA_CAL,CAL,Calculation method,EBA_AP,Identifies the method used to calculate values (e.g. sums),,
EBA,EBA_CBC,CBC,Covered bond issuance,EBA_CB,"For each cover bond issuance, consists of the name or unambiguous abbreviation of the covered bond issuing entity and the designation of the covered bond that individually is subject to the relevant covered bond protective measures",,
EBA,EBA_CMA,CMA,Country of the market,EBA_GA,Defined the country in which is located the market on which the instrument is traded.,,
EBA,EBA_CNO,CNO,Controlling and non-controlling owners,EBA_BT,"For equity components, it indicates whether they belong to the owners of the parent or to non-controlling owners (minority interests).",,
EBA,EBA_CONS_LEVEL,CONS_LEVEL,Consolidation level,EBA_CONS_LEVEL,,,
EBA,EBA_CPC,CPC,Counterparty sector of the collateral,EBA_CT,Defines the institutional sector of the counterparty of financial instruments received/given as collateral.,,
EBA,EBA_CPE,CPE,Counterparty sector of the source of encumbrance,EBA_CT,Defines the counterparty sector of the transactions that pose a source of encumbrance,,
EBA,EBA_CPS,CPS,Counterparty sector,EBA_CT,Defines the sector of the counterparty of financial instruments (e.g. Central banks or Credit institutions).,,
EBA,EBA_CPZ,CPZ,Size of the counterparty,EBA_CT,Specifies the size category of the counterpart,,
EBA,EBA_CRA,CRA,Credit rating agency /Covered bond regime,EBA_ER,"For each issuance of covered bonds, specifies both the credit rating that rates the issuance and the local statutory regime",,
EBA,EBA_CSC,CSC,Contingent scenario/Assumptions used,EBA_CS,Contingent scenario whose impact is reported,,
EBA,EBA_CTL,CTL,Collateralisation level,EBA_CG,,,
EBA,EBA_CUS,CUS,Currency with significant liabilities,EBA_CU,Defines the currencies of the significant liabilities,,
EBA,EBA_DPS,DPS,Derivatives Purchased/Sold,EBA_MC,"For derivatives, it indicates whether the reporting institution has sold or purchased them.",,
EBA,EBA_ECC,ECC,Exposure class of the collateral received,EBA_EC,"For Liquidity purposes, defines the exposure class of the collateral received",,
EBA,EBA_ENC,ENC,Encumbrance,EBA_CG,Specifies the condition related to the encumbrance of the asset,,
EBA,EBA_ENTITY_ID,ENTITY_ID,Entity ID,EBA_STRNG,,,
EBA,EBA_EUT,EUT,Time of encumbrance,EBA_TI,Specifies the time that the assets is expected to remain encumbered.,,
EBA,EBA_EXC,EXC,Exposure class,EBA_EC,Defines the exposure class for capital requirement purposes,,
EBA,EBA_FBS,FBS,Forbearance status,EBA_IM,"Identifies the financial assets and off-balance sheet items with forbearance measures and, if applicable, the type of forbearance measures",,
EBA,EBA_FLT,FLT,Flows (type / source / reason),EBA_MC,,,
EBA,EBA_FLW,FLW,Flows (direction),EBA_MC,,,
EBA,EBA_FRS,FRS,Financial reporting standard,EBA_AP,"Financial reporting standard for recognition, measurement and presentation (IFRS or national GAAP) to define the scope of reported items.",,
EBA,EBA_FVH,FVH,Fair value hierarchy,EBA_MA,Determines the level in the fair value hierarchy to which the estimation belongs.,,
EBA,EBA_HFI,HFI,Hybrid instruments,EBA_BT,"For financial instruments, it indicates whether there are hybrid instruments (i.e. that combine a host contract with embedded derivative contracts) or not.",,
EBA,EBA_IMS,IMS,Impairment status,EBA_IM,"Status for monitoring credit quality of financial assets and off-balance sheet items (e.g. past due, impaired, defaulted).",,
EBA,EBA_LAC,LAC,Location of the activities,EBA_BT,"Identifies the nature of the geographical area where activities are undertaken. ""Location"" means the jurisdiction of incorporation of the legal entity which has recognised the asset or liability; for branches, it means the jurisdiction of residence.",,
EBA,EBA_LEC,LEC,Legal entity,EBA_LE,Defines the entity code of the entity for which information is provided.,,
EBA,EBA_LHC,LHC,Holding company,EBA_LE,,,
EBA,EBA_LHO,LHO,Is LEI Code/National Code of Holding,EBA_BT,,,
EBA,EBA_LIN,LIN,Investee,EBA_LE,,,
EBA,EBA_LQA,LQA,Liquidity quality of assets,EBA_LQ,Liquidity conditions specified for assets under the liquidity provisions framework,,
EBA,EBA_LQC,LQC,Liquidity quality of collateral received,EBA_LQ,Liquidity conditions specified for collateral received under the liquidity provisions framework,,
EBA,EBA_LTG,LTG,Litigation status,EBA_IM,,,
EBA,EBA_MCA,MCA,Main category of hedging instrument,EBA_MC,Defines the main category of the instrument used for hedging.,,
EBA,EBA_MCB,MCB,Instrument,EBA_MC,Defines instrument or product type of the main category item,,
EBA,EBA_MCC,MCC,Main category of collateral or guarantee given,EBA_MC,Defines the main category of collateral or guarantees given,,
EBA,EBA_MCD,MCD,Main category of the Defined benefit plan assets,EBA_MC,"For defined benefit plan assets, defines their nature.",,
EBA,EBA_MCE,MCE,Main category that generates income or expenses,EBA_MC,Defines the main category that generates the related income or expense.,,
EBA,EBA_MCF,MCF,Hedged or hedging instrument,EBA_MC,Defines hedging or hedged instrument of the main category item,,
EBA,EBA_MCG,MCG,Main category of collateral or guarantee received,EBA_MC,Defines the main category of collateral or guarantees received,,
EBA,EBA_MCH,MCH,Main category of hedged item,EBA_MC,Defines the main category of the item that is hedged.,,
EBA,EBA_MCI,MCI,Main category provided of Investee,EBA_MC,"When information on an ""investee-by-investee"" basis is provided, specifies the main category of the information on the investee to be reported.",,
EBA,EBA_MCP,MCP,Main category that generates the provision,EBA_MC,Defines the main category that generates the related provisions.,,
EBA,EBA_MCS,MCS,Main category of the source of encumbrance,EBA_MC,"For encumbered assets, defines the main category of the transaction that entails encumbrance; for liabilities/contingent liabilities, identifies those who are a source of encumbrance",,
EBA,EBA_MCT,MCT,Main category of the transferred financial asset to which the liability is associated to,EBA_MC,"For liabilities associated to transferred financial assets, defines the type of instrument of the financial asset that has been transferred.",,
EBA,EBA_MCU,MCU,Main category of the underlying,EBA_MC,Defines the type of instrument underlying another balance or transaction (e.g. short position).,,
EBA,EBA_MCV,MCV,(Sub-)Type of expense,EBA_MC,,,
EBA,EBA_MCY,MCY,Main category,EBA_MC,"Specifies the nature of the item reported (i.e. answers the question: what is reported?). For financial instruments, defines the instrument (e.g. deposits, debt securities issued...) or range of instruments reported. It should be defined for each data point.",,
EBA,EBA_MD103,MD103,Current period (flow),EBA_Monetary,Current period (flow),,
EBA,EBA_MI129,MI129,Fair value,EBA_Monetary,Fair value,,
EBA,EBA_MI191,MI191,Present value,EBA_Monetary,Present value,,
EBA,EBA_NAC,NAC,NACE code counterparty,EBA_NC,"Defines the NACE code of the counterparty, whenever it is applicable.",,
EBA,EBA_NPE,NPE,Details on NPE classification,EBA_IM,,,
EBA,EBA_OBSERVATION_VALUE,OBSERVATION_VALUE,Observation_Value,EBA_STRNG,Observation_Value,,
EBA,EBA_OFS,OFS,Own funds,EBA_OF,Specifies the eligibility for the various levels of own funds for the fully phased-in period (without transitional provisions).,,
EBA,EBA_PAF,PAF,Date / period of application of forbearance measure,EBA_RF,,,
EBA,EBA_PFS,PFS,Performing status,EBA_IM,"Identifies the performing status of financial assets and off-balance sheet items (performing, non-performing...)",,
EBA,EBA_PIR,PIR,Date / period of initial recognition,EBA_RF,,,
EBA,EBA_PLD,PLD,Designation (Fair value option),EBA_PL,Defines the reason for designating an instrument to the portfolio for financial instruments designated at fair value through profit or loss (use of fair value option).,,
EBA,EBA_PLT,PLT,Accounting portfolio of the transferred financial asset to which the liability is associated to,EBA_PL,"For liabilities associated to a transferred financial asset, it defines the accounting portfolio of the transferred financial asset.",,
EBA,EBA_POV,POV,Date / period of valuation,EBA_RF,,,
EBA,EBA_PRP,PRP,Prudential portfolio,EBA_PL,"Defines whether it is reported the trading book business, the ""banking"" book business, or both of them.",,
EBA,EBA_PUR,PUR,Purpose,EBA_PU,Defines the purpose of a balance or transaction.,,
EBA,EBA_RCP,RCP,Residence of counterparty,EBA_GA,Defines the geographical area where the counterparty of the contract or transaction resides.,,
EBA,EBA_REC,REC,To be reclassified to profit or loss,EBA_BT,"For the accumulated other comprehensive income items, it indicates whether they could be reclassified to profit and loss.",,
EBA,EBA_REF,REF,Reference date or period,EBA_RF,Specifies the date or the period to which the data is referred,,
EBA,EBA_REFERENCE_PERIOD,REFERENCE_PERIOD,Reference Period,EBA_DT,,,
EBA,EBA_RES,RES,Residual maturity,EBA_TI,Time remaining from the reporting date to the maturity date.,,
EBA,EBA_RPR,RPR,Related parties/Relationships,EBA_RP,"Defines the relationship between the reporting institution with an entity or a person; in particular, it specifies the type of related party.",,
EBA,EBA_RUA,RUA,Rigth-of-use assets,EBA_MC,,,
EBA,EBA_Reported_Period,Reported_Period,Reported Period,EBA_Date,Reported period,,
EBA,EBA_Riad_Code,Riad_Code,Riad Code,EBA_String,Riad Code,,
EBA,EBA_SCC,SCC,Specific contract clauses or netting agreements,EBA_MC,Defines specific contract clauses or netting agreements.,,
EBA,EBA_SCO,SCO,Scope of consolidation,EBA_SC,Specifies the scope of consolidation of reporting when different from CRR scope,,
EBA,EBA_SOL,SOL,Subject to operating lease (reporting entity lessor),EBA_BT,"For tangible and intangible assets, it indicates whether they are subject to operating leases in which the reporting institution is the lessor.",,
EBA,EBA_SST,SST,Securitisation structure,EBA_ST,Defines the tranche of the exposure in the securitisation structure.,,
EBA,EBA_STC,STC,Security,EBA_SY,"When information is provided on a security-by-security basis, defines the code of the security for which information is provided.",,
EBA,EBA_SUB,SUB,Subordinated,EBA_MC,Indicates that the financial instrument is a subordinated financial asset or liability.,,
EBA,EBA_TFM,TFM,Type of forbearance measure,EBA_IM,,,
EBA,EBA_TIE,TIE,Time elapsed since initial recognition,EBA_TI,,,
EBA,EBA_TIS,TIS,Transfer between impairment stages,EBA_IM,Defines transfers of debt instruments subject to impairment between the impairment stages.,,
EBA,EBA_TMA,TMA,Type of market,EBA_MA,,,
EBA,EBA_TPD,TPD,Time past due,EBA_TI,"For debt instruments that are past due, time passed between the date on which the payment was due and the reference date.",,
EBA,EBA_TRE,TRE,Type of remuneration,EBA_MC,,,
EBA,EBA_TRI,TRI,Type of risk,EBA_TR,Indicates the type of risk arising from exposures or transactions (e.g. credit risk or market risk).,,
EBA,EBA_TRT,TRT,Type of risk transfer,EBA_RT,Defines the way in which a risk has been transferred in a securitisation (traditional or synthetic securitisations).,,
EBA,EBA_TSA,TSA,Type of staff (RF),EBA_RF,,,
EBA,EBA_TYA,TYA,Type of activity,EBA_TA,Defines the type of activity (e.g. asset management or custody).,,
EBA,EBA_TYC,TYC,Is LEI Code/National Code of Investee,EBA_BT,,,
EBA,EBA_TYH,TYH,Type of hedge,EBA_MC,Defines the type of hedging,,
EBA,EBA_TYR,TYR,Type of activity of Related parties/Relationships,EBA_TA,Defines the nature of the activities of related parties.,,
EBA,EBA_Unit,Unit,Unit,EBA_String,Unit,,
EBA,EBA_VALUE_DECIMAL,VALUE_DECIMAL,EBA_VALUE_DECIMAL,EBA_Decimal,EBA_VALUE_DECIMAL,,
EBA,EBA_bi327,bi327,Compliance with Art. 129 CRR,EBA_Boolean,,,
EBA,EBA_di113,di113,Entry date,EBA_Date,,,
EBA,EBA_ei138,ei138,Group structure,EBA_RP,,,
EBA,EBA_ei152,ei152,Jurisdiction of incorporation,EBA_GA,,,
EBA,EBA_ei207,ei207,Reporting level,EBA_SC,,,
EBA,EBA_ei218,ei218,Sector,EBA_NC,,,
EBA,EBA_ei219,ei219,Sector of the counterparty,EBA_CT,,,
EBA,EBA_ei328,ei328,Primary asset class of cover pool,EBA_MC,,,
EBA,EBA_ei364,ei364,Accounting consolidation code (IFRS Group),EBA_ZZ,,,
EBA,EBA_ei365,ei365,Accounting consolidation code (CRR Group),EBA_ZZ,,,
EBA,EBA_ei4,ei4,Accounting standard,EBA_AS,,,
EBA,EBA_ii676,ii676,Number of instruments,EBA_Integer,,,
EBA,EBA_ii694,ii694,Number of collaterals obtained by taking possession,EBA_Integer,,,
EBA,EBA_ii699,ii699,Number of staff,EBA_Integer,,,
EBA,EBA_md104,md104,Current service cost (flow),EBA_Monetary,,,
EBA,EBA_md105,md105,Decreases in allowances due to amounts reversed for estimated loan losses during the period (flow),EBA_Monetary,,,
EBA,EBA_md106,md106,Decreases due to amounts taken against allowances (flow),EBA_Monetary,,,
EBA,EBA_md108,md108,Dividends (flow),EBA_Monetary,,,
EBA,EBA_md11,md11,Actuarial gains or losses from changes in demographic assumptions (flow),EBA_Monetary,,,
EBA,EBA_md114,md114,Exercise/Expiration of equity Instruments other than capital Instruments (flow),EBA_Monetary,,,
EBA,EBA_md12,md12,Actuarial gains or losses from changes in financial assumptions (flow),EBA_Monetary,,,
EBA,EBA_md13,md13,Additions (flow),EBA_Monetary,,,
EBA,EBA_md131,md131,Foreign currency translation (flow),EBA_Monetary,,,
EBA,EBA_md139,md139,Increase in the discounted amount and effect of any change in the discount rate (flow),EBA_Monetary,,,
EBA,EBA_md14,md14,"Additions, including increases in existing provisions (flow)",EBA_Monetary,,,
EBA,EBA_md140,md140,Increases in allowances due to amounts set aside for estimated loan losses during the period (flow),EBA_Monetary,,,
EBA,EBA_md147,md147,Interest cost (flow),EBA_Monetary,,,
EBA,EBA_md149,md149,Issuance of equity Instruments other than capital instruments (flow),EBA_Monetary,,,
EBA,EBA_md150,md150,Issuance of ordinary shares (flow),EBA_Monetary,,,
EBA,EBA_md151,md151,Issuance of preference shares (flow),EBA_Monetary,,,
EBA,EBA_md186,md186,Past service cost (flow),EBA_Monetary,,,
EBA,EBA_md197,md197,Purchase of Treasury Shares (flow),EBA_Monetary,,,
EBA,EBA_md199,md199,Reclassification of financial instruments from equity to liability (flow),EBA_Monetary,,,
EBA,EBA_md200,md200,Reclassification of financial instruments from liability to equity (flow),EBA_Monetary,,,
EBA,EBA_md201,md201,"Reclassifications other than valuation gains and losses taken to equity, Transferred to profit or loss (flow)",EBA_Monetary,,,
EBA,EBA_md202,md202,"Reclassifications other than valuation gains and losses taken to equity, Transferred to profit or loss, Transferred to initial carrying amount of hedged items (flow)",EBA_Monetary,,,
EBA,EBA_md203,md203,Recoveries recorded directly to the statement of profit or loss(flow),EBA_Monetary,,,
EBA,EBA_md210,md210,Reversals (flow),EBA_Monetary,,,
EBA,EBA_md216,md216,Sale/Cancellation of Treasury Shares (flow),EBA_Monetary,,,
EBA,EBA_md233,md233,Total comprehensive income for the year (flow),EBA_Monetary,,,
EBA,EBA_md239,md239,Transferred to initial carrying amount of hedged items (flow),EBA_Monetary,,,
EBA,EBA_md240,md240,Transferred to profit or loss (flow),EBA_Monetary,,,
EBA,EBA_md241,md241,Transfers among components of Equity (flow),EBA_Monetary,,,
EBA,EBA_md242,md242,Transfers between allowances (flow),EBA_Monetary,,,
EBA,EBA_md249,md249,Change in fair value for the period (flow),EBA_Monetary,,,
EBA,EBA_md251,md251,Unused amounts reversed during the period (flow),EBA_Monetary,,,
EBA,EBA_md252,md252,Valuation gains and losses taken to equity (flow),EBA_Monetary,,,
EBA,EBA_md254,md254,Value adjustments recorded directly to the income statement (flow),EBA_Monetary,,,
EBA,EBA_md301,md301,Credit risk adjustments (flow),EBA_Monetary,,,
EBA,EBA_md46,md46,Amounts used (flow),EBA_Monetary,,,
EBA,EBA_md509,md509,Increases in allowances due to origination and acquisition,EBA_Monetary,,,
EBA,EBA_md510,md510,Decreases in allowances due to derecognition,EBA_Monetary,,,
EBA,EBA_md511,md511,Changes in allowances due to change in credit risk (net),EBA_Monetary,,,
EBA,EBA_md512,md512,Changes in allowances due to modifications without derecognition,EBA_Monetary,,,
EBA,EBA_md513,md513,Changes in allowances due to update in methodology for estimation (net),EBA_Monetary,,,
EBA,EBA_md514,md514,Decrease in allowances due to write-offs,EBA_Monetary,,,
EBA,EBA_md515,md515,Other adjustments in allowances,EBA_Monetary,,,
EBA,EBA_md516,md516,Amounts written-off directly to the statement of profit or loss,EBA_Monetary,,,
EBA,EBA_md59,md59,Benefits paid (flow),EBA_Monetary,,,
EBA,EBA_md60,md60,Business combinations or divestitures (flow),EBA_Monetary,,,
EBA,EBA_md62,md62,Capital Reduction (flow),EBA_Monetary,,,
EBA,EBA_md67,md67,Carrying amount of Collateral obtained during the period (flow),EBA_Monetary,,,
EBA,EBA_md675,md675,Gross carrying amount (flow),EBA_Monetary,,,
EBA,EBA_md677,md677,Gross carrying amount of collateral obtained during the period (flow),EBA_Monetary,,,
EBA,EBA_md683,md683,"Increase in impairment allowances, accumulated negative changes in fair value due to credit risk",EBA_Monetary,,,
EBA,EBA_md684,md684,"Increase in impairment allowances, accumulated negative changes in fair value due to credit risk.On interest accrued",EBA_Monetary,,,
EBA,EBA_md685,md685,"Decrease in impairment allowances, accumulated negative changes in fair value due to credit risk",EBA_Monetary,,,
EBA,EBA_md686,md686,"Decrease in impairment allowances, accumulated negative changes in fair value due to credit risk.Reversals",EBA_Monetary,,,
EBA,EBA_md687,md687,"Decrease in impairment allowances, accumulated negative changes in fair value due to credit risk.Unwinding effect (accounting)",EBA_Monetary,,,
EBA,EBA_md69,md69,"Changes in Defined benefit obligations other than Current and past service cost, Interest cost, Contributions paid by plan participants, Actuarial gains and losses, Foreign currency translation, Benefits paid, Business combinations or divestiture (flow)",EBA_Monetary,,,
EBA,EBA_md70,md70,Changes in Equity from business combinations (flow),EBA_Monetary,,,
EBA,EBA_md71,md71,Changes in Equity from share based payments (flow),EBA_Monetary,,,
EBA,EBA_md72,md72,Changes in equity other than those explicitly reported (flow),EBA_Monetary,,,
EBA,EBA_md73,md73,"Changes in Provisions other than Additions, including increases in existing provisions, Amounts used, Unused amounts reversed during the period, Increase in the discounted amount and effect of any change in the discount rate (flow)",EBA_Monetary,,,
EBA,EBA_md771,md771,Accumulated negative changes for collateral obtained during the period (flow),EBA_Monetary,,,
EBA,EBA_md83,md83,Contributions paid by plan participants (flow),EBA_Monetary,,,
EBA,EBA_md85,md85,Conversion of debt to equity (flow),EBA_Monetary,,,
EBA,EBA_mi109,mi109,Effects of changes in accounting policies,EBA_Monetary,,,
EBA,EBA_mi110,mi110,Effects of corrections of errors,EBA_Monetary,,,
EBA,EBA_mi134,mi134,Goodwill included in carrying amount,EBA_Monetary,,,
EBA,EBA_mi135,mi135,Accumulated change in fair value before taxes,EBA_Monetary,,,
EBA,EBA_mi136,mi136,Gross carrying amount,EBA_Monetary,"Gross carrying amount of debt instuments as in Annex V, part 1 (different for different portfolios). In general carrying amount before adjusting for credit risk (allowances or negative fair value changes due to credit risk).",,
EBA,EBA_mi159,mi159,Amount of accumulated impairment,EBA_Monetary,,,
EBA,EBA_mi164,mi164,Maximum amount of the collateral/guarantee that can be considered,EBA_Monetary,,,
EBA,EBA_mi170,mi170,Notional amount,EBA_Monetary,"The ‘Notional amount’ shall be the gross nominal of all deals concluded and not yet settled at the reference date, regardless of whether these deals lead to derivative exposures being booked on-balance sheet. (Annex V, Part 2, include further details)",,
EBA,EBA_mi172,mi172,"Nominal amount, Maximum collateral/guarantee that can be considered",EBA_Monetary,,,
EBA,EBA_mi195,mi195,Principal amount outstanding,EBA_Monetary,,,
EBA,EBA_mi279,mi279,Amount of additional collateral,EBA_Monetary,,,
EBA,EBA_mi287,mi287,Nominal amount,EBA_Monetary,,,
EBA,EBA_mi290,mi290,Amount specified for AE purposes,EBA_Monetary,,,
EBA,EBA_mi291,mi291,Asset-specific value,EBA_Monetary,,,
EBA,EBA_mi292,mi292,Asset-specific value. Excess of min coverage required,EBA_Monetary,,,
EBA,EBA_mi295,mi295,Nominal amount. Excess of min coverage required,EBA_Monetary,,,
EBA,EBA_mi296,mi296,Present value (swap),EBA_Monetary,,,
EBA,EBA_mi297,mi297,Present value (swap). Excess of min coverage required,EBA_Monetary,,,
EBA,EBA_mi298,mi298,"Accumulated impairment, accumulated changes in fair value due to credit risk",EBA_Monetary,,,
EBA,EBA_mi339,mi339,Maximum amount of the collateral that can be considered,EBA_Monetary,,,
EBA,EBA_mi34,mi34,Amount contractually required to pay at maturity,EBA_Monetary,,,
EBA,EBA_mi340,mi340,Maximum amount of the guarantee that can be considered,EBA_Monetary,,,
EBA,EBA_mi35,mi35,Amount of Assets involved in the services provided by the institution,EBA_Monetary,,,
EBA,EBA_mi37,mi37,Amount of cumulative change in fair values attributable to changes in credit risk,EBA_Monetary,,,
EBA,EBA_mi420,mi420,Market value,EBA_Monetary,,,
EBA,EBA_mi43,mi43,Amounts derecognised for capital purposes,EBA_Monetary,,,
EBA,EBA_mi45,mi45,"Amounts not recognised as an asset, due to limits of paragraph 58 (b)",EBA_Monetary,,,
EBA,EBA_mi457,mi457,"Accumulated impairment, accumulated changes in fair value due to credit risk, provisions",EBA_Monetary,,,
EBA,EBA_mi500,mi500,Positive fair value,EBA_Monetary,,,
EBA,EBA_mi501,mi501,Negative fair value,EBA_Monetary,,,
EBA,EBA_mi502,mi502,Adjustments to carrying amount,EBA_Monetary,,,
EBA,EBA_mi503,mi503,"Accumulated impairment, accumulated negative changes in fair value due to credit risk",EBA_Monetary,,,
EBA,EBA_mi504,mi504,Accumulated negative changes in fair value due to credit risk,EBA_Monetary,"For non-performing exposures, accumulated changes in fair value due to credit risk where the accumulated net change is negative. (Annex V, Part 2, include further details)",,
EBA,EBA_mi505,mi505,Accumulated negative value adjustments. Market risk induced,EBA_Monetary,,,
EBA,EBA_mi506,mi506,Accumulated negative value adjustments. Credit risk induced,EBA_Monetary,,,
EBA,EBA_mi507,mi507,Accumulated write-offs. Partial,EBA_Monetary,,,
EBA,EBA_mi508,mi508,Accumulated write-offs. Total,EBA_Monetary,,,
EBA,EBA_mi53,mi53,Carrying amount,EBA_Monetary,"The amount to be reported in the balance sheet. The carrying amount of financial instruments shall include accrued interest. (Annex V, part 1)",,
EBA,EBA_mi65,mi65,Carrying amount [before restatement],EBA_Monetary,,,
EBA,EBA_mi66,mi66,Carrying amount of Collateral obtained,EBA_Monetary,,,
EBA,EBA_mi678,mi678,Accumulated negative changes for collateral obtained,EBA_Monetary,,,
EBA,EBA_mi679,mi679,Gross carrying amount of collateral obtained,EBA_Monetary,,,
EBA,EBA_mi682,mi682,Amount of cash or cash equivalents collected net of costs,EBA_Monetary,,,
EBA,EBA_mi688,mi688,Write-offs during the period,EBA_Monetary,,,
EBA,EBA_mi689,mi689,Write-offs during the period.Debt forgiveness,EBA_Monetary,,,
EBA,EBA_mi690,mi690,Gross carrying amount of exposures derecognised in exchange for collateral obtained by taking possession,EBA_Monetary,,,
EBA,EBA_mi691,mi691,"Accumulated impairment, accumulated negative changes in fair value due to credit risk for exposures derecognised in exchange for collateral obtained by taking possession",EBA_Monetary,,,
EBA,EBA_mi692,mi692,Cash collected net of costs in exchange of sold collateral,EBA_Monetary,,,
EBA,EBA_mi693,mi693,Fair value of financial instruments replacing collateral sold,EBA_Monetary,,,
EBA,EBA_mi696,mi696,Net cumulated recoveries from litigation procedures concluded during the period,EBA_Monetary,,,
EBA,EBA_mi697,mi697,Gross carrying amount of exposures derecognised due to litigation procedures concluded during the period,EBA_Monetary,,,
EBA,EBA_mi7,mi7,Accumulated impairment,EBA_Monetary,"Cumulative amount of impairment related to financial assets. Details for each portfolio in Annex V, Part 2.",,
EBA,EBA_mi770,mi770,"Value of the collateral (pre haircuts, uncapped)",EBA_Monetary,,,
EBA,EBA_mi772,mi772,Gains and losses on derecognition,EBA_Monetary,,,
EBA,EBA_mi8,mi8,Accumulated write-offs,EBA_Monetary,,,
EBA,EBA_mi9,mi9,Acquisition cost,EBA_Monetary,,,
EBA,EBA_pi221,pi221,Share of equity interest,EBA_Percent,,,
EBA,EBA_pi223,pi223,Share of voting rights,EBA_Percent,,,
EBA,EBA_ri695,ri695,Weighted average of time past due,EBA_Decimal,,,
EBA,EBA_ri769,ri769,Average duration of litigation procedures concluded during the period,EBA_Decimal,,,
EBA,EBA_si168,si168,Name of entity,EBA_String,,,
EBA,EBA_si169,si169,Name of Holding entity,EBA_String,,,
EBA,EBA_si288,si288,LEI code,EBA_String,,,
EBA,EBA_si289,si289,Entity code,EBA_String,,,
EBA,EBA_si293,si293,Credit rating,EBA_String,,,
EBA,EBA_si294,si294,Name of credit rating agency,EBA_String,,,
EBA,EBA_si299,si299,Holding company LEI code,EBA_String,,,
EBA,EBA_si475,si475,Name of Investee,EBA_String,,,
EBA,EBA_si476,si476,National code of the Investee,EBA_String,,,
EBA,EBA_si477,si477,National code of the Holding company,EBA_String,,,
REF,ECAI_ECA,ECAI_ECA,ECAI_ECA,ECAI_ECA,,,
ECB2,ECB2_ACCMLTD_CHNGS_FV_CR,ACCMLTD_CHNGS_FV_CR,Accumulated changes in fair value due to credit risk,ECB2_MNTRY,Accumulated changes in fair value due to credit risk in accordance with Part 2.46 of Annex V to Implementing Regulation (EU) No 680/2014.,,
ECB2,ECB2_ACCMLTD_IMPRMNT,ACCMLTD_IMPRMNT,Accumulated impairment,ECB2_MNTRY,"The amount of loss allowances that are held against or are allocated to the instrument on the reporting reference date. This data attribute applies to instruments subject to impairment under the applied accounting standard. Under IFRS, the accumulated imp",,
ECB2,ECB2_ACCNTNG_CLSSFCTN,ACCNTNG_CLSSFCTN,Accounting classification of instruments,ECB2_CL_SHS_ACCNTNG_CLSSFCTN,Accounting portfolio where the instrument is recorded in accordance with the accounting standard applied by the reporting agent,,
ECB2,ECB2_ACCR_INTR_MV,ACCR_INTR_MV,Accrued interests for market values,ECB2_CL_YES_NO,Accrued interests for market values,,
ECB2,ECB2_APPRCH_PRDNTL_PRPSS,APPRCH_PRDNTL_PRPSS,Approach for prudential purposes,ECB2_CL_SHS_APPRCH_PRDNTL_PRPSS,Identification of the approach used to calculate the risk-weighted exposure amounts for the purposes of points (a) and (f) of Article 92(3) of Regulation (EU) No 575/2013,,
ECB2,ECB2_ARREARS,ARREARS,Arrears for the instrument,ECB2_MNTRY,Arrears for the instrument,,
ECB2,ECB2_ARREARS_DATE,ARREARS_DATE,Date of arrears for the instrument,ECB2_DT,Date of arrears for the instrument,,
ECB2,ECB2_ASSET_SECURITISATION_TYPE,ASSET_SECURITISATION_TYPE,Asset securitisation type,ECB2_AsSeTy,Type of securing asset (source: CSDB),,
ECB2,ECB2_CMLTV_RCVRS_SNC_DFLT,CMLTV_RCVRS_SNC_DFLT,Cumulative recoveries since default,ECB2_MNTRY,The total amount recovered since the date of default.,,
ECB2,ECB2_COLLATERAL_AREA,COLLATERAL_AREA,Collateral geographical location,ECB2_CL_SHS_COLLATERAL_AREA,Collateral geographical location,,
ECB2,ECB2_COMPILING_ORG,COMPILING_ORG,Reporting institution code,ECB2_CL_SHS_ORGANISATION,Reporting institution code,,
ECB2,ECB2_CRRYNG_AMNT,CRRYNG_AMNT,Carrying amount,ECB2_MNTRY,The carrying amount in accordance with Annex V to Implementing Regulation (EU) No 680/2014.,,
ECB2,ECB2_DFLT_STTS_INSTRMNT,DFLT_STTS_INSTRMNT,Default status of the instrument,ECB2_CL_SHS_DFLT_STTS,Identification of the default status of the instrument in accordance with Article 178 of Regulation (EU) No 575/2013,,
ECB2,ECB2_DFLT_STTS_ISSR,DFLT_STTS_ISSR,Default status of the issuer,ECB2_CL_SHS_DFLT_STTS,Identification of the default status of the issuer in accordance with Article 178 of Regulation (EU) No 575/2013,,
ECB2,ECB2_DT_DFLT_STTS_INSTRMNT,DT_DFLT_STTS_INSTRMNT,Date of the default status of the instrument,ECB2_DT,Date of the default status of the instrument,,
ECB2,ECB2_DT_DFLT_STTS_ISSR,DT_DFLT_STTS_ISSR,Date of the default status of the issuer,ECB2_DT,Date of the default status of the issuer,,
ECB2,ECB2_DT_FRBRNC_STTS,DT_FRBRNC_STTS,Date of forbearance and renegotiation status,ECB2_DT,The date on which a forbearance or renegotiation status as reported under 'status of forbearance and renegotiation' is considered to have occurred.,,
ECB2,ECB2_DT_PRFRMNG_STTS,DT_PRFRMNG_STTS,Date of the performing status of the instrument,ECB2_DT,The date on which the performing status as reported in 'performing status of the instrument' is considered to have been established or changed.,,
ECB2,ECB2_EARLY_RED,EARLY_RED,Early redemptions included,ECB2_CL_YES_NO,Early redemptions included,,
ECB2,ECB2_ENTITY_ACC_STANDARD,ENTITY_ACC_STANDARD,Accounting Standard of the entity,ECB2_CL_SHS_ACC_STANDARD,Accounting Standard of the entity,,
ECB2,ECB2_ENTITY_AREA,ENTITY_AREA,Country of residency of the entity,ECB2_CL_SHS_AREA,Country of legal incorporation or domicile of the entity (ISO 3166),,
ECB2,ECB2_ENTITY_ID,ENTITY_ID,Entity,ECB2_STRNG,Entity ID (holder),,
ECB2,ECB2_ENTITY_ID_TYPE,ENTITY_ID_TYPE,Entity ID type,ECB2_CL_SHS_ID_TYPE,Entity ID type,,
ECB2,ECB2_ENTITY_LEI,ENTITY_LEI,Entity LEI,ECB2_STRNG,Entity LEI,,
ECB2,ECB2_ENTITY_NAME,ENTITY_NAME,Name of the entity,ECB2_STRNG,Name of the entity (source: RIAD or SHS Group Hierarchy),,
ECB2,ECB2_ENTITY_SECTOR,ENTITY_SECTOR,ESA 2010 sector of the entity,ECB2_CL_SHS_SECTOR,ESA 2010 sector of the entity (source: RIAD or SHS Group Hierarchy),,
ECB2,ECB2_ENTITY_STATUS,ENTITY_STATUS,Entity status,ECB2_CL_SHS_ENTITY_STATUS,"Supplementary attribute covering the information on the status of the issuers including the default status (as well as the categories describing the circumstances in which the entity can be in default in accordance with Article 178 of Regulation (EU) No 575/2013) and other status types of the party, e.g. merged, acquired etc.",,
ECB2,ECB2_ENTITY_STATUS_DATE,ENTITY_STATUS_DATE,Entity status date,ECB2_DT,Entity status date,,
ECB2,ECB2_EXPSR_CLSS,EXPSR_CLSS,Exposure class as defined in accordance with Regulation (EU) No 575/2013,ECB2_CL_SHS_EXPSR_CLSS,Exposure class as defined in accordance with Regulation (EU) No 575/2013,,
ECB2,ECB2_EXPSR_VL,EXPSR_VL,Exposure Value,ECB2_MNTRY,Exposure Value,,
ECB2,ECB2_FRBRNC_STTS,FRBRNC_STTS,Status of forbearance and renegotiation,ECB2_CL_SHS_FRBRNC_STTS,Identification of forborne and renegotiated instruments,,
ECB2,ECB2_FREQ,FREQ,Frequency,ECB2_CL_FREQ,Reporting frequency,,
ECB2,ECB2_GROUP_ACC_STANDARD,GROUP_ACC_STANDARD,Accounting Standard of the Group,ECB2_CL_SHS_ACC_STANDARD,Accounting Standard of the Group,,
ECB2,ECB2_GROUP_ID,GROUP_ID,Group ID,ECB2_STRNG,Group ID,,
ECB2,ECB2_GROUP_ID_TYPE,GROUP_ID_TYPE,Group ID type,ECB2_CL_SHS_ID_TYPE,Group ID type,,
ECB2,ECB2_GROUP_LEI,GROUP_LEI,Group LEI,ECB2_STRNG,Group LEI,,
ECB2,ECB2_GROUP_NAME,GROUP_NAME,Name of the Group,ECB2_STRNG,Name of the Group,,
ECB2,ECB2_GROUP_SECTOR,GROUP_SECTOR,ESA 2010 Sector of the head of Group,ECB2_CL_SHS_SECTOR,ESA 2010 Sector of the head of Group,,
ECB2,ECB2_GROUP_TYPE,GROUP_TYPE,Group type,ECB2_CL_SHS_GROUP_TYPE,Indicates the grouping status of an issuer,,
ECB2,ECB2_GUARANTOR_ID,GUARANTOR_ID,Guarantor ID,ECB2_STRNG,Guarantor ID,,
ECB2,ECB2_GUARANTOR_ID_TYPE,GUARANTOR_ID_TYPE,Guarantor ID type,ECB2_CL_SHS_ID_TYPE,Guarantor ID type,,
ECB2,ECB2_IDENTIFIER,IDENTIFIER,Identifier value,ECB2_STRNG,Code of the security,,
ECB2,ECB2_IDENTIFIER_TYPE,IDENTIFIER_TYPE,Identifier type,ECB2_CL_SHS_IDENTIFIER_TYPE,Codification type for the security,,
ECB2,ECB2_IMMEDIATE_PARENT_ID,IMMEDIATE_PARENT_ID,Immediate parent ID,ECB2_STRNG,Immediate parent ID,,
ECB2,ECB2_IMMEDIATE_PARENT_ID_TYPE,IMMEDIATE_PARENT_ID_TYPE,Immediate parent ID type,ECB2_CL_SHS_ID_TYPE,Immediate parent ID type,,
ECB2,ECB2_IMPRMNT_ASSSSMNT_MTHD,IMPRMNT_ASSSSMNT_MTHD,Impairment assessment method,ECB2_CL_SHS_IMPRMNT_ASSSSMNT_MTHD,"The method by which it is assessed if the instrument is subject to impairment in accord-ance with applied accounting standards. Collective and individual methods are distin-guished. The attribute may not be available for the reporting of intra-group holdings (prudential scope) and “pure” short positions (i.e. those where no positive amount is held and recorded on the asset side) as well as equity. In this case, a dedicated code ""0"" (for ""not applicable"") has to be provided. Please refer to the description of the attribute in the SHSG Guidance notes on the SHS Regulation for more detailed background information.",,
ECB2,ECB2_IMPRMNT_STTS,IMPRMNT_STTS,Imparement status,ECB2_CL_SHS_IMPRMNT_STTS,Imparement status,,
ECB2,ECB2_INPUT_TYPE_ENTITY,INPUT_TYPE_ENTITY,Type of Input for entity,ECB2_CL_SHS_INPUT_TYPE,Type of Input for entity,,
ECB2,ECB2_INPUT_TYPE_GROUP,INPUT_TYPE_GROUP,Type of Input for group,ECB2_CL_SHS_INPUT_TYPE,Type of Input for group,,
ECB2,ECB2_INSTR_CLASS,INSTR_CLASS,Instrument ESA 2010 class,ECB2_CL_SHS_INSTR_ESA2010,Classification of the security according to ESA 2010 (source: CSDB),,
ECB2,ECB2_INTRA_GROUP_ACC_SCOPE,INTRA_GROUP_ACC_SCOPE,Issuer is part of the Group (accounting scope),ECB2_CL_SHS_ISSUER_RBG,Issuer is part of the Group (accounting scope),,
ECB2,ECB2_INTRA_GROUP_PRUD_SCOPE,INTRA_GROUP_PRUD_SCOPE,Issuer is part of the Group (prudential scope),ECB2_CL_SHS_ISSUER_RBG,Issuer is part of the Group (prudential scope),,
ECB2,ECB2_ISIN,Isin,International Securities Identifying Number,ECB2_STRNG,International Securities Identifying Number,,
ECB2,ECB2_ISSUER_COUNTRY,ISSUER_COUNTRY,Issuer country,ECB2_CL_SHS_ISSUER_AREA,Country of legal incorporation (domiciliation) of the issuer of the security (ISO 3166) (source: CSDB),,
ECB2,ECB2_ISSUER_ID,ISSUER_ID,Issuer ID,ECB2_STRNG,Issuer ID,,
ECB2,ECB2_ISSUER_ID_TYPE,ISSUER_ID_TYPE,Issuer ID type,ECB2_CL_SHS_ID_TYPE,Issuer ID type,,
ECB2,ECB2_ISSUER_LEI,ISSUER_LEI,Issuer LEI,ECB2_STRNG,Issuer LEI,,
ECB2,ECB2_ISSUER_NACE_SECTOR,ISSUER_NACE_SECTOR,Issuer NACE sector,ECB2_CL_SHS_NACE,Main economic activity of the issuer according to NACE (source: CSDB),,
ECB2,ECB2_ISSUER_NAME,ISSUER_NAME,Issuer name,ECB2_STRNG,Name of the issuer (source: CSDB),,
ECB2,ECB2_ISSUER_SECTOR,ISSUER_SECTOR,Issuer ESA 2010 sector,ECB2_CL_SHS_ISSUER_ESA2010,Institutional sector of the issuer according to ESA 2010 (source: CSDB),,
ECB2,ECB2_ISSUE_DATE,ISSUE_DATE,Issue date,ECB2_DT,The date on which the securities are delivered to the underwriter by the issuer against payment (source: CSDB),,
ECB2,ECB2_LGD_DWNTRNS,LGD_DWNTRNS,Loss given default (LGD) in downturns,ECB2_RL,Loss given default (LGD) in downturns,,
ECB2,ECB2_LGD_NRML,LGD_NRML,Loss given default (LGD) in normal economic times,ECB2_RL,Loss given default (LGD) in normal economic times,,
ECB2,ECB2_MAT_DATE,MAT_DATE,Maturity date,ECB2_DT,Date on which the debt security is actually redeemed (source: CSDB),,
ECB2,ECB2_MRKT_VL,MRKT_VL,Market Value,ECB2_MNTRY,Market Value,,
ECB2,ECB2_NMNL_VL,NMNL_VL,Nominal Value,ECB2_MNTRY,Nominal Value,,
ECB2,ECB2_NOM_CURR,NOM_CURR,Nominal currency,ECB2_CL_SHS_CURRENCY,Nominal currency of the security (ISO 4217) (source: CSDB),,
ECB2,ECB2_PD,PD,Probability of default,ECB2_RL,"The counterparty’s probability of default over one year determined in accordance with Articles 160, 163, 179 and 180 of Regulation (EU) No 575/2013.",,
ECB2,ECB2_PRDNTL_PRTFL,PRDNTL_PRTFL,Prudential portfolio,ECB2_CL_SHS_PRDNTL_PRTFL,Prudential portfolio,,
ECB2,ECB2_PRFRMNG_STTS,PRFRMNG_STTS,Performing status,ECB2_CL_SHS_PRFRMNG_STTS,Identification of non-performing instruments in accordance with Commission Implementing Regulation (EU) No 680/2014,,
ECB2,ECB2_PRIMARY_ASSET_CLASS,PRIMARY_ASSET_CLASS,Primary asset classification,ECB2_PrAsCl,Primary asset classification,,
ECB2,ECB2_REPORTING_BASIS,REPORTING_BASIS,Reporting basis,ECB2_CL_SHS_REP_BASIS,Reporting basis (source: NCBs),,
ECB2,ECB2_REP_NOM_CURR,REP_NOM_CURR,Reported Nominal currency,ECB2_CL_SHS_CURRENCY,Reported Nominal currency,,
ECB2,ECB2_RSK_WGHT,RSK_WGHT,Risk-weight,ECB2_RL,Risk-weight,,
ECB2,ECB2_SECURITY_STATUS,SECURITY_STATUS,Security status,ECB2_SecSta,Supplementary attribute allowing to identify whether an security should be included in securities issued statistics (SEC) or not (it can indicate whether the security is alive or not) (source: CSDB),,
ECB2,ECB2_SECURITY_STATUS_DATE,SECURITY_STATUS_DATE,Security status date,ECB2_DT,Security status date,,
ECB2,ECB2_SENIORITY_TYPE,SENIORITY_TYPE,Instrument seniority type,ECB2_InSeTy,Instrument seniority type,,
ECB2,ECB2_SRC_ENCMBRNC,SRC_ENCMBRNC,Source of encumbrance,ECB2_CL_SHS_SRC_ENCMBRNC,"Type of transaction in which the exposure is encumbered in accordance with Implementing Regulation (EU) No 680/2014. An asset will be treated as encumbered if it has been pledged or if it is subject to any form of arrangement to secure, collateralise or credit enhance any instrument from which it cannot be freely withdrawn.",,
ECB2,ECB2_TIME_PERIOD,TIME_PERIOD,Reference period,ECB2_STRNG,Reference period,,
ECB2,ECB2_UNIT_MEASURE,UNIT_MEASURE,Unit,ECB2_CL_SHS_UNIT,Unit,,
ECB2,ECB2_UNIT_MEASURE_NV,UNIT_MEASURE_NV,Unit for Nominal Value,ECB2_CL_SHS_UNIT,Unit for Nominal Value,,
ECB6,ECB6_CBR,CBR,Rating grade,EBA_ER,,,
ECB6,ECB6_PSC,PSC,Pension scheme Surplus/Deficit,EBA_MC,,,
ECB6,ECB6_SPS,SPS,Size of pension scheme,EBA_MC,,,
ECB6,ECB6_TOP,TOP,Type of portfolio,EBA_PL,,,
REF,ECNMC_ACTVTY,ECNMC_ACTVTY,ECNMC_ACTVTY,ECNMC_ACTVTY,,,
REF,ELGBL_CNTRL_BNK_FNDNG,ELGBL_CNTRL_BNK_FNDNG,ELGBL_CNTRL_BNK_FNDNG,ELGBL_CNTRL_BNK_FNDNG,,,
REF,ELGBL_CNTRL_BNK_FNDNG_INDCTR,ELGBL_CNTRL_BNK_FNDNG_INDCTR,ELGBL_CNTRL_BNK_FNDNG_INDCTR,ELGBL_CNTRL_BNK_FNDNG,,,
REF,ELGBL_GRNT_INDCTR,ELGBL_GRNT_INDCTR,ELGBL_GRNT_INDCTR,ELGBL_GRNT_INDCTR,,,
REF,ENCMBRD_ASST_INDCTR,ENCMBRD_ASST_INDCTR,ENCMBRD_ASST_INDCTR,SRC_ENCMBRNC,,,
REF,ENCMBRD_NMBR_SHRS,ENCMBRD_NMBR_SHRS,ENCMBRD_NMBR_SHRS,Integer,,,
REF,ENCMBRD_NMNL_AMNT,ENCMBRD_NMNL_AMNT,ENCMBRD_NMNL_AMNT,Integer,,,
REF,ENTRPRS_INDCTR,ENTRPRS_INDCTR,ENTRPRS_INDCTR,ENTRPRS_INDCTR,,,
REF,ENTRPRS_SZ,ENTRPRS_SZ,ENTRPRS_SZ,SZ,,,
REF,ENTRPRS_SZ_CLCLTD,ENTRPRS_SZ_CLCLTD,ENTRPRS_SZ_CLCLTD,SZ,,,
REF,ENTTY_GRP_RL_TYP,ENTTY_GRP_RL_TYP,ENTTY_GRP_RL_TYP,ENTTY_RL_TYP,,,
REF,ENTTY_RL_TYP,ENTTY_RL_TYP,ENTTY_RL_TYP,ENTTY_RL_TYP,,,
REF,ENTTY_RL_uniqueID,ENTTY_RL_uniqueID,ENTTY_RL_uniqueID,String,,,
REF,ENTTY_TRNSCTN_RL_TYP,ENTTY_TRNSCTN_RL_TYP,ENTTY_TRNSCTN_RL_TYP,ENTTY_RL_TYP,,,
REF,EQTY,EQTY,EQTY,Integer,,,
REF,EQT_INSTRMNT_NT_SCRT_HDG_uniqueID,EQT_INSTRMNT_NT_SCRT_HDG_uniqueID,EQT_INSTRMNT_NT_SCRT_HDG_uniqueID,String,,,
REF,EQUTY_FCTR_TYP,EQUTY_FCTR_TYP,EQUTY_FCTR_TYP,EQUTY_FCTR_TYP,,,
REF,ERLY_RDMPTN_INCLSN_INDCTR,ERLY_RDMPTN_INCLSN_INDCTR,ERLY_RDMPTN_INCLSN_INDCTR,ERLY_RDMPTN_INCLSN_INDCTR,,,
REF,ETD_LBLTY_PSTN_SNTHTC_SCRTSTN_ASSGNMNT_uniqueID,ETD_LBLTY_PSTN_SNTHTC_SCRTSTN_ASSGNMNT_uniqueID,ETD_LBLTY_PSTN_SNTHTC_SCRTSTN_ASSGNMNT_uniqueID,String,,,
REF,EXCHNG_TRDBL_DRVTV_PRTCN_ARRNGMNT_ASSGNMNT_TYP,EXCHNG_TRDBL_DRVTV_PRTCN_ARRNGMNT_ASSGNMNT_TYP,EXCHNG_TRDBL_DRVTV_PRTCN_ARRNGMNT_ASSGNMNT_TYP,EXCHNG_TRDBL_DRVTV_PRTCN_ARRNGMNT_ASSGNMNT_TYP,,,
REF,EXCHNG_TRDBL_DRVTV_PSTN_PRTCN_ARRNGMNT_ASSGNMNT_uniqueID,EXCHNG_TRDBL_DRVTV_PSTN_PRTCN_ARRNGMNT_ASSGNMNT_uniqueID,EXCHNG_TRDBL_DRVTV_PSTN_PRTCN_ARRNGMNT_ASSGNMNT_uniqueID,String,,,
REF,EXCHNG_TRDBL_DRVTV_PSTN_RL_uniqueID,EXCHNG_TRDBL_DRVTV_PSTN_RL_uniqueID,EXCHNG_TRDBL_DRVTV_PSTN_RL_uniqueID,String,,,
REF,EXCHNG_TRDBL_DRVTV_PSTN_uniqueID,EXCHNG_TRDBL_DRVTV_PSTN_uniqueID,EXCHNG_TRDBL_DRVTV_PSTN_uniqueID,String,,,
REF,EXCHNG_TRDBL_DRVTV_SCRTY_ID,EXCHNG_TRDBL_DRVTV_SCRTY_ID,EXCHNG_TRDBL_DRVTV_SCRTY_ID,String,,,
REF,EXCHNG_TRDBL_DRVT_SCRTY_ID,EXCHNG_TRDBL_DRVT_SCRTY_ID,EXCHNG_TRDBL_DRVT_SCRTY_ID,String,,,
REF,EXCSS_CVRG_ASST_SPCFC_VL,EXCSS_CVRG_ASST_SPCFC_VL,EXCSS_CVRG_ASST_SPCFC_VL,Integer,,,
REF,EXCSS_CVRG_NML_AMNT,EXCSS_CVRG_NML_AMNT,EXCSS_CVRG_NML_AMNT,Integer,,,
REF,EXCSS_CVRG_PRSNT_VL_MRKT_VL,EXCSS_CVRG_PRSNT_VL_MRKT_VL,EXCSS_CVRG_PRSNT_VL_MRKT_VL,Integer,,,
REF,EXPSR_CLSS,EXPSR_CLSS,EXPSR_CLSS,EXPSR_CLSS,,,
REF,EXPSR_RCRS_INDCTR,EXPSR_RCRS_INDCTR,EXPSR_RCRS_INDCTR,RCRS,,,
REF,EXPSR_VL,EXPSR_VL,EXPSR_VL,Integer,,,
REF,FDCRY,FDCRY,FDCRY,FDCRY,,,
REF,FNDMNTL_RVW_TRDNG_BK_STNDRD_APPRCH_RSK_MSR_ETD_PSTNS_uniqueID,FNDMNTL_RVW_TRDNG_BK_STNDRD_APPRCH_RSK_MSR_ETD_PSTNS_uniqueID,FNDMNTL_RVW_TRDNG_BK_STNDRD_APPRCH_RSK_MSR_ETD_PSTNS_uniqueID,String,,,
REF,FNDMNTL_RVW_TRDNG_BK_STNDRD_APPRCH_RSK_MSR_FR_SCRTY_PSTNS_uniqueID,FNDMNTL_RVW_TRDNG_BK_STNDRD_APPRCH_RSK_MSR_FR_SCRTY_PSTNS_uniqueID,FNDMNTL_RVW_TRDNG_BK_STNDRD_APPRCH_RSK_MSR_FR_SCRTY_PSTNS_uniqueID,String,,,
REF,FNDMNTL_RVW_TRDNG_BK_STNDRD_APPRCH_RSK_MSR_ID,FNDMNTL_RVW_TRDNG_BK_STNDRD_APPRCH_RSK_MSR_ID,FNDMNTL_RVW_TRDNG_BK_STNDRD_APPRCH_RSK_MSR_ID,String,,,
REF,FNDMNTL_RVW_TRDNG_BK_STNDRD_APPRCH_RSK_MSR_OTC_PSTNS_uniqueID,FNDMNTL_RVW_TRDNG_BK_STNDRD_APPRCH_RSK_MSR_OTC_PSTNS_uniqueID,FNDMNTL_RVW_TRDNG_BK_STNDRD_APPRCH_RSK_MSR_OTC_PSTNS_uniqueID,String,,,
REF,FNNCL_ASST_INSTRMNT_TYP_CRR_123,FNNCL_ASST_INSTRMNT_TYP_CRR_123,FNNCL_ASST_INSTRMNT_TYP_CRR_123,ABSTRCT_INSTRMNT_RL_TYP,,,
REF,FNNCL_ASST_INSTRMNT_TYP_FXD_INTRST_RT,FNNCL_ASST_INSTRMNT_TYP_FXD_INTRST_RT,FNNCL_ASST_INSTRMNT_TYP_FXD_INTRST_RT,ABSTRCT_INSTRMNT_RL_TYP,,,
REF,FNNCL_ASST_INSTRMNT_TYP_INTRST_RT_ONL,FNNCL_ASST_INSTRMNT_TYP_INTRST_RT_ONL,FNNCL_ASST_INSTRMNT_TYP_INTRST_RT_ONL,ABSTRCT_INSTRMNT_RL_TYP,,,
REF,FNNCL_ASST_INSTRMNT_TYP_RNGTTN_STTS,FNNCL_ASST_INSTRMNT_TYP_RNGTTN_STTS,FNNCL_ASST_INSTRMNT_TYP_RNGTTN_STTS,ABSTRCT_INSTRMNT_RL_TYP,,,
REF,FNNCL_CNTRCT_ID,FNNCL_CNTRCT_ID,FNNCL_CNTRCT_ID,String,,,
REF,FNNCL_CNTRCT_TYP,FNNCL_CNTRCT_TYP,FNNCL_CNTRCT_TYP,FNNCL_CNTRCT_TYP,,,
REF,FNNCL_CNTRCT_uniqueID,FNNCL_CNTRCT_uniqueID,FNNCL_CNTRCT_uniqueID,String,,,
REF,FNNCL_GRNT_INSTRMNT_DBT_SCRT_DBT_SCRTY_ASSGNMNT_uniqueID,FNNCL_GRNT_INSTRMNT_DBT_SCRT_DBT_SCRTY_ASSGNMNT_uniqueID,FNNCL_GRNT_INSTRMNT_DBT_SCRT_DBT_SCRTY_ASSGNMNT_uniqueID,String,,,
REF,FRBRNC_MSR_CNT,FRBRNC_MSR_CNT,FRBRNC_MSR_CNT,Integer,,,
REF,FRBRNC_MSR_GRNTD_RFRNC_PRD_INDCTR,FRBRNC_MSR_GRNTD_RFRNC_PRD_INDCTR,FRBRNC_MSR_GRNTD_RFRNC_PRD_INDCTR,FRBRNC_MSR_GRNTD_DRNG_RFRNC_PRD,,,
REF,FRBRNC_MSR_TYP,FRBRNC_MSR_TYP,FRBRNC_MSR_TYP,FRBRNC_MSR_TYP,,,
REF,FRST_NM,FRST_NM,FRST_NM,String,,,
REF,FRZNG_PRD_DYS,FRZNG_PRD_DYS,FRZNG_PRD_DYS,Integer,,,
REF,FR_VL_DCRS_CNTNGNT_ENCMBRNC_uniqueID,FR_VL_DCRS_CNTNGNT_ENCMBRNC_uniqueID,FR_VL_DCRS_CNTNGNT_ENCMBRNC_uniqueID,String,,,
REF,FV,FV,FV,Integer,,,
REF,FVO_DSGNTN,FVO_DSGNTN,FVO_DSGNTN,FVO_DSGNTN,,,
REF,FV_CHNG,FV_CHNG,FV_CHNG,Integer,,,
REF,FV_CHNGS_HDG_ACCNTNG,FV_CHNGS_HDG_ACCNTNG,FV_CHNGS_HDG_ACCNTNG,Integer,,,
REF,FV_CHNG_CR_BFR_PRCHS,FV_CHNG_CR_BFR_PRCHS,FV_CHNG_CR_BFR_PRCHS,Integer,,,
REF,FV_HRRCHY,FV_HRRCHY,FV_HRRCHY,FV_HRRCHY,,,
REF,FV_INVSTMNTS_PBLSHD_PRC_QTTNS,FV_INVSTMNTS_PBLSHD_PRC_QTTNS,FV_INVSTMNTS_PBLSHD_PRC_QTTNS,Integer,,,
REF,GCA_EXPSR_DRCGNSD_EXCHNG_CLLTRL,GCA_EXPSR_DRCGNSD_EXCHNG_CLLTRL,GCA_EXPSR_DRCGNSD_EXCHNG_CLLTRL,Integer,,,
REF,GDWLL_INVST,GDWLL_INVST,GDWLL_INVST,Integer,,,
REF,GIRR_DLTA_RSK_PSTN,GIRR_DLTA_RSK_PSTN,GIRR_DLTA_RSK_PSTN,Integer,,,
REF,GIRR_FCTR_TYP,GIRR_FCTR_TYP,GIRR_FCTR_TYP,GIRR_RSK_FCTR,,,
REF,GLD_CLLTRL_LG_GLD_CLLTRL_ASSGNMNT_uniqueID,GLD_CLLTRL_LG_GLD_CLLTRL_ASSGNMNT_uniqueID,GLD_CLLTRL_LG_GLD_CLLTRL_ASSGNMNT_uniqueID,String,,,
REF,GNRL_ALLWNCS_BNK_RSK,GNRL_ALLWNCS_BNK_RSK,GNRL_ALLWNCS_BNK_RSK,Integer,,,
REF,GNRL_ALLWNCS_CRDT_RSK,GNRL_ALLWNCS_CRDT_RSK,GNRL_ALLWNCS_CRDT_RSK,Integer,,,
REF,GRP_ID,GRP_ID,GRP_ID,String,,,
REF,GRP_KY_MNGMNT_PRSNLL_ASSGNMNT_uniqueID,GRP_KY_MNGMNT_PRSNLL_ASSGNMNT_uniqueID,GRP_KY_MNGMNT_PRSNLL_ASSGNMNT_uniqueID,String,,,
REF,GRP_KY_MNGMNT_PRSNNL_ASSGNMNT_TYP,GRP_KY_MNGMNT_PRSNNL_ASSGNMNT_TYP,GRP_KY_MNGMNT_PRSNNL_ASSGNMNT_TYP,GRP_KY_MNGMNT_PRSNNL_ASSGNMNT_TYP,,,
REF,GRP_RL_TYP,GRP_RL_TYP,GRP_RL_TYP,GRP_RL_TYP,,,
REF,GRP_uniqueID,GRP_uniqueID,GRP_uniqueID,String,,,
REF,GRSS_CRRYNG_AMNT,GRSS_CRRYNG_AMNT,GRSS_CRRYNG_AMNT,Integer,,,
REF,GRSS_CRRYNG_AMNT_E_INTRST,GRSS_CRRYNG_AMNT_E_INTRST,GRSS_CRRYNG_AMNT_E_INTRST,Integer,,,
REF,GVRND_CNTRY_CD,GVRND_CNTRY_CD,GVRND_CNTRY_CD,GGRPHCL_ARS,,,
REF,HDGD_ITMS_FV_CHNGS,HDGD_ITMS_FV_CHNGS,HDGD_ITMS_FV_CHNGS,Integer,,,
REF,HDGD_PRTFL_ASST_LBLTY_INDCTR,HDGD_PRTFL_ASST_LBLTY_INDCTR,HDGD_PRTFL_ASST_LBLTY_INDCTR,HDGD_PRTFL_ASST_LBLTY_INDCTR,,,
REF,HLD_SL_INDCTR,HLD_SL_INDCTR,HLD_SL_INDCTR,HLD_SL_INDCTR,,,
REF,HQLA_INDCTR,HQLA_INDCTR,HQLA_INDCTR,HQLA_INDCTR,,,
REF,HRCTS_TRDNG_PSTNS_FV,HRCTS_TRDNG_PSTNS_FV,HRCTS_TRDNG_PSTNS_FV,Integer,,,
REF,IDNTFR_TYP,IDNTFR_TYP,IDNTFR_TYP,TYP_INSTRMNT_ID,,,
REF,IMMDT_PRNT_CNTRL_BNK_PRVT_SCTR_CMPNY_PRTY_ID,IMMDT_PRNT_CNTRL_BNK_PRVT_SCTR_CMPNY_PRTY_ID,IMMDT_PRNT_CNTRL_BNK_PRVT_SCTR_CMPNY_PRTY_ID,String,,,
REF,IMMDT_PRNT_ENTRPRS_ASSGNMNT_uniqueID,IMMDT_PRNT_ENTRPRS_ASSGNMNT_uniqueID,IMMDT_PRNT_ENTRPRS_ASSGNMNT_uniqueID,String,,,
REF,IMMDT_PRNT_ENTRPRS_PRTY_ID,IMMDT_PRNT_ENTRPRS_PRTY_ID,IMMDT_PRNT_ENTRPRS_PRTY_ID,String,,,
REF,IMMDT_PRNT_ENTRPRS_PRTY_RL_TYP,IMMDT_PRNT_ENTRPRS_PRTY_RL_TYP,IMMDT_PRNT_ENTRPRS_PRTY_RL_TYP,ENTTY_RL_TYP,,,
REF,IMMDT_PRNT_RGLTN_867_2016_INDCTR,IMMDT_PRNT_RGLTN_867_2016_INDCTR,IMMDT_PRNT_RGLTN_867_2016_INDCTR,IMMDT_PRNT_ANCRDT_INDCTR,,,
REF,IMPRMNT_ASSSSMNT_MTHD,IMPRMNT_ASSSSMNT_MTHD,IMPRMNT_ASSSSMNT_MTHD,IMPRMNT_ASSSSMNT_MTHD,,,
REF,IMPRMNT_STTS,IMPRMNT_STTS,IMPRMNT_STTS,CRDT_QLTY,,,
REF,INSTRMNT_CLLTRL_ASSGNMNT_TYP,INSTRMNT_CLLTRL_ASSGNMNT_TYP,INSTRMNT_CLLTRL_ASSGNMNT_TYP,INSTRMNT_CLLTRL_ASSGNMNT_TYP,,,
REF,INSTRMNT_CLLTRL_ASSGNMNT_uniqueID,INSTRMNT_CLLTRL_ASSGNMNT_uniqueID,INSTRMNT_CLLTRL_ASSGNMNT_uniqueID,String,,,
REF,INSTRMNT_CLLTRL_RCVD_INSTRMNT_ASSGNMNT_TYP,INSTRMNT_CLLTRL_RCVD_INSTRMNT_ASSGNMNT_TYP,INSTRMNT_CLLTRL_RCVD_INSTRMNT_ASSGNMNT_TYP,INSTRMNT_CLLTRL_INSTRMNT_ASSGNMNT_TYP,,,
REF,INSTRMNT_CLLTRL_RCVD_INSTRMNT_ASSGNMNT_uniqueID,INSTRMNT_CLLTRL_RCVD_INSTRMNT_ASSGNMNT_uniqueID,INSTRMNT_CLLTRL_RCVD_INSTRMNT_ASSGNMNT_uniqueID,String,,,
REF,INSTRMNT_ENTTY_RL_ASSGNMNT_TYP,INSTRMNT_ENTTY_RL_ASSGNMNT_TYP,INSTRMNT_ENTTY_RL_ASSGNMNT_TYP,INSTRMNT_ENTTY_RL_ASSGNMNT_TYP,,,
REF,INSTRMNT_ENTTY_RL_ASSGNMNT_uniqueID,INSTRMNT_ENTTY_RL_ASSGNMNT_uniqueID,INSTRMNT_ENTTY_RL_ASSGNMNT_uniqueID,String,,,
REF,INSTRMNT_HDGD_EXCHNG_TRDBL_DRVTV_uniqueID,INSTRMNT_HDGD_EXCHNG_TRDBL_DRVTV_uniqueID,INSTRMNT_HDGD_EXCHNG_TRDBL_DRVTV_uniqueID,String,,,
REF,INSTRMNT_HDGD_OTC_DRVTV_uniqueID,INSTRMNT_HDGD_OTC_DRVTV_uniqueID,INSTRMNT_HDGD_OTC_DRVTV_uniqueID,String,,,
REF,INSTRMNT_ID,INSTRMNT_ID,INSTRMNT_ID,String,,,
REF,INSTRMNT_PRTCTN_ARRNGMNT_ASSGNMNT_TYP,INSTRMNT_PRTCTN_ARRNGMNT_ASSGNMNT_TYP,INSTRMNT_PRTCTN_ARRNGMNT_ASSGNMNT_TYP,INSTRMNT_PRTCTN_ARRNGMNT_ASSGNMNT_TYP,,,
REF,INSTRMNT_PRTCTN_ARRNGMNT_ASSGNMNT_uniqueID,INSTRMNT_PRTCTN_ARRNGMNT_ASSGNMNT_uniqueID,INSTRMNT_PRTCTN_ARRNGMNT_ASSGNMNT_uniqueID,String,,,
REF,INSTRMNT_RL_uniqueID,INSTRMNT_RL_uniqueID,INSTRMNT_RL_uniqueID,String,,,
REF,INSTRMNT_TYP_ORGN,INSTRMNT_TYP_ORGN,INSTRMNT_TYP_ORGN,TYP_INSTRMNT,,,
REF,INSTRMNT_uniqueID,INSTRMNT_uniqueID,INSTRMNT_uniqueID,String,,,
REF,INSTTNL_SCTR_EBA_ITS,INSTTNL_SCTR_EBA_ITS,INSTTNL_SCTR_EBA_ITS,INSTTTNL_SCTR,,,
REF,INSTTNL_SCTR_SHS,INSTTNL_SCTR_SHS,INSTTNL_SCTR_SHS,INSTTTNL_SCTR,,,
REF,INSTTTNL_SCTR,INSTTTNL_SCTR,INSTTTNL_SCTR,INSTTTNL_SCTR,,,
REF,INSTTTNL_SCTR_CNTRL,INSTTTNL_SCTR_CNTRL,INSTTTNL_SCTR_CNTRL,INSTTTNL_SCTR_CNTRL,,,
REF,INTL_IMPRMNT_STTS,INTL_IMPRMNT_STTS,INTL_IMPRMNT_STTS,CRDT_QLTY,,,
REF,INTL_RCGNTN_VL,INTL_RCGNTN_VL,INTL_RCGNTN_VL,Integer,,,
REF,INTRNL_GRP_RL_uniqueID,INTRNL_GRP_RL_uniqueID,INTRNL_GRP_RL_uniqueID,String,,,
REF,INTRNTNL_ORGNSTN_CD,INTRNTNL_ORGNSTN_CD,INTRNTNL_ORGNSTN_CD,GGRPHCL_ARS,,,
REF,INTRST_RT_CP,INTRST_RT_CP,INTRST_RT_CP,Float,,,
REF,INTRST_RT_FLR,INTRST_RT_FLR,INTRST_RT_FLR,Float,,,
REF,INTRST_RT_RSK_HDG_PRTFL_uniqueID,INTRST_RT_RSK_HDG_PRTFL_uniqueID,INTRST_RT_RSK_HDG_PRTFL_uniqueID,String,,,
REF,INTRST_RT_RST_FRQNCY,INTRST_RT_RST_FRQNCY,INTRST_RT_RST_FRQNCY,FRQNCY,,,
REF,INTRST_RT_SPRD,INTRST_RT_SPRD,INTRST_RT_SPRD,Float,,,
REF,INVSTR_PRTY_ID,INVSTR_PRTY_ID,INVSTR_PRTY_ID,String,,,
REF,INVSTR_PRTY_RL_TYP,INVSTR_PRTY_RL_TYP,INVSTR_PRTY_RL_TYP,ENTTY_RL_TYP,,,
REF,ISIN,ISIN,ISIN,String,,,
REF,IS_LSTD,IS_LSTD,IS_LSTD,BLN,,,
REF,JNT_LBLTY_AMNT,JNT_LBLTY_AMNT,JNT_LBLTY_AMNT,Integer,,,
REF,KB_PR_BCKT_uniqueID,KB_PR_BCKT_uniqueID,KB_PR_BCKT_uniqueID,String,,,
REF,LDNG_BRNCH_ANCRDT_RPRTNG_INDCTR,LDNG_BRNCH_ANCRDT_RPRTNG_INDCTR,LDNG_BRNCH_ANCRDT_RPRTNG_INDCTR,PRTY_TYP,,,
REF,LEI,LEI,LEI,String,,,
REF,LGD_DWNTRNS,LGD_DWNTRNS,LGD_DWNTRNS,Float,,,
REF,LGD_NRML,LGD_NRML,LGD_NRML,Float,,,
REF,LGL_FRM,LGL_FRM,LGL_FRM,LGL_FRM,,,
REF,LGL_PRCDNG_STTS,LGL_PRCDNG_STTS,LGL_PRCDNG_STTS,LGL_PRCDNG_STTS,,,
REF,LNG_DBT_SCRTY_PSTN_ENCMBRNC_DRVD_DT_uniqueID,LNG_DBT_SCRTY_PSTN_ENCMBRNC_DRVD_DT_uniqueID,LNG_DBT_SCRTY_PSTN_ENCMBRNC_DRVD_DT_uniqueID,String,,,
REF,LNG_EQTY_FND_SCRYT_PSTN_ENCMBRNC_DT_uniqueID,LNG_EQTY_FND_SCRYT_PSTN_ENCMBRNC_DT_uniqueID,LNG_EQTY_FND_SCRYT_PSTN_ENCMBRNC_DT_uniqueID,String,,,
REF,LNG_NN_NGTBL_SCRTY_PSTN_CLLTRL_ASSGNMNT_uniqueID,LNG_NN_NGTBL_SCRTY_PSTN_CLLTRL_ASSGNMNT_uniqueID,LNG_NN_NGTBL_SCRTY_PSTN_CLLTRL_ASSGNMNT_uniqueID,String,,,
REF,LNG_SCRTY_PSTN_HDG_uniqueID,LNG_SCRTY_PSTN_HDG_uniqueID,LNG_SCRTY_PSTN_HDG_uniqueID,String,,,
REF,LNG_SCRTY_PSTN_PRDNTL_PRTFL_ASSGNMNT_ACCNTNG_CLSSFCTN_FNNCL_ASSTS_ASSGNMNT_uniqueID,LNG_SCRTY_PSTN_PRDNTL_PRTFL_ASSGNMNT_ACCNTNG_CLSSFCTN_FNNCL_ASSTS_ASSGNMNT_uniqueID,LNG_SCRTY_PSTN_PRDNTL_PRTFL_ASSGNMNT_ACCNTNG_CLSSFCTN_FNNCL_ASSTS_ASSGNMNT_uniqueID,String,,,
REF,LNG_SCRTY_PSTN_PRDNTL_PRTFL_ASSGNMNT_RSK_DT_uniqueID,LNG_SCRTY_PSTN_PRDNTL_PRTFL_ASSGNMNT_RSK_DT_uniqueID,LNG_SCRTY_PSTN_PRDNTL_PRTFL_ASSGNMNT_RSK_DT_uniqueID,String,,,
REF,LNG_SCRTY_PSTN_PRDNTL_PRTFL_ASSGNMNT_uniqueID,LNG_SCRTY_PSTN_PRDNTL_PRTFL_ASSGNMNT_uniqueID,LNG_SCRTY_PSTN_PRDNTL_PRTFL_ASSGNMNT_uniqueID,String,,,
REF,LNG_SCRTY_PSTN_PRDNTL_PRTFL_TYP,LNG_SCRTY_PSTN_PRDNTL_PRTFL_TYP,LNG_SCRTY_PSTN_PRDNTL_PRTFL_TYP,LNG_SCRTY_PSTN_PRDNTL_PRTFL_ASSGNMNT_TYP,,,
REF,LNG_SCRTY_PSTN_PRTCTN_ARRNGMNT_GVN_ASSGNMNT_uniqueID,LNG_SCRTY_PSTN_PRTCTN_ARRNGMNT_GVN_ASSGNMNT_uniqueID,LNG_SCRTY_PSTN_PRTCTN_ARRNGMNT_GVN_ASSGNMNT_uniqueID,String,,,
REF,LNKD_ENTRPRS_ASSGNMNT_uniqueID,LNKD_ENTRPRS_ASSGNMNT_uniqueID,LNKD_ENTRPRS_ASSGNMNT_uniqueID,String,,,
REF,LNKD_ENTRPRS_PRTY_ID,LNKD_ENTRPRS_PRTY_ID,LNKD_ENTRPRS_PRTY_ID,String,,,
REF,LNKD_ENTRPRS_PRTY_RL_TYP,LNKD_ENTRPRS_PRTY_RL_TYP,LNKD_ENTRPRS_PRTY_RL_TYP,ENTTY_RL_TYP,,,
REF,LN_EXCLDNG_RPRCHS_AGRMNT_AND_ADVNC_HDG_uniqueID,LN_EXCLDNG_RPRCHS_AGRMNT_AND_ADVNC_HDG_uniqueID,LN_EXCLDNG_RPRCHS_AGRMNT_AND_ADVNC_HDG_uniqueID,String,,,
REF,LSTD_CNTRL_BNK_PRVT_SCTR_CMPNY_INDCTR,LSTD_CNTRL_BNK_PRVT_SCTR_CMPNY_INDCTR,LSTD_CNTRL_BNK_PRVT_SCTR_CMPNY_INDCTR,BLN,,,
REF,LST_NM,LST_NM,LST_NM,String,,,
REF,LTGTN_STTS,LTGTN_STTS,LTGTN_STTS,LTGTN_STTS,,,
REF,LT_SSTNBL_VL,LT_SSTNBL_VL,LT_SSTNBL_VL,Integer,,,
REF,LW_CRDT_RSK_INDCTR,LW_CRDT_RSK_INDCTR,LW_CRDT_RSK_INDCTR,LW_CRDT_RSK_INDCTR,,,
REF,MLTLTRL_DVLPMNT_BNK_INDCTR,MLTLTRL_DVLPMNT_BNK_INDCTR,MLTLTRL_DVLPMNT_BNK_INDCTR,MLTLTRL_DVLPMNT_BNK_INDCTR,,,
REF,MLTPL_FRBRNC_MSRS_INDCTR,MLTPL_FRBRNC_MSRS_INDCTR,MLTPL_FRBRNC_MSRS_INDCTR,MLTPL_FRBRNC_MSR_INDCTR,,,
REF,MNMM_RSRV_AMNT,MNMM_RSRV_AMNT,MNMM_RSRV_AMNT,Integer,,,
REF,MN_DBTR_INDCTR,MN_DBTR_INDCTR,MN_DBTR_INDCTR,MN_DBTR_INDCTR,,,
REF,MRKT_CPTLSTN_INDCTR,MRKT_CPTLSTN_INDCTR,MRKT_CPTLSTN_INDCTR,MRKT_CP,,,
REF,MRKT_VL,MRKT_VL,MRKT_VL,Integer,,,
REF,MSRMNT_MTHD,MSRMNT_MTHD,MSRMNT_MTHD,MSRMNT_MTHD,,,
REF,MSTR_AGRMNT_ENTTY_RL_ASSGNMNT_uniqueID,MSTR_AGRMNT_ENTTY_RL_ASSGNMNT_uniqueID,MSTR_AGRMNT_ENTTY_RL_ASSGNMNT_uniqueID,String,,,
REF,MSTR_AGRMNT_FNNCL_CNTRCT_ASSGNMNT_uniqueID,MSTR_AGRMNT_FNNCL_CNTRCT_ASSGNMNT_uniqueID,MSTR_AGRMNT_FNNCL_CNTRCT_ASSGNMNT_uniqueID,String,,,
REF,MSTR_AGRMNT_ID,MSTR_AGRMNT_ID,MSTR_AGRMNT_ID,String,,,
REF,MSTR_AGRMNT_uniqueID,MSTR_AGRMNT_uniqueID,MSTR_AGRMNT_uniqueID,String,,,
REF,NGTBL_SCRTY_INDCTR,NGTBL_SCRTY_INDCTR,NGTBL_SCRTY_INDCTR,NGTBL_SCRTY,,,
REF,NGTBL_SCRTY_PSTN_INDCTR,NGTBL_SCRTY_PSTN_INDCTR,NGTBL_SCRTY_PSTN_INDCTR,SCRTY_EXCHNG_TRDBL_DRVTV_PSTN_TYP,,,
REF,NMBR_EMPLYS,NMBR_EMPLYS,NMBR_EMPLYS,Float,,,
REF,NMBR_SHRS,NMBR_SHRS,NMBR_SHRS,Integer,,,
REF,NMNL_AMNT,NMNL_AMNT,NMNL_AMNT,Integer,,,
REF,NM_ENTTY,NM_ENTTY,NM_ENTTY,String,,,
REF,NN_FNNCL_ASST_ID,NN_FNNCL_ASST_ID,NN_FNNCL_ASST_ID,String,,,
REF,NN_FNNCL_ASST_uniqueID,NN_FNNCL_ASST_uniqueID,NN_FNNCL_ASST_uniqueID,String,,,
REF,NN_FNNCL_LBLTY_ID,NN_FNNCL_LBLTY_ID,NN_FNNCL_LBLTY_ID,String,,,
REF,NN_FNNCL_LBLTY_uniqueID,NN_FNNCL_LBLTY_uniqueID,NN_FNNCL_LBLTY_uniqueID,String,,,
REF,NN_MMBR_STT_CNTRY_CD,NN_MMBR_STT_CNTRY_CD,NN_MMBR_STT_CNTRY_CD,GGRPHCL_ARS,,,
REF,NN_PRFRMNG_EXT_CRTR_MT_INDCTR,NN_PRFRMNG_EXT_CRTR_MT_INDCTR,NN_PRFRMNG_EXT_CRTR_MT_INDCTR,FLD_NN_PRFRMNG_EXT_CRTR_INDCTR,,,
REF,NN_PRFRMNG_PRR_FRBRNC_INDCTR,NN_PRFRMNG_PRR_FRBRNC_INDCTR,NN_PRFRMNG_PRR_FRBRNC_INDCTR,NN_PRFRMNG_PRR_FRBRNC_INDCTR,,,
REF,NTNL_AMNT,NTNL_AMNT,NTNL_AMNT,Integer,,,
REF,NTRL_PRSN_GRP_RL_PRTY_ID,NTRL_PRSN_GRP_RL_PRTY_ID,NTRL_PRSN_GRP_RL_PRTY_ID,String,,,
REF,NTRL_PRSN_GRP_RL_TYP,NTRL_PRSN_GRP_RL_TYP,NTRL_PRSN_GRP_RL_TYP,ENTTY_RL_TYP,,,
REF,NTRL_PRSN_KY_MNGMNT_PRSNLL_ASSGNMNT_uniqueID,NTRL_PRSN_KY_MNGMNT_PRSNLL_ASSGNMNT_uniqueID,NTRL_PRSN_KY_MNGMNT_PRSNLL_ASSGNMNT_uniqueID,String,,,
REF,OFFCL_SCRTY_ID,OFFCL_SCRTY_ID,OFFCL_SCRTY_ID,String,,,
REF,OFF_BLNC_SHT_AMNT,OFF_BLNC_SHT_AMNT,OFF_BLNC_SHT_AMNT,Integer,,,
REF,OPTN_MTRTY,OPTN_MTRTY,OPTN_MTRTY,Float,,,
REF,ORGNL_CSH_RSRV_AMNT,ORGNL_CSH_RSRV_AMNT,ORGNL_CSH_RSRV_AMNT,Integer,,,
REF,ORGNL_MTRTY_INTRVL,ORGNL_MTRTY_INTRVL,ORGNL_MTRTY_INTRVL,TM_INTRVL,,,
REF,ORGNL_NMNL_AMNT,ORGNL_NMNL_AMNT,ORGNL_NMNL_AMNT,Integer,,,
REF,ORGNL_PRTCTN_VL,ORGNL_PRTCTN_VL,ORGNL_PRTCTN_VL,Integer,,,
REF,ORGNSTN_RL_TYP,ORGNSTN_RL_TYP,ORGNSTN_RL_TYP,ENTTY_RL_TYP,,,
REF,ORGNSTN_TYP_BY_PRCDNG_STTS,ORGNSTN_TYP_BY_PRCDNG_STTS,ORGNSTN_TYP_BY_PRCDNG_STTS,PRTY_TYP,,,
REF,OTC_DRVTV_ADDTNL_ENCMBRD_CRRYNG_AMNT,OTC_DRVTV_ADDTNL_ENCMBRD_CRRYNG_AMNT,OTC_DRVTV_ADDTNL_ENCMBRD_CRRYNG_AMNT,Integer,,,
REF,OTC_DRVTV_CRRNCY_DPRCTN_CRRYNG_AMNT,OTC_DRVTV_CRRNCY_DPRCTN_CRRYNG_AMNT,OTC_DRVTV_CRRNCY_DPRCTN_CRRYNG_AMNT,Integer,,,
REF,OTC_DRVTV_HDG_ACCNTNG_STNDRD_TYP,OTC_DRVTV_HDG_ACCNTNG_STNDRD_TYP,OTC_DRVTV_HDG_ACCNTNG_STNDRD_TYP,OTC_DRVTV_HDG_ACCNTNG_STNDRD_TYP,,,
REF,OTC_DRVTV_HDG_uniqueID,OTC_DRVTV_HDG_uniqueID,OTC_DRVTV_HDG_uniqueID,String,,,
REF,OTC_DRVTV_ID,OTC_DRVTV_ID,OTC_DRVTV_ID,String,,,
REF,OTC_DRVTV_INSTRMNT_SNTHTC_SCRTSTN_ASSGNMNT_uniqueID,OTC_DRVTV_INSTRMNT_SNTHTC_SCRTSTN_ASSGNMNT_uniqueID,OTC_DRVTV_INSTRMNT_SNTHTC_SCRTSTN_ASSGNMNT_uniqueID,String,,,
REF,OTHR_ORGNSTN_RL_TYP,OTHR_ORGNSTN_RL_TYP,OTHR_ORGNSTN_RL_TYP,ENTTY_RL_TYP,,,
REF,OTHR_PRTY_CD,OTHR_PRTY_CD,OTHR_PRTY_CD,String,,,
REF,OTHR_PRTY_ID_uniqueID,OTHR_PRTY_ID_uniqueID,OTHR_PRTY_ID_uniqueID,String,,,
REF,OTHR_SRCS_ENCMBRNC_ADDTNL_ENCMBRD_CRRYNG_AMNT,OTHR_SRCS_ENCMBRNC_ADDTNL_ENCMBRD_CRRYNG_AMNT,OTHR_SRCS_ENCMBRNC_ADDTNL_ENCMBRD_CRRYNG_AMNT,Integer,,,
REF,OTHR_SRCS_ENCMBRNC_CRRNCY_DPRCTN_CRRYNG_AMNT,OTHR_SRCS_ENCMBRNC_CRRNCY_DPRCTN_CRRYNG_AMNT,OTHR_SRCS_ENCMBRNC_CRRNCY_DPRCTN_CRRYNG_AMNT,Integer,,,
REF,OVRDRFT_INDCTR,OVRDRFT_INDCTR,OVRDRFT_INDCTR,OVRDRFT_INDCTR,,,
REF,OWN_CMPNY_INVSTMNT_INDCTR,OWN_CMPNY_INVSTMNT_INDCTR,OWN_CMPNY_INVSTMNT_INDCTR,OWN_CMPNY_INVSTMNT_INDCTR,,,
REF,PD,PD,PD,Float,,,
REF,PLLNG_EFFCT_INDCTR,PLLNG_EFFCT_INDCTR,PLLNG_EFFCT_INDCTR,PLLNG_EFFCT_INDCTR,,,
REF,PLNNNG_PRMSSN_INDCTR,PLNNNG_PRMSSN_INDCTR,PLNNNG_PRMSSN_INDCTR,PLNNNG_PRMSSN_INDCTR,,,
REF,PRCNTG_RTND,PRCNTG_RTND,PRCNTG_RTND,Float,,,
REF,PRCNTG_TRNSFRD,PRCNTG_TRNSFRD,PRCNTG_TRNSFRD,Float,,,
REF,PRDNTL_PRTFL_TYP,PRDNTL_PRTFL_TYP,PRDNTL_PRTFL_TYP,PRDNTL_PRTFL,,,
REF,PRFRMNG_FRBRN_EXPSR_UNDR_PRBTN_RCLSSFD_NN_PRFRMNG_INDCTR,PRFRMNG_FRBRN_EXPSR_UNDR_PRBTN_RCLSSFD_NN_PRFRMNG_INDCTR,PRFRMNG_FRBRN_EXPSR_UNDR_PRBTN_RCLSSFD_NN_PRFRMNG_INDCTR,NN_PRFRMNG_PRR_FRBRNC_INDCTR,,,
REF,PRFRMNG_STTS,PRFRMNG_STTS,PRFRMNG_STTS,CRDT_QLTY,,,
REF,PRFRMNG_STTS_RSN,PRFRMNG_STTS_RSN,PRFRMNG_STTS_RSN,PRFRMNG_STTS_RSN,,,
REF,PRFT_LSS,PRFT_LSS,PRFT_LSS,Integer,,,
REF,PRJCT_FNNC_LN,PRJCT_FNNC_LN,PRJCT_FNNC_LN,PRJCT_FNNC_LN,,,
REF,PRMRY_ASST_CLSSFCTN,PRMRY_ASST_CLSSFCTN,PRMRY_ASST_CLSSFCTN,PRMRY_ASST_CLSSFCTN,,,
REF,PRMRY_ASST_CLSS_CVR_PL,PRMRY_ASST_CLSS_CVR_PL,PRMRY_ASST_CLSS_CVR_PL,PRMRY_ASST_CLSS_CVR_PL,,,
REF,PRMRY_PRTCTN_PRVDR_INDCTR,PRMRY_PRTCTN_PRVDR_INDCTR,PRMRY_PRTCTN_PRVDR_INDCTR,PRMRY_PRTCTN_PRVDR_INDCTR,,,
REF,PRPS,PRPS,PRPS,PRPS,,,
REF,PRPTL_DBT_SCRTY_INDCTR,PRPTL_DBT_SCRTY_INDCTR,PRPTL_DBT_SCRTY_INDCTR,SCRTY_EXCHNG_TRDBL_DRVTV_TYP,,,
REF,PRSNT_VL,PRSNT_VL,PRSNT_VL,Integer,,,
REF,PRTCTN_ALLCTD_VL,PRTCTN_ALLCTD_VL,PRTCTN_ALLCTD_VL,Integer,,,
REF,PRTCTN_ARRNGMNT_ID,PRTCTN_ARRNGMNT_ID,PRTCTN_ARRNGMNT_ID,String,,,
REF,PRTCTN_ARRNGMNT_RL_TYP,PRTCTN_ARRNGMNT_RL_TYP,PRTCTN_ARRNGMNT_RL_TYP,PRTCTN_ARRNGMNT_RL_TYP,,,
REF,PRTCTN_ARRNGMNT_RL_uniqueID,PRTCTN_ARRNGMNT_RL_uniqueID,PRTCTN_ARRNGMNT_RL_uniqueID,String,,,
REF,PRTCTN_ARRNGMNT_RS_INDCTR,PRTCTN_ARRNGMNT_RS_INDCTR,PRTCTN_ARRNGMNT_RS_INDCTR,PRTCTN_ARRNGMNT_RS_INDCTR,,,
REF,PRTCTN_ARRNGMNT_TYP,PRTCTN_ARRNGMNT_TYP,PRTCTN_ARRNGMNT_TYP,ARRNGMNT_TYP,,,
REF,PRTCTN_ARRNGMNT_uniqueID,PRTCTN_ARRNGMNT_uniqueID,PRTCTN_ARRNGMNT_uniqueID,String,,,
REF,PRTCTN_ID,PRTCTN_ID,PRTCTN_ID,String,,,
REF,PRTCTN_PRTCTN_PRVD_ASSGNMNT_uniqueID,PRTCTN_PRTCTN_PRVD_ASSGNMNT_uniqueID,PRTCTN_PRTCTN_PRVD_ASSGNMNT_uniqueID,String,,,
REF,PRTNR_ENTRPRS_ASSGNMNT_uniqueID,PRTNR_ENTRPRS_ASSGNMNT_uniqueID,PRTNR_ENTRPRS_ASSGNMNT_uniqueID,String,,,
REF,PRTNR_ENTRPRS_PRTY_ID,PRTNR_ENTRPRS_PRTY_ID,PRTNR_ENTRPRS_PRTY_ID,String,,,
REF,PRTY_CD,PRTY_CD,PRTY_CD,String,,,
REF,PRTY_CD_TYP,PRTY_CD_TYP,PRTY_CD_TYP,PRTY_CD_TYP,,,
REF,PRTY_CD_uniqueID,PRTY_CD_uniqueID,PRTY_CD_uniqueID,String,,,
REF,PRTY_ID,PRTY_ID,PRTY_ID,String,,,
REF,PRTY_ID_TYP,PRTY_ID_TYP,PRTY_ID_TYP,PRTY_CD_TYP,,,
REF,PRTY_PRVS_PRD_DT_uniqueID,PRTY_PRVS_PRD_DT_uniqueID,PRTY_PRVS_PRD_DT_uniqueID,String,,,
REF,PRTY_RL_TYP,PRTY_RL_TYP,PRTY_RL_TYP,ENTTY_RL_TYP,,,
REF,PRTY_TYP_ADDRS,PRTY_TYP_ADDRS,PRTY_TYP_ADDRS,PRTY_TYP_ADDRSS,,,
REF,PRTY_uniqueID,PRTY_uniqueID,PRTY_uniqueID,String,,,
REF,PRVSNS_OFF_BLNC_SHT,PRVSNS_OFF_BLNC_SHT,PRVSNS_OFF_BLNC_SHT,Integer,,,
REF,PSTL_CD,PSTL_CD,PSTL_CD,String,,,
REF,PST_DU_FNNCL_ASST_INSTRMNT_INDCTR,PST_DU_FNNCL_ASST_INSTRMNT_INDCTR,PST_DU_FNNCL_ASST_INSTRMNT_INDCTR,ABSTRCT_INSTRMNT_RL_TYP,,,
REF,PYMNT_FRQNCY,PYMNT_FRQNCY,PYMNT_FRQNCY,FRQNCY,,,
REF,RCGNTN_STTS,RCGNTN_STTS,RCGNTN_STTS,Boolean,,,
REF,RFRNC_RT,RFRNC_RT,RFRNC_RT,RFRNC_RT,,,
REF,RL_ESTT_CLLTRL_LCTN,RL_ESTT_CLLTRL_LCTN,RL_ESTT_CLLTRL_LCTN,GGRPHCL_ARS,,,
REF,RL_ESTT_CLLTRL_LCTN_TYP,RL_ESTT_CLLTRL_LCTN_TYP,RL_ESTT_CLLTRL_LCTN_TYP,Float,,,
REF,RNGTTN_STTS,RNGTTN_STTS,RNGTTN_STTS,FRBRNC_STTS,,,
REF,RPRCHS_AGRMNT_ADDTNL_ENCMBRD_CRRYNG_AMNT,RPRCHS_AGRMNT_ADDTNL_ENCMBRD_CRRYNG_AMNT,RPRCHS_AGRMNT_ADDTNL_ENCMBRD_CRRYNG_AMNT,Integer,,,
REF,RPRCHS_AGRMNT_CMPNNT_TYP,RPRCHS_AGRMNT_CMPNNT_TYP,RPRCHS_AGRMNT_CMPNNT_TYP,RPRCHS_AGRMNT_TYP,,,
REF,RPRCHS_AGRMNT_CMPNNT_uniqueID,RPRCHS_AGRMNT_CMPNNT_uniqueID,RPRCHS_AGRMNT_CMPNNT_uniqueID,String,,,
REF,RPRCHS_AGRMNT_CNTRL_BNK_ADDTNL_ENCMBRD_CRRYNG_AMNT,RPRCHS_AGRMNT_CNTRL_BNK_ADDTNL_ENCMBRD_CRRYNG_AMNT,RPRCHS_AGRMNT_CNTRL_BNK_ADDTNL_ENCMBRD_CRRYNG_AMNT,Integer,,,
REF,RPRCHS_AGRMNT_CNTRL_BNK_CRRNCY_DPRCTN_CRRYNG_AMNT,RPRCHS_AGRMNT_CNTRL_BNK_CRRNCY_DPRCTN_CRRYNG_AMNT,RPRCHS_AGRMNT_CNTRL_BNK_CRRNCY_DPRCTN_CRRYNG_AMNT,Integer,,,
REF,RPRCHS_AGRMNT_CRRNCY_DPRCTN_CRRYNG_AMNT,RPRCHS_AGRMNT_CRRNCY_DPRCTN_CRRYNG_AMNT,RPRCHS_AGRMNT_CRRNCY_DPRCTN_CRRYNG_AMNT,Integer,,,
REF,RPRCHS_AGRMNT_INSTRMNT_ID,RPRCHS_AGRMNT_INSTRMNT_ID,RPRCHS_AGRMNT_INSTRMNT_ID,String,,,
REF,RPRTNG_AGNT_ID,RPRTNG_AGNT_ID,RPRTNG_AGNT_ID,String,,,
REF,RPYMNT_RGHTS,RPYMNT_RGHTS,RPYMNT_RGHTS,RPYMNT_RGHTS,,,
REF,RSCRTSTN_INDCTR,RSCRTSTN_INDCTR,RSCRTSTN_INDCTR,RSCRTSTN_INDCTR,,,
REF,RSK_CLSS,RSK_CLSS,RSK_CLSS,RSK_CLSS,,,
REF,RSK_FAC_SA_uniqueID,RSK_FAC_SA_uniqueID,RSK_FAC_SA_uniqueID,String,,,
REF,RSK_FCTR_ID,RSK_FCTR_ID,RSK_FCTR_ID,String,,,
REF,RSK_MSR_TYP,RSK_MSR_TYP,RSK_MSR_TYP,FRTB_RSK_MSR_TYP,,,
REF,RSK_MSR_TYP_PSTN,RSK_MSR_TYP_PSTN,RSK_MSR_TYP_PSTN,FRTB_RSK_MSR_TYP,,,
REF,RSK_WGHT,RSK_WGHT,RSK_WGHT,Float,,,
REF,RTL_EXPSR_ACCRDNG_CRR_INDCTR,RTL_EXPSR_ACCRDNG_CRR_INDCTR,RTL_EXPSR_ACCRDNG_CRR_INDCTR,RTL_EXPSR_ACCRDNG_CRR_INDCTR,,,
REF,RTND_DBT_SCRTY_INDCTR,RTND_DBT_SCRTY_INDCTR,RTND_DBT_SCRTY_INDCTR,RTND_DBT_SCRTY_INDCTR,,,
REF,RTNG_AGNCY_EXCSS_MTHDLGY_CVRD_BND_PRGRMM_ASSGNMNT_uniqueID,RTNG_AGNCY_EXCSS_MTHDLGY_CVRD_BND_PRGRMM_ASSGNMNT_uniqueID,RTNG_AGNCY_EXCSS_MTHDLGY_CVRD_BND_PRGRMM_ASSGNMNT_uniqueID,String,,,
REF,RTNG_AGNCY_NM,RTNG_AGNCY_NM,RTNG_AGNCY_NM,String,,,
REF,RTNG_AGNCY_RNK,RTNG_AGNCY_RNK,RTNG_AGNCY_RNK,Integer,,,
REF,RTNG_AGNCY_uniqueID,RTNG_AGNCY_uniqueID,RTNG_AGNCY_uniqueID,String,,,
REF,RTNG_GRD,RTNG_GRD,RTNG_GRD,String,,,
REF,RTNG_GRD_CNTRL_BNK_PRVT_SCTR_CMPN_ASSGNMNT_uniqueID,RTNG_GRD_CNTRL_BNK_PRVT_SCTR_CMPN_ASSGNMNT_uniqueID,RTNG_GRD_CNTRL_BNK_PRVT_SCTR_CMPN_ASSGNMNT_uniqueID,String,,,
REF,RTNG_GRD_CNTRY_ASSGNMNT_uniqueID,RTNG_GRD_CNTRY_ASSGNMNT_uniqueID,RTNG_GRD_CNTRY_ASSGNMNT_uniqueID,String,,,
REF,RTNG_GRD_CRDT_QLTY,RTNG_GRD_CRDT_QLTY,RTNG_GRD_CRDT_QLTY,RTNG_GRD_CRDT_QLTY,,,
REF,RTNG_GRD_ISS_BSD_RTNG_SSTM_DBT_SCRTY_ASSGNMNT_uniqueID,RTNG_GRD_ISS_BSD_RTNG_SSTM_DBT_SCRTY_ASSGNMNT_uniqueID,RTNG_GRD_ISS_BSD_RTNG_SSTM_DBT_SCRTY_ASSGNMNT_uniqueID,String,,,
REF,RTNG_GRD_uniqueID,RTNG_GRD_uniqueID,RTNG_GRD_uniqueID,String,,,
REF,RTNG_SYSTM_APPLD_LGL_PRSN_uniqueID,RTNG_SYSTM_APPLD_LGL_PRSN_uniqueID,RTNG_SYSTM_APPLD_LGL_PRSN_uniqueID,String,,,
REF,RTNG_SYSTM_NM,RTNG_SYSTM_NM,RTNG_SYSTM_NM,String,,,
REF,RTNG_SYSTM_TYP_BY_NTR,RTNG_SYSTM_TYP_BY_NTR,RTNG_SYSTM_TYP_BY_NTR,RTNG_SYSTM_TYP,,,
REF,RTNG_SYSTM_uniqueID,RTNG_SYSTM_uniqueID,RTNG_SYSTM_uniqueID,String,,,
REF,RVCBL_INDCTR,RVCBL_INDCTR,RVCBL_INDCTR,RVCBL_INDCTR,,,
REF,RVLVNG_LN_INDCTR,RVLVNG_LN_INDCTR,RVLVNG_LN_INDCTR,RVLVNG_LN_INDCTR,,,
REF,SBJCT_IMPRMNT_INDCTR,SBJCT_IMPRMNT_INDCTR,SBJCT_IMPRMNT_INDCTR,SBJCT_IMPRMNT_INDCTR,,,
REF,SBJCT_OPRTNG_LS_INDCTR,SBJCT_OPRTNG_LS_INDCTR,SBJCT_OPRTNG_LS_INDCTR,SBJCT_OPRTNG_LS_INDCTR,,,
REF,SBRDNTD_DBT,SBRDNTD_DBT,SBRDNTD_DBT,SBRDNTD_DBT,,,
REF,SBSDRY_JNT_VNTR_ASSCT_OTHR_ORGNSTN_ASSGNMNT_TYP,SBSDRY_JNT_VNTR_ASSCT_OTHR_ORGNSTN_ASSGNMNT_TYP,SBSDRY_JNT_VNTR_ASSCT_OTHR_ORGNSTN_ASSGNMNT_TYP,SBSDRY_JNT_VNTR_ASSCT_OTHR_ORGNSTN_ASSGNMNT_TYP,,,
REF,SBSDRY_JNT_VNTR_ASSCT_OTHR_ORGNSTN_ASSGNMNT_uniqueID,SBSDRY_JNT_VNTR_ASSCT_OTHR_ORGNSTN_ASSGNMNT_uniqueID,SBSDRY_JNT_VNTR_ASSCT_OTHR_ORGNSTN_ASSGNMNT_uniqueID,String,,,
REF,SCRTSN_OTHR_CRDT_TRNSFR_TYP,SCRTSN_OTHR_CRDT_TRNSFR_TYP,SCRTSN_OTHR_CRDT_TRNSFR_TYP,SCRTSN_OTHR_CRDT_TRNSFR_TYP,,,
REF,SCRTSN_TYP,SCRTSN_TYP,SCRTSN_TYP,SCRTSN_OTHR_CRDT_TRNSFR_TYP,,,
REF,SCRTSTN,SCRTSTN,SCRTSTN,ACCNTNG_FRMWRK,,,
REF,SCRTSTN_ID,SCRTSTN_ID,SCRTSTN_ID,String,,,
REF,SCRTSTN_TRNCH_TYP,SCRTSTN_TRNCH_TYP,SCRTSTN_TRNCH_TYP,SCRTSTN_TRNCH_TYP,,,
REF,SCRTY_BRRWNG_CMPNNT_SCRTY_CLLTRL_ASSGNMNT_uniqueID,SCRTY_BRRWNG_CMPNNT_SCRTY_CLLTRL_ASSGNMNT_uniqueID,SCRTY_BRRWNG_CMPNNT_SCRTY_CLLTRL_ASSGNMNT_uniqueID,String,,,
REF,SCRTY_BRRWNG_LNDNG_TRNSCTN_CMPNNT_TYP_BY_DRCTN,SCRTY_BRRWNG_LNDNG_TRNSCTN_CMPNNT_TYP_BY_DRCTN,SCRTY_BRRWNG_LNDNG_TRNSCTN_CMPNNT_TYP_BY_DRCTN,SCTRY_BRRWNG_LNDNG_TRNSCTN_INCLDNG_CSH_CLLTRL_TYP,,,
REF,SCRTY_CLLTRL_LNDNG_CMPNNT_SCRTY_CLLTRL_ASSGNMNT_uniqueID,SCRTY_CLLTRL_LNDNG_CMPNNT_SCRTY_CLLTRL_ASSGNMNT_uniqueID,SCRTY_CLLTRL_LNDNG_CMPNNT_SCRTY_CLLTRL_ASSGNMNT_uniqueID,String,,,
REF,SCRTY_ENTTY_RL_ASSGNMNT_TYP,SCRTY_ENTTY_RL_ASSGNMNT_TYP,SCRTY_ENTTY_RL_ASSGNMNT_TYP,SCRTY_ENTTY_RL_ASSGNMNT_TYP,,,
REF,SCRTY_ENTTY_RL_ASSGNMNT_uniqueID,SCRTY_ENTTY_RL_ASSGNMNT_uniqueID,SCRTY_ENTTY_RL_ASSGNMNT_uniqueID,String,,,
REF,SCRTY_EXCHNG_TRDBL_DRVTV_PSTN_TYP,SCRTY_EXCHNG_TRDBL_DRVTV_PSTN_TYP,SCRTY_EXCHNG_TRDBL_DRVTV_PSTN_TYP,String,,,
,SCRTY_EXCHNG_TRDBL_DRVTV_TYP,SCRTY_EXCHNG_TRDBL_DRVTV_TYP,SCRTY_EXCHNG_TRDBL_DRVTV_TYP,SCRTY_EXCHNG_TRDBL_DRVTV_TYP,Security or exchange tradable derivative type,,
REF,SCRTY_EXCHNG_TRDBL_DRVTV_uniqueID,SCRTY_EXCHNG_TRDBL_DRVTV_uniqueID,SCRTY_EXCHNG_TRDBL_DRVTV_uniqueID,String,,,
REF,SCRTY_GRNT_LVL,SCRTY_GRNT_LVL,SCRTY_GRNT_LVL,SCRTY_GRNT_LVL,,,
REF,SCRTY_HDGD_EXCHNG_TRDBL_DRVTV_uniqueID,SCRTY_HDGD_EXCHNG_TRDBL_DRVTV_uniqueID,SCRTY_HDGD_EXCHNG_TRDBL_DRVTV_uniqueID,String,,,
REF,SCRTY_ID,SCRTY_ID,SCRTY_ID,String,,,
REF,SCRTY_LNDNG_CMPNNT_SCRTY_ASSGNMNT_uniqueID,SCRTY_LNDNG_CMPNNT_SCRTY_ASSGNMNT_uniqueID,SCRTY_LNDNG_CMPNNT_SCRTY_ASSGNMNT_uniqueID,String,,,
REF,SCRTY_LVL,SCRTY_LVL,SCRTY_LVL,SCRTY_LVL,,,
REF,SCRTY_PSTN_BY_ACCNTNG_STNDRD,SCRTY_PSTN_BY_ACCNTNG_STNDRD,SCRTY_PSTN_BY_ACCNTNG_STNDRD,SCRTY_EXCHNG_TRDBL_DRVTV_PSTN_TYP,,,
REF,SCRTY_PSTN_HDGD_OTC_DRVTV_TYP,SCRTY_PSTN_HDGD_OTC_DRVTV_TYP,SCRTY_PSTN_HDGD_OTC_DRVTV_TYP,ABSTRCT_INSTRMNT_RL_TYP,,,
REF,SCRTY_PSTN_HDGD_OTC_DRVTV_uniqueID,SCRTY_PSTN_HDGD_OTC_DRVTV_uniqueID,SCRTY_PSTN_HDGD_OTC_DRVTV_uniqueID,String,,,
REF,SCRTY_PSTN_RL_TYP,SCRTY_PSTN_RL_TYP,SCRTY_PSTN_RL_TYP,SCRTY_PSTN_RL_TYP,,,
REF,SCRTY_PSTN_uniqueID,SCRTY_PSTN_uniqueID,SCRTY_PSTN_uniqueID,String,,,
REF,SCRTY_RNK_LVL,SCRTY_RNK_LVL,SCRTY_RNK_LVL,SCRTY_RNK_LVL,,,
REF,SCRTY_RPRTNG_AGNT_ID,SCRTY_RPRTNG_AGNT_ID,SCRTY_RPRTNG_AGNT_ID,String,,,
REF,SCRTY_SCRTY_RPRCHS_AGRMNT_CMPNNT_ASSGNMNT_TYP,SCRTY_SCRTY_RPRCHS_AGRMNT_CMPNNT_ASSGNMNT_TYP,SCRTY_SCRTY_RPRCHS_AGRMNT_CMPNNT_ASSGNMNT_TYP,SCRTY_SCRTY_RPRCHS_AGRMNT_CMPNNT_ASSGNMNT_TYP,,,
REF,SCRTY_SCRTY_RPRCHS_AGRMNT_CMPNNT_ASSGNMNT_uniqueID,SCRTY_SCRTY_RPRCHS_AGRMNT_CMPNNT_ASSGNMNT_uniqueID,SCRTY_SCRTY_RPRCHS_AGRMNT_CMPNNT_ASSGNMNT_uniqueID,String,,,
REF,SCRTY_STTS,SCRTY_STTS,SCRTY_STTS,STTS,,,
REF,SCRTY_TYP_BY_IDNTFR,SCRTY_TYP_BY_IDNTFR,SCRTY_TYP_BY_IDNTFR,SCRTY_EXCHNG_TRDBL_DRVTV_TYP,,,
REF,SCTRY_BRRWNG_LNDNG_TRNSCTN_INCLDNG_CSH_CLLTRL_uniqueID,SCTRY_BRRWNG_LNDNG_TRNSCTN_INCLDNG_CSH_CLLTRL_uniqueID,SCTRY_BRRWNG_LNDNG_TRNSCTN_INCLDNG_CSH_CLLTRL_uniqueID,String,,,
REF,SFTWR_ASST_INDCTR,SFTWR_ASST_INDCTR,SFTWR_ASST_INDCTR,SFTWR_ASST_INDCTR,,,
REF,SGNFCNT_ASST_CLSS,SGNFCNT_ASST_CLSS,SGNFCNT_ASST_CLSS,SGNFCNT_ASST_CLSS,,,
REF,SGNFCNT_CRRNCY,SGNFCNT_CRRNCY,SGNFCNT_CRRNCY,CRRNCY,,,
REF,SGNFCNT_CRRNCY_DPRCTN_CNTNGNT_ENCMBRNC_uniqueID,SGNFCNT_CRRNCY_DPRCTN_CNTNGNT_ENCMBRNC_uniqueID,SGNFCNT_CRRNCY_DPRCTN_CNTNGNT_ENCMBRNC_uniqueID,String,,,
REF,SGNFCNT_RSK_TRNSFR_INDCTR,SGNFCNT_RSK_TRNSFR_INDCTR,SGNFCNT_RSK_TRNSFR_INDCTR,SGNFCNT_RSK_TRNSFR_INDCTR,,,
REF,SHCK_DRCTN,SHCK_DRCTN,SHCK_DRCTN,SHCK_DRCTN,,,
REF,SHRT_NM_INSTRMNT,SHRT_NM_INSTRMNT,SHRT_NM_INSTRMNT,String,,,
REF,SHRT_PSTN_ACCNTNG_CLSSFCTN,SHRT_PSTN_ACCNTNG_CLSSFCTN,SHRT_PSTN_ACCNTNG_CLSSFCTN,ACCNTNG_CLSSFCTN,,,
REF,SHRT_SCRTY_PSTN_PRDNTL_PRTFL_ASSGNMNT_uniqueID,SHRT_SCRTY_PSTN_PRDNTL_PRTFL_ASSGNMNT_uniqueID,SHRT_SCRTY_PSTN_PRDNTL_PRTFL_ASSGNMNT_uniqueID,String,,,
REF,SHRT_TRM_CRDT_ASSSSMNT_INDCTR,SHRT_TRM_CRDT_ASSSSMNT_INDCTR,SHRT_TRM_CRDT_ASSSSMNT_INDCTR,SHRT_TRM_CRDT_ASSMNT_INDCTR,,,
REF,SHR_CPTL,SHR_CPTL,SHR_CPTL,Integer,,,
REF,SLCTD_FNNCL_LBLT_ADDTNL_ENCMBRD_CRRYNG_AMNT,SLCTD_FNNCL_LBLT_ADDTNL_ENCMBRD_CRRYNG_AMNT,SLCTD_FNNCL_LBLT_ADDTNL_ENCMBRD_CRRYNG_AMNT,Integer,,,
REF,SLCTD_FNNCL_LBLT_CRRNCY_DPRCTN_CRRYNG_AMNT,SLCTD_FNNCL_LBLT_CRRNCY_DPRCTN_CRRYNG_AMNT,SLCTD_FNNCL_LBLT_CRRNCY_DPRCTN_CRRYNG_AMNT,Integer,,,
REF,SLLR_PRTY_ID,SLLR_PRTY_ID,SLLR_PRTY_ID,String,,,
REF,SLLR_PRTY_RL_TYP,SLLR_PRTY_RL_TYP,SLLR_PRTY_RL_TYP,ENTTY_RL_TYP,,,
REF,SNDCTN_SB_PRTCPTN_MMBR_INSTRMNT_INDCTR,SNDCTN_SB_PRTCPTN_MMBR_INSTRMNT_INDCTR,SNDCTN_SB_PRTCPTN_MMBR_INSTRMNT_INDCTR,SNDCTN_SB_PRTCPTN_MMBR_INSTRMNT_INDCTR,,,
REF,SNRTY,SNRTY,SNRTY,SCRTY_RNK_LVL,,,
REF,SNTHTC_SCRTSTN_TYP,SNTHTC_SCRTSTN_TYP,SNTHTC_SCRTSTN_TYP,SCRTSN_OTHR_CRDT_TRNSFR_TYP,,,
REF,SNTHTC_SCRTSTN_uniqueID,SNTHTC_SCRTSTN_uniqueID,SNTHTC_SCRTSTN_uniqueID,String,,,
REF,SPCFC_RSK_WGHT,SPCFC_RSK_WGHT,SPCFC_RSK_WGHT,Float,,,
REF,SRC_ENCMBRNC,SRC_ENCMBRNC,SRC_ENCMBRNC,SRC_ENCMBRNC,,,
REF,STRCTRD_NT_INDCTR,STRCTRD_NT_INDCTR,STRCTRD_NT_INDCTR,STRCTRD_NT_INDCTR,,,
REF,STRT,STRT,STRT,String,,,
REF,STRT_DT_PRD,STRT_DT_PRD,STRT_DT_PRD,Date,,,
REF,STS_SCRTSTN_INDCTR,STS_SCRTSTN_INDCTR,STS_SCRTSTN_INDCTR,STS_SCRTSTN_INDCTR,,,
REF,SYNDCTD_CNTRCT_ID,SYNDCTD_CNTRCT_ID,SYNDCTD_CNTRCT_ID,String,,,
REF,SYNDCTD_CNTRCT_uniqueID,SYNDCTD_CNTRCT_uniqueID,SYNDCTD_CNTRCT_uniqueID,String,,,
REF,THRD_PRTY_PRRTY_CLMS,THRD_PRTY_PRRTY_CLMS,THRD_PRTY_PRRTY_CLMS,Integer,,,
REF,TKN_PSSSSN_DT,TKN_PSSSSN_DT,TKN_PSSSSN_DT,Date,,,
REF,TM_PST_DU_BND,TM_PST_DU_BND,TM_PST_DU_BND,TM_INTRVL,,,
REF,TM_SNC_INTL_RCGNTN,TM_SNC_INTL_RCGNTN,TM_SNC_INTL_RCGNTN,TM_INTRVL,,,
REF,TNR,TNR,TNR,Float,,,
REF,TRDTNL_SCRTSTN_uniqueID,TRDTNL_SCRTSTN_uniqueID,TRDTNL_SCRTSTN_uniqueID,String,,,
REF,TRNCH_ID,TRNCH_ID,TRNCH_ID,String,,,
REF,TRNCH_NM,TRNCH_NM,TRNCH_NM,String,,,
REF,TRNCH_SYNTHTC_SCRTSTN_WTHT_SSPE_DPST_uniqueID,TRNCH_SYNTHTC_SCRTSTN_WTHT_SSPE_DPST_uniqueID,TRNCH_SYNTHTC_SCRTSTN_WTHT_SSPE_DPST_uniqueID,String,,,
REF,TRNCH_SYNTHTC_SCRTSTN_WTHT_SSPE_FNNCL_GRNT_uniqueID,TRNCH_SYNTHTC_SCRTSTN_WTHT_SSPE_FNNCL_GRNT_uniqueID,TRNCH_SYNTHTC_SCRTSTN_WTHT_SSPE_FNNCL_GRNT_uniqueID,String,,,
REF,TRNCH_SYNTHTC_SCRTSTN_WTHT_SSPE_TYP,TRNCH_SYNTHTC_SCRTSTN_WTHT_SSPE_TYP,TRNCH_SYNTHTC_SCRTSTN_WTHT_SSPE_TYP,TRNCH_SYNTHTC_SCRTSTN_WTHT_SSPE_TYP,,,
REF,TRNCH_TRDTNL_SCRTSTN_uniqueID,TRNCH_TRDTNL_SCRTSTN_uniqueID,TRNCH_TRDTNL_SCRTSTN_uniqueID,String,,,
REF,TRNSFRRD_AMNT,TRNSFRRD_AMNT,TRNSFRRD_AMNT,Integer,,,
REF,TRNSFRRD_ASST_LG_INSTRMNT_ASSGNMNT_TYP,TRNSFRRD_ASST_LG_INSTRMNT_ASSGNMNT_TYP,TRNSFRRD_ASST_LG_INSTRMNT_ASSGNMNT_TYP,TRNSFRRD_ASST_LG_INSTRMNT_ASSGNMNT_TYP,,,
REF,TRNSFRRD_ASST_LG_INSTRMNT_ASSGNMNT_uniqueID,TRNSFRRD_ASST_LG_INSTRMNT_ASSGNMNT_uniqueID,TRNSFRRD_ASST_LG_INSTRMNT_ASSGNMNT_uniqueID,String,,,
REF,TRNSFR_IMPRMNT_STGS,TRNSFR_IMPRMNT_STGS,TRNSFR_IMPRMNT_STGS,String,,,
REF,TRRTRL_UNT,TRRTRL_UNT,TRRTRL_UNT,GGRPHCL_ARS,,,
REF,TRTMNT_TRNSFRRD_ASSTS_BLNC_SHT,TRTMNT_TRNSFRRD_ASSTS_BLNC_SHT,TRTMNT_TRNSFRRD_ASSTS_BLNC_SHT,RCGNTN_STTS,,,
REF,TTL_AMNT_CPTL_ISSD,TTL_AMNT_CPTL_ISSD,TTL_AMNT_CPTL_ISSD,Integer,,,
REF,TTL_ASSTS,TTL_ASSTS,TTL_ASSTS,Integer,,,
REF,TTL_NMBR_SHRS_ISSD,TTL_NMBR_SHRS_ISSD,TTL_NMBR_SHRS_ISSD,Integer,,,
REF,TTL_SRCS_ENCMBRNC_ADDTNL_ENCMBRD_CRRYNG_AMNT,TTL_SRCS_ENCMBRNC_ADDTNL_ENCMBRD_CRRYNG_AMNT,TTL_SRCS_ENCMBRNC_ADDTNL_ENCMBRD_CRRYNG_AMNT,Integer,,,
REF,TTL_SRCS_ENCMBRNC_CRRNCY_DPRCTN_CRRYNG_AMNT,TTL_SRCS_ENCMBRNC_CRRNCY_DPRCTN_CRRYNG_AMNT,TTL_SRCS_ENCMBRNC_CRRNCY_DPRCTN_CRRYNG_AMNT,Integer,,,
,TYP_ACCNTNG_ITM,TYP_ACCNTNG_ITM,TYP_ACCNTNG_ITM,TYP_ACCNTNG_ITM,Classification of the typ of accounting item,,
REF,TYP_AMRTSTN,TYP_AMRTSTN,TYP_AMRTSTN,TYP_AMRTSTN,,,
REF,TYP_ASST_PRVDD_SCRTY,TYP_ASST_PRVDD_SCRTY,TYP_ASST_PRVDD_SCRTY,TYP_ASST_SCRTSTN,,,
REF,TYP_CLLTRL,TYP_CLLTRL,TYP_CLLTRL,TYP_PRTCTN,,,
REF,TYP_CMMTMNT,TYP_CMMTMNT,TYP_CMMTMNT,TYP_CMMTMNT,,,
REF,TYP_CRDT_FCLTY,TYP_CRDT_FCLTY,TYP_CRDT_FCLTY,TYP_CMMTMNT,,,
REF,TYP_DBT_SCRTY_ISSD,TYP_DBT_SCRTY_ISSD,TYP_DBT_SCRTY_ISSD,SCRTY_EXCHNG_TRDBL_DRVTV_TYP,,,
REF,TYP_ECNMY,TYP_ECNMY,TYP_ECNMY,ECNMY,,,
REF,TYP_EXCHNG_TRDBL_DRVTV_PSTN_RL,TYP_EXCHNG_TRDBL_DRVTV_PSTN_RL,TYP_EXCHNG_TRDBL_DRVTV_PSTN_RL,EXCHNG_TRDBL_DRVTV_PSTN_RL_TYP,,,
REF,TYP_GRP,TYP_GRP,TYP_GRP,GRP_TYP,,,
REF,TYP_HDG,TYP_HDG,TYP_HDG,TYP_HDG,,,
REF,TYP_INSTRMNT,TYP_INSTRMNT,TYP_INSTRMNT,TYP_INSTRMNT,,,
REF,TYP_INSTRMNT_RL,TYP_INSTRMNT_RL,TYP_INSTRMNT_RL,ABSTRCT_INSTRMNT_RL_TYP,,,
REF,TYP_INTRST_RT,TYP_INTRST_RT,TYP_INTRST_RT,TYP_INTRST_RT,,,
REF,TYP_LNG_SCRTY_PSTN_PRDNTL_PRTFL_ASSGNMNT,TYP_LNG_SCRTY_PSTN_PRDNTL_PRTFL_ASSGNMNT,TYP_LNG_SCRTY_PSTN_PRDNTL_PRTFL_ASSGNMNT,LNG_SCRTY_PSTN_PRDNTL_PRTFL_ASSGNMNT_TYP,,,
REF,TYP_LNG_SCRTY_PSTN_PRDNTL_PRTFL_ASSGNMNT_ACCNTNG_CLSSFCTN_FNNCL_ASSTS_ASSGNMNT,TYP_LNG_SCRTY_PSTN_PRDNTL_PRTFL_ASSGNMNT_ACCNTNG_CLSSFCTN_FNNCL_ASSTS_ASSGNMNT,TYP_LNG_SCRTY_PSTN_PRDNTL_PRTFL_ASSGNMNT_ACCNTNG_CLSSFCTN_FNNCL_ASSTS_ASSGNMNT,LNG_SCRTY_PSTN_PRDNTL_PRTFL_ASSGNMNT_ACCNTNG_CLSSFCTN_FNNCL_ASSTS_ASSGNMNT_TYP,,,
REF,TYP_MSTR_AGRMNT,TYP_MSTR_AGRMNT,TYP_MSTR_AGRMNT,MSTR_AGRMNT_TYP,,,
REF,TYP_MSTR_AGRMNT_ENTTY_RL_ASSGNMNT,TYP_MSTR_AGRMNT_ENTTY_RL_ASSGNMNT,TYP_MSTR_AGRMNT_ENTTY_RL_ASSGNMNT,MSTR_AGRMNT_ENTTY_RL_ASSGNMNT_TYP,,,
REF,TYP_NN_FNNCL_ASST,TYP_NN_FNNCL_ASST,TYP_NN_FNNCL_ASST,TYP_ACCNTNG_ITM,,,
REF,TYP_NN_FNNCL_LBLTY,TYP_NN_FNNCL_LBLTY,TYP_NN_FNNCL_LBLTY,TYP_ACCNTNG_ITM,,,
REF,TYP_PRDCT,TYP_PRDCT,TYP_PRDCT,TYP_PRDCT,,,
REF,TYP_PRTCTN_VL_APPRCH,TYP_PRTCTN_VL_APPRCH,TYP_PRTCTN_VL_APPRCH,PRTCTN_VLTN_APPRCH,,,
REF,TYP_PRTY,TYP_PRTY,TYP_PRTY,PRTY_TYP,,,
REF,TYP_RSK,TYP_RSK,TYP_RSK,TYP_RSK,,,
REF,TYP_RTNG_GRD,TYP_RTNG_GRD,TYP_RTNG_GRD,RTNG_GRD_TYP,,,
REF,TYP_RTNG_SYSTM,TYP_RTNG_SYSTM,TYP_RTNG_SYSTM,RTNG_SYSTM_TYP,,,
REF,TYP_SCRTY_EXCHNG_TRDBL_DRVTV,TYP_SCRTY_EXCHNG_TRDBL_DRVTV,TYP_SCRTY_EXCHNG_TRDBL_DRVTV,SCRTY_EXCHNG_TRDBL_DRVTV_TYP,,,
REF,TYP_SCRTY_PSTN,TYP_SCRTY_PSTN,TYP_SCRTY_PSTN,SCRTY_EXCHNG_TRDBL_DRVTV_PSTN_TYP,,,
REF,TYP_SCTRY_BRRWNG_LNDNG_TRNSCTN_INCLDNG_CSH_CLLTRL,TYP_SCTRY_BRRWNG_LNDNG_TRNSCTN_INCLDNG_CSH_CLLTRL,TYP_SCTRY_BRRWNG_LNDNG_TRNSCTN_INCLDNG_CSH_CLLTRL,SCTRY_BRRWNG_LNDNG_TRNSCTN_INCLDNG_CSH_CLLTRL_TYP,,,
REF,TYP_SHRT_SCRTY_PSTN_PRDNTL_PRTFL_ASSGNMNT,TYP_SHRT_SCRTY_PSTN_PRDNTL_PRTFL_ASSGNMNT,TYP_SHRT_SCRTY_PSTN_PRDNTL_PRTFL_ASSGNMNT,SHRT_SCRTY_PSTN_PRDNTL_PRTFL_ASSGNMNT_TYP,,,
REF,UNDRLYNG_RSDL_MTRTY,UNDRLYNG_RSDL_MTRTY,UNDRLYNG_RSDL_MTRTY,Float,,,
REF,UNDR_CNSTRCTN_INDCTR,UNDR_CNSTRCTN_INDCTR,UNDR_CNSTRCTN_INDCTR,UNDR_CNSTRCTN_INDCTR,,,
REF,VG_SNSTVTY,VG_SNSTVTY,VG_SNSTVTY,Float,,,
REF,VTNG_RGHT,VTNG_RGHT,VTNG_RGHT,Float,,,
REF,YR,YR,YR,Integer,,,
REF,action_time,action_time,action time,Date,,,
REF,algorithm,algorithm,algorithm,String,,,
REF,app_label,app_label,app label,String,,,
REF,axis_id,axis_id,axis_id,String,,,
REF,axis_ordinate_id,axis_ordinate_id,axis_ordinate_id,String,,,
REF,cell_id,cell_id,cell_id,String,,,
REF,code,code,code,String,,,
REF,codename,codename,codename,String,,,
REF,combination_id,combination_id,combination_id,String,,,
REF,comparator,comparator,comparator,String,,,
REF,completed_at,completed_at,completed at,Date,,,
REF,config_files_github_url,config_files_github_url,config files github url,String,,,
REF,config_files_source,config_files_source,config files source,String,,,
REF,created_at,created_at,created at,Date,,,
REF,cube_id,cube_id,cube_id,String,,,
REF,cube_link_id,cube_link_id,cube_link_id,String,,,
REF,cube_link_type,cube_link_type,cube_link_type,String,,,
REF,cube_mapping_id,cube_mapping_id,cube_mapping_id,String,,,
REF,cube_structure_id,cube_structure_id,cube_structure_id,String,,,
REF,cube_structure_item_link_id,cube_structure_item_link_id,cube_structure_item_link_id,String,,,
REF,cube_type,cube_type,cube_type,String,,,
REF,cube_variable_code,cube_variable_code,cube_variable_code,String,,,
REF,data_model_type,data_model_type,data model type,String,,,
REF,data_type,data_type,data_type,String,,,
REF,dataset_url,dataset_url,dataset_url,String,,,
REF,date_joined,date_joined,date joined,Date,,,
REF,dependency_type,dependency_type,dependency type,String,,,
REF,description,description,description,String,,,
REF,di_export,di_export,di_export,String,,,
REF,dimension_type,dimension_type,dimension_type,String,,,
REF,domain_id,domain_id,domain_id,String,,,
REF,email,email,email address,String,,,
REF,expire_date,expire_date,expire date,Date,,,
REF,facet_id,facet_id,facet_id,String,,,
REF,facet_value_type,facet_value_type,facet_value_type,String,,,
REF,filters,filters,filters,String,,,
REF,first_name,first_name,first name,String,,,
REF,framework_id,framework_id,framework_id,String,,,
REF,framework_status,framework_status,framework_status,String,,,
REF,framework_type,framework_type,framework_type,String,,,
REF,id,id,ID,Integer,,,
REF,is_abstract_header,is_abstract_header,is_abstract_header,Boolean,,,
REF,is_active,is_active,active,Boolean,,,
REF,is_allowed,is_allowed,is_allowed,Boolean,,,
REF,is_decomposed,is_decomposed,is_decomposed,Boolean,,,
REF,is_enumerated,is_enumerated,is_enumerated,Boolean,,,
REF,is_flow,is_flow,is_flow,Boolean,,,
REF,is_identifier,is_identifier,is_identifier,Boolean,,,
REF,is_implemented,is_implemented,is_implemented,Boolean,,,
REF,is_linked,is_linked,is_linked,Boolean,,,
REF,is_listed,is_listed,is_listed,Boolean,,,
REF,is_main_hierarchy,is_main_hierarchy,is_main_hierarchy,Boolean,,,
REF,is_mandatory,is_mandatory,is_mandatory,Boolean,,,
REF,is_natural,is_natural,is_natural,Boolean,,,
REF,is_open_axis,is_open_axis,is_open_axis,Boolean,,,
REF,is_reference,is_reference,is_reference,Boolean,,,
REF,is_shaded,is_shaded,is_shaded,Boolean,,,
REF,is_source,is_source,is_source,String,,,
REF,is_staff,is_staff,staff status,Boolean,,,
REF,is_starting_member_included,is_starting_member_included,is_starting_member_included,String,,,
REF,is_superuser,is_superuser,superuser status,Boolean,,,
REF,join_identifier,join_identifier,join_identifier,String,,,
REF,language,language,language,String,,,
REF,last_login,last_login,last login,Date,,,
REF,last_name,last_name,last name,String,,,
REF,level,level,level,Integer,,,
REF,maintenance_agency_id,maintenance_agency_id,maintenance_agency_id,String,,,
REF,mapping_id,mapping_id,mapping_id,String,,,
REF,mapping_type,mapping_type,mapping_type,String,,,
REF,member_hierarchy_id,member_hierarchy_id,member_hierarchy_id,String,,,
REF,member_hierarchy_valid_from,member_hierarchy_valid_from,member_hierarchy_valid_from,Date,,,
REF,member_id,member_id,member_id,String,,,
REF,member_mapping_id,member_mapping_id,member_mapping_id,String,,,
REF,member_mapping_row,member_mapping_row,row,String,,,
REF,model,model,python model class name,String,,,
REF,name,name,name,String,,,
REF,object_repr,object_repr,object repr,String,,,
REF,operation_type,operation_type,operation type,String,,,
REF,operator,operator,operator,String,,,
REF,order,order,order,Integer,,,
REF,order_relevance,order_relevance,order_relevance,Integer,,,
REF,orientation,orientation,orientation,String,,,
REF,other_links,other_links,other_links,String,,,
REF,password,password,password,String,,,
REF,path,path,path,String,,,
REF,primary_concept,primary_concept,primary_concept,String,,,
REF,published,published,published,Boolean,,,
REF,recovery_action,recovery_action,Recovery Action,String,,,
REF,reporting_population,reporting_population,reporting_population,String,,,
REF,review_status,review_status,Review Status,String,,,
REF,role,role,role,String,,,
REF,row_identifier,row_identifier,row identifier,String,,,
REF,session_id,session_id,session id,String,,,
REF,session_key,session_key,session key,String,,,
REF,started_at,started_at,started at,Date,,,
REF,status,status,status,String,,,
REF,subdomain_id,subdomain_id,subdomain_id,String,,,
REF,subtask_name,subtask_name,subtask name,String,,,
REF,system_data_code,system_data_code,system_data_code,String,,,
REF,table_cell_combination_id,table_cell_combination_id,table_cell_combination_id,String,,,
REF,table_content_type,table_content_type,table content type,String,,,
REF,table_id,table_id,table_id,String,,,
REF,technical_export_github_url,technical_export_github_url,technical export github url,String,,,
REF,technical_export_source,technical_export_source,technical export source,String,,,
REF,test_id,test_id,test_id,String,,,
REF,updated_at,updated_at,updated at,Date,,,
REF,username,username,username,String,,,
REF,valid_from,valid_from,valid_from,Date,,,
REF,valid_to,valid_to,valid_to,Date,,,
REF,value,value,value,Float,,,
REF,variable_id,variable_id,variable_id,String,,,
REF,variable_mapping_id,variable_mapping_id,variable_mapping_id,String,,,
REF,variable_set_id,variable_set_id,variable_set_id,String,,,
REF,version,version,version,String,,,
REF,when_to_stop,when_to_stop,when to stop,String,,,