FK_Name,ModelID,Num_ModelID,ObjectID,NumOID,ImportID,Child_Table_Name,Referred_Table_Name,Engineer,Delete_Rule,Child_Table_ID,Num_Child_Table_ID,Referred_Table_ID,Num_Referred_Table_ID,Referred_Key_ID,Num_Referred_Key_ID,Number_Of_Columns
ASST_PL_CLLTRL_RCVD_ASSGNMNT_ASST_PL_FK,AD51085A-89B5-9B80-E7E5-D958DCB6DFDD,564,F1D12474-0FC3-C765-3BF6-E9F8B04BA668,2263,,ASST_PL_CLLTRL_RCVD_ASSGNMNT,ASST_PL,Y,NO ACTION,D7270068-8370-6D44-709B-2EA4C6CBA0CE,566,B423DC7A-7970-91EF-DC42-9ADB4DA63ED0,565,018D7D49-63BE-F4FC-21E5-8245B525D633,2099,5
ASST_PL_CLLTRL_RCVD_ASSGNMNT_CLLTRL_RL_FK,AD51085A-89B5-9B80-E7E5-D958DCB6DFDD,564,78CA2083-2D0C-E4AF-1553-7F6C03678A6A,2264,,ASST_PL_CLLTRL_RCVD_ASSGNMNT,CLLTRL_RL,Y,NO ACTION,D7270068-8370-6D44-709B-2EA4C6CBA0CE,566,E247413D-584F-677C-707B-58FC31C848E5,574,954DFB29-AE5B-E322-D80F-DA21E57A162E,2125,6
ASST_PL_DBT_SCRTY_PSTN_ASSGNMNT_ASST_PL_FK,AD51085A-89B5-9B80-E7E5-D958DCB6DFDD,564,9761CCC4-30DC-9300-7A51-F43BC8731309,2265,,ASST_PL_DBT_SCRTY_PSTN_ASSGNMNT,ASST_PL,Y,NO ACTION,9D380929-0E77-CF7E-A401-4C1231301590,567,B423DC7A-7970-91EF-DC42-9ADB4DA63ED0,565,018D7D49-63BE-F4FC-21E5-8245B525D633,2099,5
ASST_PL_DBT_SCRTY_PSTN_ASSGNMNT_SCRTY_PSTN_FK,AD51085A-89B5-9B80-E7E5-D958DCB6DFDD,564,BF2AAD6E-C71C-9127-62D1-65FFAB2FCD6B,2266,,ASST_PL_DBT_SCRTY_PSTN_ASSGNMNT,SCRTY_PSTN,Y,NO ACTION,9D380929-0E77-CF7E-A401-4C1231301590,567,8619528A-07F6-36EB-3BE2-191CF05F202A,659,AAD8505A-343E-A040-DDF7-37F33B38F63D,2181,7
ASST_PL_EXCHNG_TRDBL_DRVTV_PSTN_ASSGNMNT_ASST_PL_FK,AD51085A-89B5-9B80-E7E5-D958DCB6DFDD,564,F655DA88-F3EA-0450-71BC-80DBD89FCB82,2267,,ASST_PL_EXCHNG_TRDBL_DRVTV_PSTN_ASSGNMNT,ASST_PL,Y,NO ACTION,0AF20710-CBF3-379E-6D95-FCACD2463C0F,568,B423DC7A-7970-91EF-DC42-9ADB4DA63ED0,565,018D7D49-63BE-F4FC-21E5-8245B525D633,2099,5
ASST_PL_EXCHNG_TRDBL_DRVTV_PSTN_ASSGNMNT_EXCHNG_TRDBL_DRVTV_PSTN_FK,AD51085A-89B5-9B80-E7E5-D958DCB6DFDD,564,6AF468AF-6DFC-D590-35AA-17284D46FAA2,2268,,ASST_PL_EXCHNG_TRDBL_DRVTV_PSTN_ASSGNMNT,EXCHNG_TRDBL_DRVTV_PSTN,Y,NO ACTION,0AF20710-CBF3-379E-6D95-FCACD2463C0F,568,C408A92F-CBC8-04F7-BC6E-16A5D006E0C1,592,A817D6FA-9C03-3477-5DA3-41FDA50E3806,2108,9
ASST_PL_INSTRMNT_ASSGNMNT_ASST_PL_FK,AD51085A-89B5-9B80-E7E5-D958DCB6DFDD,564,BD83818A-A6E0-3110-F938-F6EE07E30321,2269,,ASST_PL_INSTRMNT_ASSGNMNT,ASST_PL,Y,NO ACTION,4D74F0BD-05A3-3393-D5D2-703548321143,569,B423DC7A-7970-91EF-DC42-9ADB4DA63ED0,565,018D7D49-63BE-F4FC-21E5-8245B525D633,2099,5
ASST_PL_INSTRMNT_ASSGNMNT_INSTRMNT_FK,AD51085A-89B5-9B80-E7E5-D958DCB6DFDD,564,EA20DAA3-ACFD-304A-CA08-007853F6833B,2270,,ASST_PL_INSTRMNT_ASSGNMNT,INSTRMNT,Y,NO ACTION,4D74F0BD-05A3-3393-D5D2-703548321143,569,9FFDCF42-F484-F5FA-5403-D176EB55118A,605,37C8ADE0-0708-3243-9B16-54A6BB12D469,2082,5
CLLTRL_GVN_INSTRMNT_DBT_SCRTY_ISSD_ASSGNMNT_DBT_SCRTY_ISSD_FK,AD51085A-89B5-9B80-E7E5-D958DCB6DFDD,564,A675B587-39A5-C96F-8841-521B5FE93292,2271,,CLLTRL_GVN_INSTRMNT_DBT_SCRTY_ISSD_ASSGNMNT,DBT_SCRTY_ISSD,Y,NO ACTION,60E9F53A-E36A-F7CD-37EB-CD414A6D2F00,572,5CAF5168-7FA3-2AB6-F14E-E42C481A7DD7,585,5DF07FB6-B0D1-7B17-F2AC-A9E2F35E6970,2040,6
CLLTRL_GVN_INSTRMNT_DBT_SCRTY_ISSD_ASSGNMNT_INSTRMNT_RL_FK,AD51085A-89B5-9B80-E7E5-D958DCB6DFDD,564,3CA7BD92-496B-746A-CCE7-445F8399B853,2272,,CLLTRL_GVN_INSTRMNT_DBT_SCRTY_ISSD_ASSGNMNT,INSTRMNT_RL,Y,NO ACTION,60E9F53A-E36A-F7CD-37EB-CD414A6D2F00,572,E88DD6DA-5A0B-DE9C-491D-EC2A3C31B3BD,612,E5D9B8E3-BAAF-FBED-DB95-D39D271D1283,2132,6
CLLTRL_NN_FNNCL_ASST_ASSGNMNT_CLLTRL_FK,AD51085A-89B5-9B80-E7E5-D958DCB6DFDD,564,29B842D1-FB01-1AF6-9820-722717911CA3,2273,,CLLTRL_NN_FNNCL_ASST_ASSGNMNT,CLLTRL,Y,NO ACTION,74FBBB3E-C4F2-C6D7-9320-38BA60BDDA13,573,06BFC509-4E80-09A5-EFAA-FD6897DE3250,571,183AB5EE-44D9-ABD5-DF16-F2825681BFE4,2001,5
CLLTRL_NN_FNNCL_ASST_ASSGNMNT_NN_FNNCL_ASST_FK,AD51085A-89B5-9B80-E7E5-D958DCB6DFDD,564,C32B3269-9E20-69BB-0A92-F76B850DAAB5,2274,,CLLTRL_NN_FNNCL_ASST_ASSGNMNT,NN_FNNCL_ASST,Y,NO ACTION,74FBBB3E-C4F2-C6D7-9320-38BA60BDDA13,573,D5754FEB-EAC2-EB1F-433C-05F4B054574B,629,DA25CC18-588B-6D57-AC64-3DD9BBF4B7DE,2224,11
CLLTRL_PRTCTN_ARRNGMNT_FK,AD51085A-89B5-9B80-E7E5-D958DCB6DFDD,564,7644C3DD-2796-9C10-BE22-A00ECDABD614,2275,,CLLTRL,PRTCTN_ARRNGMNT,Y,NO ACTION,06BFC509-4E80-09A5-EFAA-FD6897DE3250,571,81F4EAAD-45F2-5B39-BCA2-13F6749ABB59,635,CC14BDDE-FF50-DCE6-6AD7-6B84973F8337,2178,5
CLLTRL_RL_CLLTRL_FK,AD51085A-89B5-9B80-E7E5-D958DCB6DFDD,564,88BE3432-1711-CBDB-89DB-B3966400DD2C,2276,,CLLTRL_RL,CLLTRL,Y,NO ACTION,E247413D-584F-677C-707B-58FC31C848E5,574,06BFC509-4E80-09A5-EFAA-FD6897DE3250,571,183AB5EE-44D9-ABD5-DF16-F2825681BFE4,2001,5
CLLTRL_SCRTY_EXCHNG_TRDBL_DRVTV_FK,AD51085A-89B5-9B80-E7E5-D958DCB6DFDD,564,61F16F30-3097-DC80-88A1-69983C5238DC,2277,,CLLTRL,SCRTY_EXCHNG_TRDBL_DRVTV,Y,NO ACTION,06BFC509-4E80-09A5-EFAA-FD6897DE3250,571,C8FC06AA-6E30-0B5D-7332-5C5604A82D7C,656,D7C1675A-5DDD-50CB-CCF7-0BA20B0322B4,2217,5
CRDT_FCLTY_CLLTRL_ASSGNMNT_CLLTRL_RL_FK,AD51085A-89B5-9B80-E7E5-D958DCB6DFDD,564,C8357443-4486-87F2-3791-0FA0FCB5AB2D,2278,,CRDT_FCLTY_CLLTRL_ASSGNMNT,CLLTRL_RL,Y,NO ACTION,D271ABB5-3457-7426-3D8E-A05E52FE6506,576,E247413D-584F-677C-707B-58FC31C848E5,574,954DFB29-AE5B-E322-D80F-DA21E57A162E,2125,6
CRDT_FCLTY_CLLTRL_ASSGNMNT_CRDT_FCLTY_FK,AD51085A-89B5-9B80-E7E5-D958DCB6DFDD,564,815786A6-C911-8845-20EF-5A5701F3B53A,2279,,CRDT_FCLTY_CLLTRL_ASSGNMNT,CRDT_FCLTY,Y,NO ACTION,D271ABB5-3457-7426-3D8E-A05E52FE6506,576,54B62A7C-199C-CC72-804E-4F8CB42AAFA6,575,A7363CFE-24B5-589A-72F4-77A413B68AF6,2038,5
CRDT_FCLTY_CLLTRL_RCVD_INSTRMNT_ASSGNMNT_CRDT_FCLTY_FK,AD51085A-89B5-9B80-E7E5-D958DCB6DFDD,564,43C398DE-25A9-6154-BBBF-8005D9F4DCCB,2280,,CRDT_FCLTY_CLLTRL_RCVD_INSTRMNT_ASSGNMNT,CRDT_FCLTY,Y,NO ACTION,95DE81BD-EBA3-1845-AF4B-371CF703D13B,577,54B62A7C-199C-CC72-804E-4F8CB42AAFA6,575,A7363CFE-24B5-589A-72F4-77A413B68AF6,2038,5
CRDT_FCLTY_CLLTRL_RCVD_INSTRMNT_ASSGNMNT_INSTRMNT_RL_FK,AD51085A-89B5-9B80-E7E5-D958DCB6DFDD,564,3EB6B8DD-6F89-9C20-87D0-00122ED11D34,2281,,CRDT_FCLTY_CLLTRL_RCVD_INSTRMNT_ASSGNMNT,INSTRMNT_RL,Y,NO ACTION,95DE81BD-EBA3-1845-AF4B-371CF703D13B,577,E88DD6DA-5A0B-DE9C-491D-EC2A3C31B3BD,612,E5D9B8E3-BAAF-FBED-DB95-D39D271D1283,2132,6
CRDT_FCLTY_ENTTY_RL_ASSGNMNT_CRDT_FCLTY_FK,AD51085A-89B5-9B80-E7E5-D958DCB6DFDD,564,67747050-9E3E-7890-1ED5-9D6FAF01D3C9,2282,,CRDT_FCLTY_ENTTY_RL_ASSGNMNT,CRDT_FCLTY,Y,NO ACTION,3B33FA1E-3ACF-C891-6578-8C4770AB8508,578,54B62A7C-199C-CC72-804E-4F8CB42AAFA6,575,A7363CFE-24B5-589A-72F4-77A413B68AF6,2038,5
CRDT_FCLTY_ENTTY_RL_ASSGNMNT_ENTTY_RL_FKv2,AD51085A-89B5-9B80-E7E5-D958DCB6DFDD,564,3F3B0BC7-0F80-C9F1-1864-A683FB5E381B,2283,,CRDT_FCLTY_ENTTY_RL_ASSGNMNT,ENTTY_RL,Y,NO ACTION,3B33FA1E-3ACF-C891-6578-8C4770AB8508,578,E8102E7C-4835-8829-AE10-1A6486B35A81,589,9F7264CB-ED41-8AA5-8993-FAC4E640EBE5,2130,6
CRDT_FCLTY_FNNCL_CNTRCT_FK,AD51085A-89B5-9B80-E7E5-D958DCB6DFDD,564,8BEA629B-D3B4-9745-8192-1E9FB5E84FA5,2284,,CRDT_FCLTY,FNNCL_CNTRCT,Y,NO ACTION,54B62A7C-199C-CC72-804E-4F8CB42AAFA6,575,CB4DAD8D-9689-B6DC-B773-F1FA3703D806,598,50F05542-B766-D441-5419-2AC7BCE10D22,2115,5
CRDT_RSK_MTGTN_ASSGNMNT_CLLTRL_FK,AD51085A-89B5-9B80-E7E5-D958DCB6DFDD,564,FCC69547-7B6C-57C0-BCA6-11A94F38025B,2285,,CRDT_RSK_MTGTN_ASSGNMNT,CLLTRL,Y,NO ACTION,E3723A8A-82EB-7EAD-6E47-D9FE347595C2,579,06BFC509-4E80-09A5-EFAA-FD6897DE3250,571,183AB5EE-44D9-ABD5-DF16-F2825681BFE4,2001,5
CRDT_RSK_MTGTN_ASSGNMNT_PRTCTN_ARRNGMNT_FK,AD51085A-89B5-9B80-E7E5-D958DCB6DFDD,564,41C5D381-5FDD-7801-7B4C-FFC819AD0770,2286,,CRDT_RSK_MTGTN_ASSGNMNT,PRTCTN_ARRNGMNT,Y,NO ACTION,E3723A8A-82EB-7EAD-6E47-D9FE347595C2,579,81F4EAAD-45F2-5B39-BCA2-13F6749ABB59,635,CC14BDDE-FF50-DCE6-6AD7-6B84973F8337,2178,5
CRDT_TRNSFR_OTHR_SCRTSTN_CVRD_BND_PRGRM_ASST_PL_FK,AD51085A-89B5-9B80-E7E5-D958DCB6DFDD,564,D3BB1192-A5A7-BB1E-C511-D2500BCAE126,2287,,CRDT_TRNSFR_OTHR_SCRTSTN_CVRD_BND_PRGRM,ASST_PL,Y,NO ACTION,52DAC291-01EA-53E1-39AB-4B794D4B3087,580,B423DC7A-7970-91EF-DC42-9ADB4DA63ED0,565,018D7D49-63BE-F4FC-21E5-8245B525D633,2099,5
CSH_LG_RPRCHS_AGRMNT_CMPNNT_INSTRMNT_FKv2,AD51085A-89B5-9B80-E7E5-D958DCB6DFDD,564,EA636958-2C12-66A5-3CDE-B8CDE9107E19,2288,,RPRCHS_AGRMNT_CMPNNT,INSTRMNT,Y,NO ACTION,FA537D71-CFED-45E4-E418-4BCCDD3A0C24,642,9FFDCF42-F484-F5FA-5403-D176EB55118A,605,37C8ADE0-0708-3243-9B16-54A6BB12D469,2082,5
CVRD_BND_ISSNC_CVRD_BND_PRGRM_FK,AD51085A-89B5-9B80-E7E5-D958DCB6DFDD,564,0BD5414B-AF48-BDCC-4DA5-65CE113BB835,2289,,CVRD_BND_ISSNC,CVRD_BND_PRGRM,Y,NO ACTION,8CC7566A-5FA1-8E2C-97C6-6735CC7DDAB0,582,1070C3D2-8420-09A3-919C-7F9422474127,583,E371170A-0528-5FC0-AECB-860BE97996EA,2010,5
CVRD_BND_ISSNC_SCRTY_EXCHNG_TRDBL_DRVTV_FK,AD51085A-89B5-9B80-E7E5-D958DCB6DFDD,564,4635C469-7EAD-EC22-0293-241188C1DA1E,2290,,CVRD_BND_ISSNC,SCRTY_EXCHNG_TRDBL_DRVTV,Y,NO ACTION,8CC7566A-5FA1-8E2C-97C6-6735CC7DDAB0,582,C8FC06AA-6E30-0B5D-7332-5C5604A82D7C,656,D7C1675A-5DDD-50CB-CCF7-0BA20B0322B4,2217,5
CVRD_BND_PRGRM_ASST_PL_FK,AD51085A-89B5-9B80-E7E5-D958DCB6DFDD,564,31528437-59F8-9C85-4F4A-9BA4688D2D77,2291,,CVRD_BND_PRGRM,ASST_PL,Y,NO ACTION,1070C3D2-8420-09A3-919C-7F9422474127,583,B423DC7A-7970-91EF-DC42-9ADB4DA63ED0,565,018D7D49-63BE-F4FC-21E5-8245B525D633,2099,5
CVRD_BND_PRGRMM_RLVNT_RGM_EXCSS_CVRD_BND_PRGRM_FK,AD51085A-89B5-9B80-E7E5-D958DCB6DFDD,564,28AB600B-675F-D067-FE89-2BBA6E604661,2292,,CVRD_BND_PRGRMM_RLVNT_RGM_EXCSS,CVRD_BND_PRGRM,Y,NO ACTION,2AD54755-E3D9-2DC8-B603-3343419FD1BD,584,1070C3D2-8420-09A3-919C-7F9422474127,583,E371170A-0528-5FC0-AECB-860BE97996EA,2010,5
DBT_SCRTY_ISSD_HDG_DBT_SCRTY_ISSD_FK,AD51085A-89B5-9B80-E7E5-D958DCB6DFDD,564,C7B22D93-D72C-072F-6C9B-5E18B06A33A6,2293,,DBT_SCRTY_ISSD_HDG,DBT_SCRTY_ISSD,Y,NO ACTION,DCF7D13B-0746-55D0-41E8-A64F31F131BF,586,5CAF5168-7FA3-2AB6-F14E-E42C481A7DD7,585,5DF07FB6-B0D1-7B17-F2AC-A9E2F35E6970,2040,6
DBT_SCRTY_ISSD_PRTCN_ARRNGMNT_GVN_ASSGNMNT_DBT_SCRTY_ISSD_FK,AD51085A-89B5-9B80-E7E5-D958DCB6DFDD,564,74869760-15EA-1CBE-733D-BD94E589D6D2,2294,,DBT_SCRTY_ISSD_PRTCN_ARRNGMNT_GVN_ASSGNMNT,DBT_SCRTY_ISSD,Y,NO ACTION,193F9429-D16C-573B-C98F-E9EEE0827427,587,5CAF5168-7FA3-2AB6-F14E-E42C481A7DD7,585,5DF07FB6-B0D1-7B17-F2AC-A9E2F35E6970,2040,6
DBT_SCRTY_ISSD_PRTCN_ARRNGMNT_GVN_ASSGNMNT_PRTCTN_ARRNGMNT_RL_FK,AD51085A-89B5-9B80-E7E5-D958DCB6DFDD,564,4C46F5D1-0871-F737-F5CE-A335B732C2D2,2295,,DBT_SCRTY_ISSD_PRTCN_ARRNGMNT_GVN_ASSGNMNT,PRTCTN_ARRNGMNT_RL,Y,NO ACTION,193F9429-D16C-573B-C98F-E9EEE0827427,587,B3F10908-F1A5-EC74-448B-1C717C7FF71E,636,4056587C-9E9C-12A8-3A2D-C1E5815F4587,2205,6
DBT_SCRTY_ISSD_SCRTY_EXCHNG_TRDBL_DRVTV_FK,AD51085A-89B5-9B80-E7E5-D958DCB6DFDD,564,7D2092C3-606C-FDB6-F2BB-1C7ECBE199B0,2296,,DBT_SCRTY_ISSD,SCRTY_EXCHNG_TRDBL_DRVTV,Y,NO ACTION,5CAF5168-7FA3-2AB6-F14E-E42C481A7DD7,585,C8FC06AA-6E30-0B5D-7332-5C5604A82D7C,656,D7C1675A-5DDD-50CB-CCF7-0BA20B0322B4,2217,5
DBT_SCRTY_ISSD_TRDTNL_SCRTSTN_ASSGNMNT_DBT_SCRTY_ISSD_FK,AD51085A-89B5-9B80-E7E5-D958DCB6DFDD,564,9988D013-5097-5210-FC32-1005B282081E,2297,,DBT_SCRTY_ISSD_TRDTNL_SCRTSTN_ASSGNMNT,DBT_SCRTY_ISSD,Y,NO ACTION,0DEC9E62-0B06-F43E-A20D-650E3B1E9C4C,588,5CAF5168-7FA3-2AB6-F14E-E42C481A7DD7,585,5DF07FB6-B0D1-7B17-F2AC-A9E2F35E6970,2040,6
DBT_SCRTY_ISSD_TRDTNL_SCRTSTN_ASSGNMNT_TRDTNL_SCRTSTN_FK,AD51085A-89B5-9B80-E7E5-D958DCB6DFDD,564,035B07A4-E91B-8021-E69D-A172157C7CFE,2298,,DBT_SCRTY_ISSD_TRDTNL_SCRTSTN_ASSGNMNT,TRDTNL_SCRTSTN,Y,NO ACTION,0DEC9E62-0B06-F43E-A20D-650E3B1E9C4C,588,D267E310-F398-8C2B-D5FE-C2014AC1E8A0,667,61C7E559-E9D6-9AD8-6303-A63D45DCAD94,2258,5
ENTTY_RL_PRTY_FKv4,AD51085A-89B5-9B80-E7E5-D958DCB6DFDD,564,DCB00479-3EE5-CD5C-F0DA-FA6F0A9D28EF,2299,,ENTTY_RL,PRTY,Y,NO ACTION,E8102E7C-4835-8829-AE10-1A6486B35A81,589,98FCF9F5-E183-3A22-367F-9306F2685389,639,8255CDD0-CDF7-97BC-C4E9-16989954A01D,2201,5
EQT_INSTRMNT_NT_SCRT_HDG_INSTRMNT_FK,AD51085A-89B5-9B80-E7E5-D958DCB6DFDD,564,1AB9C653-5C5F-D045-952A-4238DAE54CCB,2300,,EQT_INSTRMNT_NT_SCRT_HDG,INSTRMNT,Y,NO ACTION,4479254A-F6E7-5363-038F-33CD6C83D3DB,590,9FFDCF42-F484-F5FA-5403-D176EB55118A,605,37C8ADE0-0708-3243-9B16-54A6BB12D469,2082,5
ETD_LBLTY_PSTN_SNTHTC_SCRTSTN_ASSGNMNT_EXCHNG_TRDBL_DRVTV_PSTN_RL_FK,AD51085A-89B5-9B80-E7E5-D958DCB6DFDD,564,F606A35B-E0A5-7058-18F8-468729B78E79,2301,,ETD_LBLTY_PSTN_SNTHTC_SCRTSTN_ASSGNMNT,EXCHNG_TRDBL_DRVTV_PSTN_RL,Y,NO ACTION,609CC011-AFD2-124D-961F-2EF0D1CAF9E5,591,5DE742F6-2AED-4A08-A3CD-D745C4103F63,594,9CEBE6FF-7267-315C-BB64-9873A704C2CC,2045,10
ETD_LBLTY_PSTN_SNTHTC_SCRTSTN_ASSGNMNT_SNTHTC_SCRTSTN_FK,AD51085A-89B5-9B80-E7E5-D958DCB6DFDD,564,D3B17314-E51B-AB3D-D4EA-5B0196D2647A,2302,,ETD_LBLTY_PSTN_SNTHTC_SCRTSTN_ASSGNMNT,SNTHTC_SCRTSTN,Y,NO ACTION,609CC011-AFD2-124D-961F-2EF0D1CAF9E5,591,E3FBCA40-29D9-F192-ED8A-0091B5621863,665,EAEE82ED-AF16-52DE-74DC-5D5FD54FFBA7,2261,5
EXCHNG_TRDBL_DRVTV_PSTN_ENTTY_RL_FK,AD51085A-89B5-9B80-E7E5-D958DCB6DFDD,564,D0767433-940B-3EB6-D7A8-7403FABEC016,2303,,EXCHNG_TRDBL_DRVTV_PSTN,ENTTY_RL,Y,NO ACTION,C408A92F-CBC8-04F7-BC6E-16A5D006E0C1,592,E8102E7C-4835-8829-AE10-1A6486B35A81,589,9F7264CB-ED41-8AA5-8993-FAC4E640EBE5,2130,6
EXCHNG_TRDBL_DRVTV_PSTN_ENTTY_RL_FKv2,AD51085A-89B5-9B80-E7E5-D958DCB6DFDD,564,46461C70-9C96-48EB-E25B-92D2F9AA9BBA,2304,,EXCHNG_TRDBL_DRVTV_PSTN,ENTTY_RL,Y,NO ACTION,C408A92F-CBC8-04F7-BC6E-16A5D006E0C1,592,E8102E7C-4835-8829-AE10-1A6486B35A81,589,9F7264CB-ED41-8AA5-8993-FAC4E640EBE5,2130,6
EXCHNG_TRDBL_DRVTV_PSTN_PRTCN_ARRNGMNT_ASSGNMNT_EXCHNG_TRDBL_DRVTV_PSTN_FK,AD51085A-89B5-9B80-E7E5-D958DCB6DFDD,564,69CA92B7-13FE-C79C-B770-A1F5687DF86E,2305,,EXCHNG_TRDBL_DRVTV_PSTN_PRTCN_ARRNGMNT_ASSGNMNT,EXCHNG_TRDBL_DRVTV_PSTN,Y,NO ACTION,9508E8CA-5BC5-6126-FA2E-DD61377C4F2C,593,C408A92F-CBC8-04F7-BC6E-16A5D006E0C1,592,A817D6FA-9C03-3477-5DA3-41FDA50E3806,2108,9
EXCHNG_TRDBL_DRVTV_PSTN_PRTCN_ARRNGMNT_ASSGNMNT_PRTCTN_ARRNGMNT_RL_FKv2,AD51085A-89B5-9B80-E7E5-D958DCB6DFDD,564,4B6D3909-99D2-5DFA-ED24-2291D988D275,2306,,EXCHNG_TRDBL_DRVTV_PSTN_PRTCN_ARRNGMNT_ASSGNMNT,PRTCTN_ARRNGMNT_RL,Y,NO ACTION,9508E8CA-5BC5-6126-FA2E-DD61377C4F2C,593,B3F10908-F1A5-EC74-448B-1C717C7FF71E,636,4056587C-9E9C-12A8-3A2D-C1E5815F4587,2205,6
EXCHNG_TRDBL_DRVTV_PSTN_RL_EXCHNG_TRDBL_DRVTV_PSTN_FK,AD51085A-89B5-9B80-E7E5-D958DCB6DFDD,564,6EFA80F9-1F71-E09C-A333-07D80C4DB764,2307,,EXCHNG_TRDBL_DRVTV_PSTN_RL,EXCHNG_TRDBL_DRVTV_PSTN,Y,NO ACTION,5DE742F6-2AED-4A08-A3CD-D745C4103F63,594,C408A92F-CBC8-04F7-BC6E-16A5D006E0C1,592,A817D6FA-9C03-3477-5DA3-41FDA50E3806,2108,9
EXCHNG_TRDBL_DRVTV_PSTN_SCRTY_EXCHNG_TRDBL_DRVTV_FK,AD51085A-89B5-9B80-E7E5-D958DCB6DFDD,564,3600B420-14BE-DAA5-38C9-27A160AAF021,2308,,EXCHNG_TRDBL_DRVTV_PSTN,SCRTY_EXCHNG_TRDBL_DRVTV,Y,NO ACTION,C408A92F-CBC8-04F7-BC6E-16A5D006E0C1,592,C8FC06AA-6E30-0B5D-7332-5C5604A82D7C,656,D7C1675A-5DDD-50CB-CCF7-0BA20B0322B4,2217,5
FNDMNTL_RVW_TRDNG_BK_STNDRD_APPRCH_RSK_MSR_ETD_PSTNS_EXCHNG_TRDBL_DRVTV_PSTN_FK,AD51085A-89B5-9B80-E7E5-D958DCB6DFDD,564,ED1F637E-EA38-EC19-6857-3C847D610BD1,2309,,FNDMNTL_RVW_TRDNG_BK_STNDRD_APPRCH_RSK_MSR_ETD_PSTNS,EXCHNG_TRDBL_DRVTV_PSTN,Y,NO ACTION,BEA575F2-C674-746A-325A-805449D0143B,595,C408A92F-CBC8-04F7-BC6E-16A5D006E0C1,592,A817D6FA-9C03-3477-5DA3-41FDA50E3806,2108,9
FNDMNTL_RVW_TRDNG_BK_STNDRD_APPRCH_RSK_MSR_ETD_PSTNS_RSK_FAC_SA_FK,AD51085A-89B5-9B80-E7E5-D958DCB6DFDD,564,08351C90-4D10-EEBC-2AFD-0247CB5561F2,2310,,FNDMNTL_RVW_TRDNG_BK_STNDRD_APPRCH_RSK_MSR_ETD_PSTNS,RSK_FAC_SA,Y,NO ACTION,BEA575F2-C674-746A-325A-805449D0143B,595,869458E6-A9FB-DF53-9252-979D31FF0836,643,A76BB8E3-BA8D-01F5-D4F7-FF118844F864,2184,5
FNDMNTL_RVW_TRDNG_BK_STNDRD_APPRCH_RSK_MSR_FR_SCRTY_PSTNS_RSK_FAC_SA_FK,AD51085A-89B5-9B80-E7E5-D958DCB6DFDD,564,E8DECF91-B3ED-24FE-D9C8-9E4B1CF185DC,2311,,FNDMNTL_RVW_TRDNG_BK_STNDRD_APPRCH_RSK_MSR_FR_SCRTY_PSTNS,RSK_FAC_SA,Y,NO ACTION,A036F52E-012A-9728-8C85-AA9CABAD157E,596,869458E6-A9FB-DF53-9252-979D31FF0836,643,A76BB8E3-BA8D-01F5-D4F7-FF118844F864,2184,5
FNDMNTL_RVW_TRDNG_BK_STNDRD_APPRCH_RSK_MSR_FR_SCRTY_PSTNS_SCRTY_PSTN_FK,AD51085A-89B5-9B80-E7E5-D958DCB6DFDD,564,1E3EFE27-BB52-193D-17D4-DBDAEB99A036,2312,,FNDMNTL_RVW_TRDNG_BK_STNDRD_APPRCH_RSK_MSR_FR_SCRTY_PSTNS,SCRTY_PSTN,Y,NO ACTION,A036F52E-012A-9728-8C85-AA9CABAD157E,596,8619528A-07F6-36EB-3BE2-191CF05F202A,659,AAD8505A-343E-A040-DDF7-37F33B38F63D,2181,7
FNDMNTL_RVW_TRDNG_BK_STNDRD_APPRCH_RSK_MSR_OTC_PSTNS_INSTRMNT_FK,AD51085A-89B5-9B80-E7E5-D958DCB6DFDD,564,5A4266F1-B321-C9A1-FD83-A7349A97AA08,2313,,FNDMNTL_RVW_TRDNG_BK_STNDRD_APPRCH_RSK_MSR_OTC_PSTNS,INSTRMNT,Y,NO ACTION,C8F85FA7-3E3C-21D0-A6AF-39895A0C190F,597,9FFDCF42-F484-F5FA-5403-D176EB55118A,605,37C8ADE0-0708-3243-9B16-54A6BB12D469,2082,5
FNDMNTL_RVW_TRDNG_BK_STNDRD_APPRCH_RSK_MSR_OTC_PSTNS_RSK_FAC_SA_FK,AD51085A-89B5-9B80-E7E5-D958DCB6DFDD,564,E8EE4F45-96F8-4FDB-CD06-24492D14DA77,2314,,FNDMNTL_RVW_TRDNG_BK_STNDRD_APPRCH_RSK_MSR_OTC_PSTNS,RSK_FAC_SA,Y,NO ACTION,C8F85FA7-3E3C-21D0-A6AF-39895A0C190F,597,869458E6-A9FB-DF53-9252-979D31FF0836,643,A76BB8E3-BA8D-01F5-D4F7-FF118844F864,2184,5
FNNCL_CNTRCT_SYNDCTD_CNTRCT_FK,AD51085A-89B5-9B80-E7E5-D958DCB6DFDD,564,18BE7182-2F6C-5396-FD92-48367D57D043,2315,,FNNCL_CNTRCT,SYNDCTD_CNTRCT,Y,NO ACTION,CB4DAD8D-9689-B6DC-B773-F1FA3703D806,598,27A4C8F6-E597-892A-A95B-678450FF88DF,666,16DC0FB0-C71B-12BB-35E6-23990C07B45E,2251,1
FNNCL_GRNT_INSTRMNT_DBT_SCRT_DBT_SCRTY_ASSGNMNT_INSTRMNT_FK,AD51085A-89B5-9B80-E7E5-D958DCB6DFDD,564,8BC3D36F-2B5A-29AE-9D3A-614E68F9D8F5,2316,,FNNCL_GRNT_INSTRMNT_DBT_SCRT_DBT_SCRTY_ASSGNMNT,INSTRMNT,Y,NO ACTION,A904E018-A6E3-EB38-8C2B-0C7305F9BB64,599,9FFDCF42-F484-F5FA-5403-D176EB55118A,605,37C8ADE0-0708-3243-9B16-54A6BB12D469,2082,5
FNNCL_GRNT_INSTRMNT_DBT_SCRT_DBT_SCRTY_ASSGNMNT_SCRTY_EXCHNG_TRDBL_DRVTV_FK,AD51085A-89B5-9B80-E7E5-D958DCB6DFDD,564,461EF331-4D69-087A-D667-39EA5602F0C6,2317,,FNNCL_GRNT_INSTRMNT_DBT_SCRT_DBT_SCRTY_ASSGNMNT,SCRTY_EXCHNG_TRDBL_DRVTV,Y,NO ACTION,A904E018-A6E3-EB38-8C2B-0C7305F9BB64,599,C8FC06AA-6E30-0B5D-7332-5C5604A82D7C,656,D7C1675A-5DDD-50CB-CCF7-0BA20B0322B4,2217,5
GLD_CLLTRL_LG_GLD_CLLTRL_ASSGNMNT_CLLTRL_FK,AD51085A-89B5-9B80-E7E5-D958DCB6DFDD,564,2A523F8D-A58A-A136-9BFD-728A27CF1F72,2318,,GLD_CLLTRL_LG_GLD_CLLTRL_ASSGNMNT,CLLTRL,Y,NO ACTION,2B995D2B-6A39-8D50-1D73-8AF67ABD3A10,601,06BFC509-4E80-09A5-EFAA-FD6897DE3250,571,183AB5EE-44D9-ABD5-DF16-F2825681BFE4,2001,5
GLD_CLLTRL_LG_GLD_CLLTRL_ASSGNMNT_RPRCHS_AGRMNT_CMPNNT_FK,AD51085A-89B5-9B80-E7E5-D958DCB6DFDD,564,21E945E8-600A-EEF2-7603-9FCE57A7D9B0,2319,,GLD_CLLTRL_LG_GLD_CLLTRL_ASSGNMNT,RPRCHS_AGRMNT_CMPNNT,Y,NO ACTION,2B995D2B-6A39-8D50-1D73-8AF67ABD3A10,601,FA537D71-CFED-45E4-E418-4BCCDD3A0C24,642,6F928C26-ADA3-662D-4BCD-1D6F8A8E32B4,2245,6
GRP_KY_MNGMNT_PRSNLL_ASSGNMNT_ENTTY_RL_FK,AD51085A-89B5-9B80-E7E5-D958DCB6DFDD,564,21EA2503-5BA4-E065-7925-CEB1D0FFD3D1,2320,,GRP_KY_MNGMNT_PRSNLL_ASSGNMNT,ENTTY_RL,Y,NO ACTION,A0685B2E-1742-1063-04CB-EF48FEB7BE14,603,E8102E7C-4835-8829-AE10-1A6486B35A81,589,9F7264CB-ED41-8AA5-8993-FAC4E640EBE5,2130,6
GRP_KY_MNGMNT_PRSNLL_ASSGNMNT_GRP_FK,AD51085A-89B5-9B80-E7E5-D958DCB6DFDD,564,312D8D93-174A-A8D0-7AFB-CDAFC515DA3A,2321,,GRP_KY_MNGMNT_PRSNLL_ASSGNMNT,GRP,Y,NO ACTION,A0685B2E-1742-1063-04CB-EF48FEB7BE14,603,F9331192-ACD4-0CA7-B554-F7C3A6C5E7D4,602,295BA58B-97BC-CDA9-9BFB-E22F0EA09FD8,2134,5
IMMDT_PRNT_ENTRPRS_ASSGNMNT_ENTTY_RL_FK,AD51085A-89B5-9B80-E7E5-D958DCB6DFDD,564,D0DC1A35-9982-7E84-7AE6-5517309F387B,2322,,IMMDT_PRNT_ENTRPRS_ASSGNMNT,ENTTY_RL,Y,NO ACTION,AA391685-89E8-D8AB-F465-7B27F65B77F1,604,E8102E7C-4835-8829-AE10-1A6486B35A81,589,9F7264CB-ED41-8AA5-8993-FAC4E640EBE5,2130,6
IMMDT_PRNT_ENTRPRS_ASSGNMNT_PRTY_FK,AD51085A-89B5-9B80-E7E5-D958DCB6DFDD,564,B437750B-EE9E-84EA-0E53-9D2BA621C9F6,2323,,IMMDT_PRNT_ENTRPRS_ASSGNMNT,PRTY,Y,NO ACTION,AA391685-89E8-D8AB-F465-7B27F65B77F1,604,98FCF9F5-E183-3A22-367F-9306F2685389,639,8255CDD0-CDF7-97BC-C4E9-16989954A01D,2201,5
INSTRMNT_BLNC_SHT_NTTNG_FK,AD51085A-89B5-9B80-E7E5-D958DCB6DFDD,564,9AE869FA-3632-E4BF-BD1D-FE976B4F4A2F,2324,,INSTRMNT,BLNC_SHT_NTTNG,Y,NO ACTION,9FFDCF42-F484-F5FA-5403-D176EB55118A,605,ACC5B10B-9E4F-AB85-0D3B-D145C9E261A0,570,D9020281-17C2-A4C5-AF63-5F82CB379E64,2098,5
INSTRMNT_CLLTRL_ASSGNMNT_CLLTRL_RL_FKv4,AD51085A-89B5-9B80-E7E5-D958DCB6DFDD,564,06895BBE-3D54-5E8C-CDB1-9C8875EC7EF1,2325,,INSTRMNT_CLLTRL_ASSGNMNT,CLLTRL_RL,Y,NO ACTION,1EB9A20D-E1EA-CA28-36BE-3637DA81FD61,606,E247413D-584F-677C-707B-58FC31C848E5,574,954DFB29-AE5B-E322-D80F-DA21E57A162E,2125,6
INSTRMNT_CLLTRL_ASSGNMNT_INSTRMNT_FKv4,AD51085A-89B5-9B80-E7E5-D958DCB6DFDD,564,5242911D-23B3-5845-A490-F4490AAA2BEC,2326,,INSTRMNT_CLLTRL_ASSGNMNT,INSTRMNT,Y,NO ACTION,1EB9A20D-E1EA-CA28-36BE-3637DA81FD61,606,9FFDCF42-F484-F5FA-5403-D176EB55118A,605,37C8ADE0-0708-3243-9B16-54A6BB12D469,2082,5
INSTRMNT_CLLTRL_RCVD_INSTRMNT_ASSGNMNT_INSTRMNT_FK,AD51085A-89B5-9B80-E7E5-D958DCB6DFDD,564,3248964A-F21E-559E-A19C-3A234FB08E17,2327,,INSTRMNT_CLLTRL_RCVD_INSTRMNT_ASSGNMNT,INSTRMNT,Y,NO ACTION,95509C33-47BB-F436-DC37-F6D3BDB991E1,607,9FFDCF42-F484-F5FA-5403-D176EB55118A,605,37C8ADE0-0708-3243-9B16-54A6BB12D469,2082,5
INSTRMNT_CLLTRL_RCVD_INSTRMNT_ASSGNMNT_INSTRMNT_RL_FK,AD51085A-89B5-9B80-E7E5-D958DCB6DFDD,564,C2319F7C-BA77-F0AF-BB82-E727715BB971,2328,,INSTRMNT_CLLTRL_RCVD_INSTRMNT_ASSGNMNT,INSTRMNT_RL,Y,NO ACTION,95509C33-47BB-F436-DC37-F6D3BDB991E1,607,E88DD6DA-5A0B-DE9C-491D-EC2A3C31B3BD,612,E5D9B8E3-BAAF-FBED-DB95-D39D271D1283,2132,6
INSTRMNT_CRDT_FCLTY_FK,AD51085A-89B5-9B80-E7E5-D958DCB6DFDD,564,D12B71CE-30F7-84B0-A1B2-FB84148F7843,2329,,INSTRMNT,CRDT_FCLTY,Y,NO ACTION,9FFDCF42-F484-F5FA-5403-D176EB55118A,605,54B62A7C-199C-CC72-804E-4F8CB42AAFA6,575,A7363CFE-24B5-589A-72F4-77A413B68AF6,2038,5
INSTRMNT_ENTTY_RL_ASSGNMNT_ENTTY_RL_FKv17,AD51085A-89B5-9B80-E7E5-D958DCB6DFDD,564,1753C660-46B6-DDD0-E12F-61E3F095F21E,2330,,INSTRMNT_ENTTY_RL_ASSGNMNT,ENTTY_RL,Y,NO ACTION,5D10D8A0-60B9-91B1-5A07-90932DEBB7C0,608,E8102E7C-4835-8829-AE10-1A6486B35A81,589,9F7264CB-ED41-8AA5-8993-FAC4E640EBE5,2130,6
INSTRMNT_ENTTY_RL_ASSGNMNT_INSTRMNT_FKv11,AD51085A-89B5-9B80-E7E5-D958DCB6DFDD,564,12DBE2DB-862E-DF6A-D024-EDF0BC191443,2331,,INSTRMNT_ENTTY_RL_ASSGNMNT,INSTRMNT,Y,NO ACTION,5D10D8A0-60B9-91B1-5A07-90932DEBB7C0,608,9FFDCF42-F484-F5FA-5403-D176EB55118A,605,37C8ADE0-0708-3243-9B16-54A6BB12D469,2082,5
INSTRMNT_FNNCL_CNTRCT_FK,AD51085A-89B5-9B80-E7E5-D958DCB6DFDD,564,8090AED4-EF5A-477A-E5A5-E757EDCEB013,2332,,INSTRMNT,FNNCL_CNTRCT,Y,NO ACTION,9FFDCF42-F484-F5FA-5403-D176EB55118A,605,CB4DAD8D-9689-B6DC-B773-F1FA3703D806,598,50F05542-B766-D441-5419-2AC7BCE10D22,2115,5
INSTRMNT_HDGD_EXCHNG_TRDBL_DRVTV_EXCHNG_TRDBL_DRVTV_PSTN_RL_FK,AD51085A-89B5-9B80-E7E5-D958DCB6DFDD,564,59FB97B8-227A-935B-0D1B-0AEB92F98ECA,2333,,INSTRMNT_HDGD_EXCHNG_TRDBL_DRVTV,EXCHNG_TRDBL_DRVTV_PSTN_RL,Y,NO ACTION,BD0E531C-85F7-AF67-E681-D6EF89A0814E,609,5DE742F6-2AED-4A08-A3CD-D745C4103F63,594,9CEBE6FF-7267-315C-BB64-9873A704C2CC,2045,10
INSTRMNT_HDGD_EXCHNG_TRDBL_DRVTV_INSTRMNT_FK,AD51085A-89B5-9B80-E7E5-D958DCB6DFDD,564,7FCFF57A-4D10-A1A7-C901-37E47701F040,2334,,INSTRMNT_HDGD_EXCHNG_TRDBL_DRVTV,INSTRMNT,Y,NO ACTION,BD0E531C-85F7-AF67-E681-D6EF89A0814E,609,9FFDCF42-F484-F5FA-5403-D176EB55118A,605,37C8ADE0-0708-3243-9B16-54A6BB12D469,2082,5
INSTRMNT_HDGD_OTC_DRVTV_INSTRMNT_FK,AD51085A-89B5-9B80-E7E5-D958DCB6DFDD,564,E86B1171-9822-C50C-F428-8A7FF9456F2F,2335,,INSTRMNT_HDGD_OTC_DRVTV,INSTRMNT,Y,NO ACTION,7B80D09C-725A-9166-6AEC-B58C896924B4,610,9FFDCF42-F484-F5FA-5403-D176EB55118A,605,37C8ADE0-0708-3243-9B16-54A6BB12D469,2082,5
INSTRMNT_HDGD_OTC_DRVTV_OTC_DRVTV_HDG_FK,AD51085A-89B5-9B80-E7E5-D958DCB6DFDD,564,6777F2C5-9260-60AE-AAB0-DC6AC17C81C5,2336,,INSTRMNT_HDGD_OTC_DRVTV,OTC_DRVTV_HDG,Y,NO ACTION,7B80D09C-725A-9166-6AEC-B58C896924B4,610,E3362241-970A-881A-305F-88C4F987B877,632,48E9D3AC-944D-EB22-19C7-C25B58AABC9D,2233,5
INSTRMNT_PRTCTN_ARRNGMNT_ASSGNMNT_INSTRMNT_FK,AD51085A-89B5-9B80-E7E5-D958DCB6DFDD,564,005492FE-172B-7408-6A7B-B13CF38AD000,2337,,INSTRMNT_PRTCTN_ARRNGMNT_ASSGNMNT,INSTRMNT,Y,NO ACTION,5F998621-66D7-8183-5671-A9EF5D0A69D8,611,9FFDCF42-F484-F5FA-5403-D176EB55118A,605,37C8ADE0-0708-3243-9B16-54A6BB12D469,2082,5
INSTRMNT_PRTCTN_ARRNGMNT_ASSGNMNT_PRTCTN_ARRNGMNT_RL_FKv2,AD51085A-89B5-9B80-E7E5-D958DCB6DFDD,564,84981703-6B80-64DF-9702-021D0DF98676,2338,,INSTRMNT_PRTCTN_ARRNGMNT_ASSGNMNT,PRTCTN_ARRNGMNT_RL,Y,NO ACTION,5F998621-66D7-8183-5671-A9EF5D0A69D8,611,B3F10908-F1A5-EC74-448B-1C717C7FF71E,636,4056587C-9E9C-12A8-3A2D-C1E5815F4587,2205,6
INSTRMNT_RL_INSTRMNT_FK,AD51085A-89B5-9B80-E7E5-D958DCB6DFDD,564,A8A2E3DC-33F6-3C1E-9007-A8E4C303139A,2339,,INSTRMNT_RL,INSTRMNT,Y,NO ACTION,E88DD6DA-5A0B-DE9C-491D-EC2A3C31B3BD,612,9FFDCF42-F484-F5FA-5403-D176EB55118A,605,37C8ADE0-0708-3243-9B16-54A6BB12D469,2082,5
INTRNL_GRP_RL_GRP_FK,AD51085A-89B5-9B80-E7E5-D958DCB6DFDD,564,8F0E6849-54F5-9599-0CF1-0F3A898FB966,2340,,INTRNL_GRP_RL,GRP,Y,NO ACTION,76A580DC-E62D-DCAE-DEBD-ED73F8853CA8,613,F9331192-ACD4-0CA7-B554-F7C3A6C5E7D4,602,295BA58B-97BC-CDA9-9BFB-E22F0EA09FD8,2134,5
LN_EXCLDNG_RPRCHS_AGRMNT_AND_ADVNC_HDG_INSTRMNT_FK,AD51085A-89B5-9B80-E7E5-D958DCB6DFDD,564,30B33596-7297-1E12-55DB-450EDB42AA69,2341,,LN_EXCLDNG_RPRCHS_AGRMNT_AND_ADVNC_HDG,INSTRMNT,Y,NO ACTION,39D20873-67C3-5669-68FB-569EDC3B4FC1,616,9FFDCF42-F484-F5FA-5403-D176EB55118A,605,37C8ADE0-0708-3243-9B16-54A6BB12D469,2082,5
LNG_DBT_SCRTY_PSTN_ENCMBRNC_DRVD_DT_FK,AD51085A-89B5-9B80-E7E5-D958DCB6DFDD,564,F88E1777-16BF-406D-5EC4-7CF82392C191,2342,,LNG_DBT_SCRTY_PSTN_ENCMBRNC_DRVD_DT,SCRTY_PSTN,Y,NO ACTION,45DF8987-6FEF-6B08-5A79-1D47637CFB9F,617,8619528A-07F6-36EB-3BE2-191CF05F202A,659,AAD8505A-343E-A040-DDF7-37F33B38F63D,2181,7
LNG_EQTY_FND_SCRYT_PSTN_ENCMBRNC_DT_SCRTY_PSTN_FK,AD51085A-89B5-9B80-E7E5-D958DCB6DFDD,564,C20B09E3-E1EB-AC5D-1BFD-BF1F41A73452,2343,,LNG_EQTY_FND_SCRYT_PSTN_ENCMBRNC_DT,SCRTY_PSTN,Y,NO ACTION,97FAC2D9-F070-28A7-5F1B-FF7143403F0C,618,8619528A-07F6-36EB-3BE2-191CF05F202A,659,AAD8505A-343E-A040-DDF7-37F33B38F63D,2181,7
LNG_NN_NGTBL_SCRTY_PSTN_CLLTRL_ASSGNMNT_CLLTRL_RL_FK,AD51085A-89B5-9B80-E7E5-D958DCB6DFDD,564,ADC38CC4-5558-18B6-7676-15D8C8AD1983,2344,,LNG_NN_NGTBL_SCRTY_PSTN_CLLTRL_ASSGNMNT,CLLTRL_RL,Y,NO ACTION,DE88C5B8-20EB-1246-D91E-0C0B2899ED49,619,E247413D-584F-677C-707B-58FC31C848E5,574,954DFB29-AE5B-E322-D80F-DA21E57A162E,2125,6
LNG_NN_NGTBL_SCRTY_PSTN_CLLTRL_ASSGNMNT_SCRTY_PSTN_FK,AD51085A-89B5-9B80-E7E5-D958DCB6DFDD,564,20D12B78-646B-76C6-227F-21B26BE5DE55,2345,,LNG_NN_NGTBL_SCRTY_PSTN_CLLTRL_ASSGNMNT,SCRTY_PSTN,Y,NO ACTION,DE88C5B8-20EB-1246-D91E-0C0B2899ED49,619,8619528A-07F6-36EB-3BE2-191CF05F202A,659,AAD8505A-343E-A040-DDF7-37F33B38F63D,2181,7
LNG_SCRTY_PSTN_HDG_SCRTY_PSTN_FK,AD51085A-89B5-9B80-E7E5-D958DCB6DFDD,564,DB3FBE66-7EDB-C221-016E-2B26672CB864,2346,,LNG_SCRTY_PSTN_HDG,SCRTY_PSTN,Y,NO ACTION,D448B1BD-38A9-FA76-4C83-8674CA0960A1,620,8619528A-07F6-36EB-3BE2-191CF05F202A,659,AAD8505A-343E-A040-DDF7-37F33B38F63D,2181,7
LNG_SCRTY_PSTN_PRDNTL_PRTFL_ASSGNMNT_ACCNTNG_CLSSFCTN_FNNCL_ASSTS_ASSGNMNT_LNG_SCRTY_PSTN_PRDNTL_PRTFL_ASSGNMNT_FK,AD51085A-89B5-9B80-E7E5-D958DCB6DFDD,564,9E2BF2F1-B9F3-F081-3F5A-E3D2E5C9C49C,2347,,LNG_SCRTY_PSTN_PRDNTL_PRTFL_ASSGNMNT_ACCNTNG_CLSSFCTN_FNNCL_ASSTS_ASSGNMNT,LNG_SCRTY_PSTN_PRDNTL_PRTFL_ASSGNMNT,Y,NO ACTION,450248A9-0AF3-997D-0602-8451FBB61F92,622,41EBF259-7BF6-476D-6D6F-2BC8B42FF5CC,621,BD70F240-3835-4545-F11C-C53858BE894B,2163,8
LNG_SCRTY_PSTN_PRDNTL_PRTFL_ASSGNMNT_RSK_DT_LNG_SCRTY_PSTN_PRDNTL_PRTFL_ASSGNMNT_FK,AD51085A-89B5-9B80-E7E5-D958DCB6DFDD,564,23C82BF7-1457-3BDA-6A20-BB7B95F9D673,2348,,LNG_SCRTY_PSTN_PRDNTL_PRTFL_ASSGNMNT_RSK_DT,LNG_SCRTY_PSTN_PRDNTL_PRTFL_ASSGNMNT,Y,NO ACTION,DA2ACB21-1BB4-9C14-27C4-89904638A438,623,41EBF259-7BF6-476D-6D6F-2BC8B42FF5CC,621,BD70F240-3835-4545-F11C-C53858BE894B,2163,8
LNG_SCRTY_PSTN_PRDNTL_PRTFL_ASSGNMNT_SCRTY_PSTN_FK,AD51085A-89B5-9B80-E7E5-D958DCB6DFDD,564,A9EDDF39-4BF4-319B-830B-AA5FDCD842AE,2349,,LNG_SCRTY_PSTN_PRDNTL_PRTFL_ASSGNMNT,SCRTY_PSTN,Y,NO ACTION,41EBF259-7BF6-476D-6D6F-2BC8B42FF5CC,621,8619528A-07F6-36EB-3BE2-191CF05F202A,659,AAD8505A-343E-A040-DDF7-37F33B38F63D,2181,7
LNG_SCRTY_PSTN_PRTCTN_ARRNGMNT_GVN_ASSGNMNT_PRTCTN_ARRNGMNT_RL_FK,AD51085A-89B5-9B80-E7E5-D958DCB6DFDD,564,5DA47A26-CD3B-F6C5-6BCE-85CF7402FC28,2350,,LNG_SCRTY_PSTN_PRTCTN_ARRNGMNT_GVN_ASSGNMNT,PRTCTN_ARRNGMNT_RL,Y,NO ACTION,6BBBA9EA-3CCE-6CA6-C401-AC75C9EF88C1,624,B3F10908-F1A5-EC74-448B-1C717C7FF71E,636,4056587C-9E9C-12A8-3A2D-C1E5815F4587,2205,6
LNG_SCRTY_PSTN_PRTCTN_ARRNGMNT_GVN_ASSGNMNT_SCRTY_PSTN_FK,AD51085A-89B5-9B80-E7E5-D958DCB6DFDD,564,26FBF51A-003A-06CA-E7BE-E576A33D5036,2351,,LNG_SCRTY_PSTN_PRTCTN_ARRNGMNT_GVN_ASSGNMNT,SCRTY_PSTN,Y,NO ACTION,6BBBA9EA-3CCE-6CA6-C401-AC75C9EF88C1,624,8619528A-07F6-36EB-3BE2-191CF05F202A,659,AAD8505A-343E-A040-DDF7-37F33B38F63D,2181,7
LNKD_ENTRPRS_ASSGNMNT_ENTTY_RL_FK,AD51085A-89B5-9B80-E7E5-D958DCB6DFDD,564,BC010CD3-AE19-D514-175A-A128B45EB3AE,2352,,LNKD_ENTRPRS_ASSGNMNT,ENTTY_RL,Y,NO ACTION,27501729-051B-AF54-ED03-83141109A47B,625,E8102E7C-4835-8829-AE10-1A6486B35A81,589,9F7264CB-ED41-8AA5-8993-FAC4E640EBE5,2130,6
LNKD_ENTRPRS_ASSGNMNT_PRTY_FK,AD51085A-89B5-9B80-E7E5-D958DCB6DFDD,564,C50B6589-20C1-56D9-D735-4A224EC0F535,2353,,LNKD_ENTRPRS_ASSGNMNT,PRTY,Y,NO ACTION,27501729-051B-AF54-ED03-83141109A47B,625,98FCF9F5-E183-3A22-367F-9306F2685389,639,8255CDD0-CDF7-97BC-C4E9-16989954A01D,2201,5
MSTR_AGRMNT_ENTTY_RL_ASSGNMNT_ENTTY_RL_FKv3,AD51085A-89B5-9B80-E7E5-D958DCB6DFDD,564,02B78AD5-2F20-E91F-D35B-240558EC3032,2354,,MSTR_AGRMNT_ENTTY_RL_ASSGNMNT,ENTTY_RL,Y,NO ACTION,05452940-77B2-3465-2747-7CF6A7F85812,627,E8102E7C-4835-8829-AE10-1A6486B35A81,589,9F7264CB-ED41-8AA5-8993-FAC4E640EBE5,2130,6
MSTR_AGRMNT_ENTTY_RL_ASSGNMNT_MSTR_AGRMNT_FKv2,AD51085A-89B5-9B80-E7E5-D958DCB6DFDD,564,56058DB1-D560-0EE7-8AF3-7820031E89C2,2355,,MSTR_AGRMNT_ENTTY_RL_ASSGNMNT,MSTR_AGRMNT,Y,NO ACTION,05452940-77B2-3465-2747-7CF6A7F85812,627,BD01F6F2-243E-577D-B615-FE7B6541AEED,626,51360840-E063-BAA1-83A4-A23952C549F7,2207,5
MSTR_AGRMNT_FNNCL_CNTRCT_ASSGNMNT_FNNCL_CNTRCT_FK,AD51085A-89B5-9B80-E7E5-D958DCB6DFDD,564,38636A37-007C-8FEE-D784-2CD01D83FD48,2356,,MSTR_AGRMNT_FNNCL_CNTRCT_ASSGNMNT,FNNCL_CNTRCT,Y,NO ACTION,300A393D-FE43-585E-7B96-5E1C27DEBFEF,628,CB4DAD8D-9689-B6DC-B773-F1FA3703D806,598,50F05542-B766-D441-5419-2AC7BCE10D22,2115,5
MSTR_AGRMNT_FNNCL_CNTRCT_ASSGNMNT_MSTR_AGRMNT_FK,AD51085A-89B5-9B80-E7E5-D958DCB6DFDD,564,CC2D173D-14D0-DB02-AD6A-8741186FF2FF,2357,,MSTR_AGRMNT_FNNCL_CNTRCT_ASSGNMNT,MSTR_AGRMNT,Y,NO ACTION,300A393D-FE43-585E-7B96-5E1C27DEBFEF,628,BD01F6F2-243E-577D-B615-FE7B6541AEED,626,51360840-E063-BAA1-83A4-A23952C549F7,2207,5
NTRL_PRSN_KY_MNGMNT_PRSNLL_ASSGNMNT_ENTTY_RL_FK,AD51085A-89B5-9B80-E7E5-D958DCB6DFDD,564,9D0CBA00-1759-739E-531E-D884647C3469,2358,,NTRL_PRSN_KY_MNGMNT_PRSNLL_ASSGNMNT,ENTTY_RL,Y,NO ACTION,BF45CD7A-4BAB-3F02-A517-4B10FBB68DA9,631,E8102E7C-4835-8829-AE10-1A6486B35A81,589,9F7264CB-ED41-8AA5-8993-FAC4E640EBE5,2130,6
NTRL_PRSN_KY_MNGMNT_PRSNLL_ASSGNMNT_PRTY_FK,AD51085A-89B5-9B80-E7E5-D958DCB6DFDD,564,C5E2635A-144C-B2B7-C133-ECA6B1053DD9,2359,,NTRL_PRSN_KY_MNGMNT_PRSNLL_ASSGNMNT,PRTY,Y,NO ACTION,BF45CD7A-4BAB-3F02-A517-4B10FBB68DA9,631,98FCF9F5-E183-3A22-367F-9306F2685389,639,8255CDD0-CDF7-97BC-C4E9-16989954A01D,2201,5
OTC_DRVTV_HDG_INSTRMNT_FK,AD51085A-89B5-9B80-E7E5-D958DCB6DFDD,564,AC7F1DD7-B97E-4B37-3979-1B38A06610C0,2360,,OTC_DRVTV_HDG,INSTRMNT,Y,NO ACTION,E3362241-970A-881A-305F-88C4F987B877,632,9FFDCF42-F484-F5FA-5403-D176EB55118A,605,37C8ADE0-0708-3243-9B16-54A6BB12D469,2082,5
OTC_DRVTV_INSTRMNT_SNTHTC_SCRTSTN_ASSGNMNT_INSTRMNT_FK,AD51085A-89B5-9B80-E7E5-D958DCB6DFDD,564,25E995BD-0A4E-294C-07CA-7EDCF3D23CDB,2361,,OTC_DRVTV_INSTRMNT_SNTHTC_SCRTSTN_ASSGNMNT,INSTRMNT,Y,NO ACTION,8748C4B5-9F5E-380B-6050-0AD66DE0AC63,633,9FFDCF42-F484-F5FA-5403-D176EB55118A,605,37C8ADE0-0708-3243-9B16-54A6BB12D469,2082,5
OTC_DRVTV_INSTRMNT_SNTHTC_SCRTSTN_ASSGNMNT_SNTHTC_SCRTSTN_FK,AD51085A-89B5-9B80-E7E5-D958DCB6DFDD,564,270DCF49-97A5-4D6C-3F50-9F63DC6D36DC,2362,,OTC_DRVTV_INSTRMNT_SNTHTC_SCRTSTN_ASSGNMNT,SNTHTC_SCRTSTN,Y,NO ACTION,8748C4B5-9F5E-380B-6050-0AD66DE0AC63,633,E3FBCA40-29D9-F192-ED8A-0091B5621863,665,EAEE82ED-AF16-52DE-74DC-5D5FD54FFBA7,2261,5
OTHR_PRTY_ID_PRTY_CD_FK,AD51085A-89B5-9B80-E7E5-D958DCB6DFDD,564,5298EA8B-9EA4-4E7E-DA10-54EDF92E7D7D,2363,,OTHR_PRTY_ID,PRTY_CD,Y,NO ACTION,DC13C3D5-A2D5-58D8-6487-08F9467DAF7F,634,10088B44-389E-1430-0895-DB8C7E614F8E,640,78610735-C745-77E8-0E80-5E5A331FD749,2141,6
PRTCTN_ARRNGMNT_RL_PRTCTN_ARRNGMNT_FK,AD51085A-89B5-9B80-E7E5-D958DCB6DFDD,564,E7EB5AB9-F0AF-9219-EDE3-E3BDC174B87A,2364,,PRTCTN_ARRNGMNT_RL,PRTCTN_ARRNGMNT,Y,NO ACTION,B3F10908-F1A5-EC74-448B-1C717C7FF71E,636,81F4EAAD-45F2-5B39-BCA2-13F6749ABB59,635,CC14BDDE-FF50-DCE6-6AD7-6B84973F8337,2178,5
PRTCTN_PRTCTN_PRVD_ASSGNMNT_ENTTY_RL_FK,AD51085A-89B5-9B80-E7E5-D958DCB6DFDD,564,F1B8FC11-CE43-94AD-0B9B-2789E1186DCA,2365,,PRTCTN_PRTCTN_PRVD_ASSGNMNT,ENTTY_RL,Y,NO ACTION,36E0D3A5-03B2-7CA3-5DD1-8E68E04D8416,637,E8102E7C-4835-8829-AE10-1A6486B35A81,589,9F7264CB-ED41-8AA5-8993-FAC4E640EBE5,2130,6
PRTCTN_PRTCTN_PRVD_ASSGNMNT_PRTCTN_ARRNGMNT_FK,AD51085A-89B5-9B80-E7E5-D958DCB6DFDD,564,B3934523-A9D1-002B-5120-CF7659CB5357,2366,,PRTCTN_PRTCTN_PRVD_ASSGNMNT,PRTCTN_ARRNGMNT,Y,NO ACTION,36E0D3A5-03B2-7CA3-5DD1-8E68E04D8416,637,81F4EAAD-45F2-5B39-BCA2-13F6749ABB59,635,CC14BDDE-FF50-DCE6-6AD7-6B84973F8337,2178,5
PRTNR_ENTRPRS_ASSGNMNT_ENTTY_RL_FK,AD51085A-89B5-9B80-E7E5-D958DCB6DFDD,564,7D1968A3-474D-E883-3B31-1C0344FD7C6C,2367,,PRTNR_ENTRPRS_ASSGNMNT,ENTTY_RL,Y,NO ACTION,E97FA58A-044A-1594-6D93-10E8FD096AC4,638,E8102E7C-4835-8829-AE10-1A6486B35A81,589,9F7264CB-ED41-8AA5-8993-FAC4E640EBE5,2130,6
PRTNR_ENTRPRS_ASSGNMNT_PRTY_FK,AD51085A-89B5-9B80-E7E5-D958DCB6DFDD,564,C584DE95-C6AF-6351-86D3-33EFCAE7050D,2368,,PRTNR_ENTRPRS_ASSGNMNT,PRTY,Y,NO ACTION,E97FA58A-044A-1594-6D93-10E8FD096AC4,638,98FCF9F5-E183-3A22-367F-9306F2685389,639,8255CDD0-CDF7-97BC-C4E9-16989954A01D,2201,5
PRTY_CD_PRTY_FK,AD51085A-89B5-9B80-E7E5-D958DCB6DFDD,564,C981FC1B-79C0-2B61-91A0-DAE386390953,2369,,PRTY_CD,PRTY,Y,NO ACTION,10088B44-389E-1430-0895-DB8C7E614F8E,640,98FCF9F5-E183-3A22-367F-9306F2685389,639,8255CDD0-CDF7-97BC-C4E9-16989954A01D,2201,5
PRTY_GRP_FK,AD51085A-89B5-9B80-E7E5-D958DCB6DFDD,564,9EB296A7-CCD3-639C-0819-3D6CD80C6BF0,2370,,PRTY,GRP,Y,NO ACTION,98FCF9F5-E183-3A22-367F-9306F2685389,639,F9331192-ACD4-0CA7-B554-F7C3A6C5E7D4,602,295BA58B-97BC-CDA9-9BFB-E22F0EA09FD8,2134,5
PRTY_PRTY_FK,AD51085A-89B5-9B80-E7E5-D958DCB6DFDD,564,E9922AAE-5546-38E0-EF1A-3F958422BAB2,2371,,PRTY,PRTY,Y,NO ACTION,98FCF9F5-E183-3A22-367F-9306F2685389,639,98FCF9F5-E183-3A22-367F-9306F2685389,639,8255CDD0-CDF7-97BC-C4E9-16989954A01D,2201,5
PRTY_PRTY_FKv2,AD51085A-89B5-9B80-E7E5-D958DCB6DFDD,564,E3BEBED5-F48F-E2F9-AB81-1176DF40EA32,2372,,PRTY,PRTY,Y,NO ACTION,98FCF9F5-E183-3A22-367F-9306F2685389,639,98FCF9F5-E183-3A22-367F-9306F2685389,639,8255CDD0-CDF7-97BC-C4E9-16989954A01D,2201,5
PRTY_PRVS_PRD_DT_PRTY_FK,AD51085A-89B5-9B80-E7E5-D958DCB6DFDD,564,B051FCD3-6C4E-6FC5-1F5A-CDBE9E918225,2373,,PRTY_PRVS_PRD_DT,PRTY,Y,NO ACTION,1721C8D0-A8E8-605D-D0C4-36D999D7AD4C,641,98FCF9F5-E183-3A22-367F-9306F2685389,639,8255CDD0-CDF7-97BC-C4E9-16989954A01D,2201,5
RPRCHS_AGRMNT_CMPNNT_INSTRMNT_FK,AD51085A-89B5-9B80-E7E5-D958DCB6DFDD,564,6049A185-9638-9427-277B-94F260160ABF,2374,,RPRCHS_AGRMNT_CMPNNT,INSTRMNT,Y,NO ACTION,FA537D71-CFED-45E4-E418-4BCCDD3A0C24,642,9FFDCF42-F484-F5FA-5403-D176EB55118A,605,37C8ADE0-0708-3243-9B16-54A6BB12D469,2082,5
RSK_FAC_SA_ENTTY_RL_FK,AD51085A-89B5-9B80-E7E5-D958DCB6DFDD,564,01009035-F24F-CA66-95FB-E784C5D1F316,2375,,RSK_FAC_SA,ENTTY_RL,Y,NO ACTION,869458E6-A9FB-DF53-9252-979D31FF0836,643,E8102E7C-4835-8829-AE10-1A6486B35A81,589,9F7264CB-ED41-8AA5-8993-FAC4E640EBE5,2130,6
RSK_FAC_SA_SCRTY_EXCHNG_TRDBL_DRVTV_FKv2,AD51085A-89B5-9B80-E7E5-D958DCB6DFDD,564,6811C9BC-A392-8840-88FE-911AD56DC357,2376,,RSK_FAC_SA,SCRTY_EXCHNG_TRDBL_DRVTV,Y,NO ACTION,869458E6-A9FB-DF53-9252-979D31FF0836,643,C8FC06AA-6E30-0B5D-7332-5C5604A82D7C,656,D7C1675A-5DDD-50CB-CCF7-0BA20B0322B4,2217,5
RTNG_AGNCY_EXCSS_MTHDLGY_CVRD_BND_PRGRMM_ASSGNMNT_CVRD_BND_PRGRM_FK,AD51085A-89B5-9B80-E7E5-D958DCB6DFDD,564,823023D6-B0CC-A434-3EE6-A276F5B33259,2377,,RTNG_AGNCY_EXCSS_MTHDLGY_CVRD_BND_PRGRMM_ASSGNMNT,CVRD_BND_PRGRM,Y,NO ACTION,C5D32D77-AC02-F777-9A14-305E90A9D06D,645,1070C3D2-8420-09A3-919C-7F9422474127,583,E371170A-0528-5FC0-AECB-860BE97996EA,2010,5
RTNG_AGNCY_EXCSS_MTHDLGY_CVRD_BND_PRGRMM_ASSGNMNT_RTNG_AGNCY_FK,AD51085A-89B5-9B80-E7E5-D958DCB6DFDD,564,0CFF9B4B-610F-3DDD-C215-D62179CF5D6D,2378,,RTNG_AGNCY_EXCSS_MTHDLGY_CVRD_BND_PRGRMM_ASSGNMNT,RTNG_AGNCY,Y,NO ACTION,C5D32D77-AC02-F777-9A14-305E90A9D06D,645,E28BD36E-F519-77BB-970D-6E1CBB4DD7A4,644,03A6D5EB-EBC5-84CD-D1B0-F4937A784AD1,2232,1
RTNG_GRD_CNTRL_BNK_PRVT_SCTR_CMPN_ASSGNMNT_PRTY_FK,AD51085A-89B5-9B80-E7E5-D958DCB6DFDD,564,95145195-BEAA-E5EC-A82B-17FBA06684E0,2379,,RTNG_GRD_CNTRL_BNK_PRVT_SCTR_CMPN_ASSGNMNT,PRTY,Y,NO ACTION,00D4A98A-D3D1-8283-52CA-3B6B38E01009,647,98FCF9F5-E183-3A22-367F-9306F2685389,639,8255CDD0-CDF7-97BC-C4E9-16989954A01D,2201,5
RTNG_GRD_CNTRL_BNK_PRVT_SCTR_CMPN_ASSGNMNT_RTNG_GRD_FK,AD51085A-89B5-9B80-E7E5-D958DCB6DFDD,564,604EC7B1-3C0E-6DD7-CA32-CC44FEF5BF11,2380,,RTNG_GRD_CNTRL_BNK_PRVT_SCTR_CMPN_ASSGNMNT,RTNG_GRD,Y,NO ACTION,00D4A98A-D3D1-8283-52CA-3B6B38E01009,647,101B2F21-787B-E581-704A-C6FA98FBFDB6,646,AE3F39DD-ED8C-F0C2-E2D3-E0263F9F5603,2143,3
RTNG_GRD_CNTRY_ASSGNMNT_RTNG_GRD_FK,AD51085A-89B5-9B80-E7E5-D958DCB6DFDD,564,26FEBE3D-360A-CF60-E14E-51FA0F8620E5,2381,,RTNG_GRD_CNTRY_ASSGNMNT,RTNG_GRD,Y,NO ACTION,F570A77B-FD52-CFF3-6AC8-68E8AA1219DC,648,101B2F21-787B-E581-704A-C6FA98FBFDB6,646,AE3F39DD-ED8C-F0C2-E2D3-E0263F9F5603,2143,3
RTNG_GRD_ISS_BSD_RTNG_SSTM_DBT_SCRTY_ASSGNMNT_RTNG_GRD_FK,AD51085A-89B5-9B80-E7E5-D958DCB6DFDD,564,E6E9001D-DB64-A5DE-BEAF-3B0A9E1B4842,2382,,RTNG_GRD_ISS_BSD_RTNG_SSTM_DBT_SCRTY_ASSGNMNT,RTNG_GRD,Y,NO ACTION,C672E582-8C65-8E6A-1C47-4EA2BF1B7DA2,649,101B2F21-787B-E581-704A-C6FA98FBFDB6,646,AE3F39DD-ED8C-F0C2-E2D3-E0263F9F5603,2143,3
RTNG_GRD_ISS_BSD_RTNG_SSTM_DBT_SCRTY_ASSGNMNT_SCRTY_EXCHNG_TRDBL_DRVTV_FK,AD51085A-89B5-9B80-E7E5-D958DCB6DFDD,564,3347F99A-442C-A5BE-7AFE-E0A11BD3817E,2383,,RTNG_GRD_ISS_BSD_RTNG_SSTM_DBT_SCRTY_ASSGNMNT,SCRTY_EXCHNG_TRDBL_DRVTV,Y,NO ACTION,C672E582-8C65-8E6A-1C47-4EA2BF1B7DA2,649,C8FC06AA-6E30-0B5D-7332-5C5604A82D7C,656,D7C1675A-5DDD-50CB-CCF7-0BA20B0322B4,2217,5
RTNG_GRD_RTNG_SYSTM_FKv2,AD51085A-89B5-9B80-E7E5-D958DCB6DFDD,564,AC427704-3885-4391-804E-3038CC308C45,2384,,RTNG_GRD,RTNG_SYSTM,Y,NO ACTION,101B2F21-787B-E581-704A-C6FA98FBFDB6,646,843E81A2-D5FE-5875-A77C-51D9CCF8B929,650,47824B2C-D870-1BD4-858D-E6D883ADBA98,2179,2
RTNG_SYSTM_APPLD_LGL_PRSN_PRTY_FK,AD51085A-89B5-9B80-E7E5-D958DCB6DFDD,564,BCBA794D-6E28-6739-B4DC-995DBCD5E619,2385,,RTNG_SYSTM_APPLD_LGL_PRSN,PRTY,Y,NO ACTION,5C521956-1153-4490-F7DC-6863B467DA21,651,98FCF9F5-E183-3A22-367F-9306F2685389,639,8255CDD0-CDF7-97BC-C4E9-16989954A01D,2201,5
RTNG_SYSTM_APPLD_LGL_PRSN_RTNG_SYSTM_FK,AD51085A-89B5-9B80-E7E5-D958DCB6DFDD,564,7624DCAD-2CAA-976F-92C6-193F46C04063,2386,,RTNG_SYSTM_APPLD_LGL_PRSN,RTNG_SYSTM,Y,NO ACTION,5C521956-1153-4490-F7DC-6863B467DA21,651,843E81A2-D5FE-5875-A77C-51D9CCF8B929,650,47824B2C-D870-1BD4-858D-E6D883ADBA98,2179,2
RTNG_SYSTM_RTNG_AGNCY_FK,AD51085A-89B5-9B80-E7E5-D958DCB6DFDD,564,197B96A9-88BC-1FE8-A57E-C81109B34E77,2387,,RTNG_SYSTM,RTNG_AGNCY,Y,NO ACTION,843E81A2-D5FE-5875-A77C-51D9CCF8B929,650,E28BD36E-F519-77BB-970D-6E1CBB4DD7A4,644,03A6D5EB-EBC5-84CD-D1B0-F4937A784AD1,2232,1
SBSDRY_JNT_VNTR_ASSCT_OTHR_ORGNSTN_ASSGNMNT_ENTTY_RL_FK,AD51085A-89B5-9B80-E7E5-D958DCB6DFDD,564,16B174C0-937E-2BA1-4543-FBF99997A2F5,2388,,SBSDRY_JNT_VNTR_ASSCT_OTHR_ORGNSTN_ASSGNMNT,ENTTY_RL,Y,NO ACTION,4D93960D-8189-50A6-C035-832C709754ED,652,E8102E7C-4835-8829-AE10-1A6486B35A81,589,9F7264CB-ED41-8AA5-8993-FAC4E640EBE5,2130,6
SBSDRY_JNT_VNTR_ASSCT_OTHR_ORGNSTN_ASSGNMNT_GRP_FK,AD51085A-89B5-9B80-E7E5-D958DCB6DFDD,564,1C784D34-166F-D39C-973F-362506268E00,2389,,SBSDRY_JNT_VNTR_ASSCT_OTHR_ORGNSTN_ASSGNMNT,GRP,Y,NO ACTION,4D93960D-8189-50A6-C035-832C709754ED,652,F9331192-ACD4-0CA7-B554-F7C3A6C5E7D4,602,295BA58B-97BC-CDA9-9BFB-E22F0EA09FD8,2134,5
SCRTY_BRRWNG_CMPNNT_SCRTY_CLLTRL_ASSGNMNT_CLLTRL_FK,AD51085A-89B5-9B80-E7E5-D958DCB6DFDD,564,6F011F12-EA26-4BA2-208C-0528A70B592B,2390,,SCRTY_BRRWNG_CMPNNT_SCRTY_CLLTRL_ASSGNMNT,CLLTRL,Y,NO ACTION,EADC9589-BFE6-1703-E56A-15B5EE01345B,653,06BFC509-4E80-09A5-EFAA-FD6897DE3250,571,183AB5EE-44D9-ABD5-DF16-F2825681BFE4,2001,5
SCRTY_BRRWNG_CMPNNT_SCRTY_CLLTRL_ASSGNMNT_SCTRY_BRRWNG_LNDNG_TRNSCTN_INCLDNG_CSH_CLLTRL_FK,AD51085A-89B5-9B80-E7E5-D958DCB6DFDD,564,D2551057-BA9A-495D-ED1A-42F11C29D788,2391,,SCRTY_BRRWNG_CMPNNT_SCRTY_CLLTRL_ASSGNMNT,SCTRY_BRRWNG_LNDNG_TRNSCTN_INCLDNG_CSH_CLLTRL,Y,NO ACTION,EADC9589-BFE6-1703-E56A-15B5EE01345B,653,F2390F2E-9138-188F-66C5-2FF59599C22C,662,9E894986-93EB-1E6A-09FA-7E980982210B,2241,5
SCRTY_CLLTRL_LNDNG_CMPNNT_SCRTY_CLLTRL_ASSGNMNT_CLLTRL_FK,AD51085A-89B5-9B80-E7E5-D958DCB6DFDD,564,1AF01653-16A3-AAEE-2FD1-9C867E853FC4,2392,,SCRTY_CLLTRL_LNDNG_CMPNNT_SCRTY_CLLTRL_ASSGNMNT,CLLTRL,Y,NO ACTION,C9565F13-CE66-A451-EF59-84C0C1FAAC99,654,06BFC509-4E80-09A5-EFAA-FD6897DE3250,571,183AB5EE-44D9-ABD5-DF16-F2825681BFE4,2001,5
SCRTY_CLLTRL_LNDNG_CMPNNT_SCRTY_CLLTRL_ASSGNMNT_SCTRY_BRRWNG_LNDNG_TRNSCTN_INCLDNG_CSH_CLLTRL_FK,AD51085A-89B5-9B80-E7E5-D958DCB6DFDD,564,8D765DB7-3D97-5027-5199-B222E3DC8DD3,2393,,SCRTY_CLLTRL_LNDNG_CMPNNT_SCRTY_CLLTRL_ASSGNMNT,SCTRY_BRRWNG_LNDNG_TRNSCTN_INCLDNG_CSH_CLLTRL,Y,NO ACTION,C9565F13-CE66-A451-EF59-84C0C1FAAC99,654,F2390F2E-9138-188F-66C5-2FF59599C22C,662,9E894986-93EB-1E6A-09FA-7E980982210B,2241,5
SCRTY_ENTTY_RL_ASSGNMNT_ENTTY_RL_FKv2,AD51085A-89B5-9B80-E7E5-D958DCB6DFDD,564,2C828826-CABB-F727-BF06-436D2EE6C7B7,2394,,SCRTY_ENTTY_RL_ASSGNMNT,ENTTY_RL,Y,NO ACTION,34BE23CC-8A28-4CBD-E34E-4C3F4C0B5EC3,655,E8102E7C-4835-8829-AE10-1A6486B35A81,589,9F7264CB-ED41-8AA5-8993-FAC4E640EBE5,2130,6
SCRTY_ENTTY_RL_ASSGNMNT_SCRTY_EXCHNG_TRDBL_DRVTV_FKv2,AD51085A-89B5-9B80-E7E5-D958DCB6DFDD,564,CCC61524-ADEF-C60F-71F0-76E62B48051A,2395,,SCRTY_ENTTY_RL_ASSGNMNT,SCRTY_EXCHNG_TRDBL_DRVTV,Y,NO ACTION,34BE23CC-8A28-4CBD-E34E-4C3F4C0B5EC3,655,C8FC06AA-6E30-0B5D-7332-5C5604A82D7C,656,D7C1675A-5DDD-50CB-CCF7-0BA20B0322B4,2217,5
SCRTY_HDGD_EXCHNG_TRDBL_DRVTV_EXCHNG_TRDBL_DRVTV_PSTN_RL_FK,AD51085A-89B5-9B80-E7E5-D958DCB6DFDD,564,25AE3700-BC0A-0B96-344C-751E13E929D1,2396,,SCRTY_HDGD_EXCHNG_TRDBL_DRVTV,EXCHNG_TRDBL_DRVTV_PSTN_RL,Y,NO ACTION,919D940B-F93D-DBA4-93AB-FB8FCC89328B,657,5DE742F6-2AED-4A08-A3CD-D745C4103F63,594,9CEBE6FF-7267-315C-BB64-9873A704C2CC,2045,10
SCRTY_HDGD_EXCHNG_TRDBL_DRVTV_LNG_SCRTY_PSTN_PRDNTL_PRTFL_ASSGNMNT_FK,AD51085A-89B5-9B80-E7E5-D958DCB6DFDD,564,BC981AAC-1BC7-EA75-2F87-852EE02CC166,2397,,SCRTY_HDGD_EXCHNG_TRDBL_DRVTV,LNG_SCRTY_PSTN_PRDNTL_PRTFL_ASSGNMNT,Y,NO ACTION,919D940B-F93D-DBA4-93AB-FB8FCC89328B,657,41EBF259-7BF6-476D-6D6F-2BC8B42FF5CC,621,BD70F240-3835-4545-F11C-C53858BE894B,2163,8
SCRTY_LNDNG_CMPNNT_SCRTY_ASSGNMNT_SCRTY_EXCHNG_TRDBL_DRVTV_FK,AD51085A-89B5-9B80-E7E5-D958DCB6DFDD,564,8FEFB21B-9B9E-EAD5-7EBD-945BFE0DEBDE,2398,,SCRTY_LNDNG_CMPNNT_SCRTY_ASSGNMNT,SCRTY_EXCHNG_TRDBL_DRVTV,Y,NO ACTION,9759CB89-3861-5F6F-1D68-41C1046F7C71,658,C8FC06AA-6E30-0B5D-7332-5C5604A82D7C,656,D7C1675A-5DDD-50CB-CCF7-0BA20B0322B4,2217,5
SCRTY_LNDNG_CMPNNT_SCRTY_ASSGNMNT_SCTRY_BRRWNG_LNDNG_TRNSCTN_INCLDNG_CSH_CLLTRL_FK,AD51085A-89B5-9B80-E7E5-D958DCB6DFDD,564,A9B49EC8-A444-D37F-E349-B72260ABED16,2399,,SCRTY_LNDNG_CMPNNT_SCRTY_ASSGNMNT,SCTRY_BRRWNG_LNDNG_TRNSCTN_INCLDNG_CSH_CLLTRL,Y,NO ACTION,9759CB89-3861-5F6F-1D68-41C1046F7C71,658,F2390F2E-9138-188F-66C5-2FF59599C22C,662,9E894986-93EB-1E6A-09FA-7E980982210B,2241,5
SCRTY_PSTN_ENTTY_RL_FK,AD51085A-89B5-9B80-E7E5-D958DCB6DFDD,564,E0975D08-ADBF-471A-904D-7D578E83B209,2400,,SCRTY_PSTN,ENTTY_RL,Y,NO ACTION,8619528A-07F6-36EB-3BE2-191CF05F202A,659,E8102E7C-4835-8829-AE10-1A6486B35A81,589,9F7264CB-ED41-8AA5-8993-FAC4E640EBE5,2130,6
SCRTY_PSTN_HDGD_OTC_DRVTV_LNG_SCRTY_PSTN_PRDNTL_PRTFL_ASSGNMNT_FK,AD51085A-89B5-9B80-E7E5-D958DCB6DFDD,564,247D0B6B-2E7A-2648-292F-B4D7B4073587,2401,,SCRTY_PSTN_HDGD_OTC_DRVTV,LNG_SCRTY_PSTN_PRDNTL_PRTFL_ASSGNMNT,Y,NO ACTION,60CAD86F-350F-1BFB-4956-FDCFA19005BF,660,41EBF259-7BF6-476D-6D6F-2BC8B42FF5CC,621,BD70F240-3835-4545-F11C-C53858BE894B,2163,8
SCRTY_PSTN_HDGD_OTC_DRVTV_OTC_DRVTV_HDG_FK,AD51085A-89B5-9B80-E7E5-D958DCB6DFDD,564,6BAEAAF5-8726-72D4-0B98-A532E4FE5422,2402,,SCRTY_PSTN_HDGD_OTC_DRVTV,OTC_DRVTV_HDG,Y,NO ACTION,60CAD86F-350F-1BFB-4956-FDCFA19005BF,660,E3362241-970A-881A-305F-88C4F987B877,632,48E9D3AC-944D-EB22-19C7-C25B58AABC9D,2233,5
SCRTY_PSTN_SCRTY_EXCHNG_TRDBL_DRVTV_FK,AD51085A-89B5-9B80-E7E5-D958DCB6DFDD,564,6C66DAF0-4DAF-B9DA-3033-02AB80E649B4,2403,,SCRTY_PSTN,SCRTY_EXCHNG_TRDBL_DRVTV,Y,NO ACTION,8619528A-07F6-36EB-3BE2-191CF05F202A,659,C8FC06AA-6E30-0B5D-7332-5C5604A82D7C,656,D7C1675A-5DDD-50CB-CCF7-0BA20B0322B4,2217,5
SCRTY_SCRTY_RPRCHS_AGRMNT_CMPNNT_ASSGNMNT_CLLTRL_FK,AD51085A-89B5-9B80-E7E5-D958DCB6DFDD,564,E529D8DF-1CC9-4EC5-BB13-416D2ED16DFF,2404,,SCRTY_SCRTY_RPRCHS_AGRMNT_CMPNNT_ASSGNMNT,CLLTRL,Y,NO ACTION,90636488-E677-5F56-5194-33CCB830EFA9,661,06BFC509-4E80-09A5-EFAA-FD6897DE3250,571,183AB5EE-44D9-ABD5-DF16-F2825681BFE4,2001,5
SCRTY_SCRTY_RPRCHS_AGRMNT_CMPNNT_ASSGNMNT_RPRCHS_AGRMNT_CMPNNT_FK,AD51085A-89B5-9B80-E7E5-D958DCB6DFDD,564,39939022-5473-17F4-A192-FA5FFFA082CD,2405,,SCRTY_SCRTY_RPRCHS_AGRMNT_CMPNNT_ASSGNMNT,RPRCHS_AGRMNT_CMPNNT,Y,NO ACTION,90636488-E677-5F56-5194-33CCB830EFA9,661,FA537D71-CFED-45E4-E418-4BCCDD3A0C24,642,6F928C26-ADA3-662D-4BCD-1D6F8A8E32B4,2245,6
SCTRY_BRRWNG_LNDNG_TRNSCTN_INCLDNG_CSH_CLLTRL_INSTRMNT_FKv3,AD51085A-89B5-9B80-E7E5-D958DCB6DFDD,564,1C002E8F-3575-66F0-9E2E-EB89246C15B1,2406,,SCTRY_BRRWNG_LNDNG_TRNSCTN_INCLDNG_CSH_CLLTRL,INSTRMNT,Y,NO ACTION,F2390F2E-9138-188F-66C5-2FF59599C22C,662,9FFDCF42-F484-F5FA-5403-D176EB55118A,605,37C8ADE0-0708-3243-9B16-54A6BB12D469,2082,5
SHRT_SCRTY_PSTN_PRDNTL_PRTFL_ASSGNMNT_SCRTY_PSTN_FK,AD51085A-89B5-9B80-E7E5-D958DCB6DFDD,564,EE2B0D7A-8363-390C-92F2-F3A893A74E9E,2407,,SHRT_SCRTY_PSTN_PRDNTL_PRTFL_ASSGNMNT,SCRTY_PSTN,Y,NO ACTION,1B2A1B4A-6DEC-86A4-93D8-72E0A4FFEBF0,664,8619528A-07F6-36EB-3BE2-191CF05F202A,659,AAD8505A-343E-A040-DDF7-37F33B38F63D,2181,7
SNTHTC_SCRTSTN_ASST_PL_FK,AD51085A-89B5-9B80-E7E5-D958DCB6DFDD,564,AD30AF74-BAE1-5399-C2C8-CD25E1DC72F1,2408,,SNTHTC_SCRTSTN,ASST_PL,Y,NO ACTION,E3FBCA40-29D9-F192-ED8A-0091B5621863,665,B423DC7A-7970-91EF-DC42-9ADB4DA63ED0,565,018D7D49-63BE-F4FC-21E5-8245B525D633,2099,5
TRDTNL_SCRTSTN_ASST_PL_FK,AD51085A-89B5-9B80-E7E5-D958DCB6DFDD,564,158096C5-ADD5-04F2-0E62-840039665B6F,2409,,TRDTNL_SCRTSTN,ASST_PL,Y,NO ACTION,D267E310-F398-8C2B-D5FE-C2014AC1E8A0,667,B423DC7A-7970-91EF-DC42-9ADB4DA63ED0,565,018D7D49-63BE-F4FC-21E5-8245B525D633,2099,5
TRDTNL_SCRTSTN_CRDT_FCLTY_FK,AD51085A-89B5-9B80-E7E5-D958DCB6DFDD,564,524526BB-125B-2411-2357-E184901DCF08,2410,,TRDTNL_SCRTSTN,CRDT_FCLTY,Y,NO ACTION,D267E310-F398-8C2B-D5FE-C2014AC1E8A0,667,54B62A7C-199C-CC72-804E-4F8CB42AAFA6,575,A7363CFE-24B5-589A-72F4-77A413B68AF6,2038,5
TRNCH_SYNTHTC_SCRTSTN_WTHT_SSPE_DPST_INSTRMNT_FK,AD51085A-89B5-9B80-E7E5-D958DCB6DFDD,564,D77C7B8F-0F87-6227-A032-0A84F7101ECA,2411,,TRNCH_SYNTHTC_SCRTSTN_WTHT_SSPE_DPST,INSTRMNT,Y,NO ACTION,37FF3F09-ADBE-CDDA-6721-73B7DC0A0A35,668,9FFDCF42-F484-F5FA-5403-D176EB55118A,605,37C8ADE0-0708-3243-9B16-54A6BB12D469,2082,5
TRNCH_SYNTHTC_SCRTSTN_WTHT_SSPE_DPST_SNTHTC_SCRTSTN_FK,AD51085A-89B5-9B80-E7E5-D958DCB6DFDD,564,ECE40AC0-3489-FA6C-E548-FE1E444BDA0D,2412,,TRNCH_SYNTHTC_SCRTSTN_WTHT_SSPE_DPST,SNTHTC_SCRTSTN,Y,NO ACTION,37FF3F09-ADBE-CDDA-6721-73B7DC0A0A35,668,E3FBCA40-29D9-F192-ED8A-0091B5621863,665,EAEE82ED-AF16-52DE-74DC-5D5FD54FFBA7,2261,5
TRNCH_SYNTHTC_SCRTSTN_WTHT_SSPE_FNNCL_GRNT_INSTRMNT_FK,AD51085A-89B5-9B80-E7E5-D958DCB6DFDD,564,2AF0C7B1-1EC9-3E6C-6244-F0B50B87559C,2413,,TRNCH_SYNTHTC_SCRTSTN_WTHT_SSPE_FNNCL_GRNT,INSTRMNT,Y,NO ACTION,3E2AEC05-1C66-9957-E76D-110D331498A7,669,9FFDCF42-F484-F5FA-5403-D176EB55118A,605,37C8ADE0-0708-3243-9B16-54A6BB12D469,2082,5
TRNCH_SYNTHTC_SCRTSTN_WTHT_SSPE_FNNCL_GRNT_SNTHTC_SCRTSTN_FK,AD51085A-89B5-9B80-E7E5-D958DCB6DFDD,564,B64B7047-8D58-9362-3A4C-CA4D3567D4FE,2414,,TRNCH_SYNTHTC_SCRTSTN_WTHT_SSPE_FNNCL_GRNT,SNTHTC_SCRTSTN,Y,NO ACTION,3E2AEC05-1C66-9957-E76D-110D331498A7,669,E3FBCA40-29D9-F192-ED8A-0091B5621863,665,EAEE82ED-AF16-52DE-74DC-5D5FD54FFBA7,2261,5
TRNCH_TRDTNL_SCRTSTN_SCRTY_EXCHNG_TRDBL_DRVTV_FK,AD51085A-89B5-9B80-E7E5-D958DCB6DFDD,564,A82E8905-9730-0082-87A7-CDC5CD4FCE3A,2415,,TRNCH_TRDTNL_SCRTSTN,SCRTY_EXCHNG_TRDBL_DRVTV,Y,NO ACTION,10D551F4-7237-AC7D-CA94-63DB3BB238E3,670,C8FC06AA-6E30-0B5D-7332-5C5604A82D7C,656,D7C1675A-5DDD-50CB-CCF7-0BA20B0322B4,2217,5
TRNCH_TRDTNL_SCRTSTN_TRDTNL_SCRTSTN_FK,AD51085A-89B5-9B80-E7E5-D958DCB6DFDD,564,DB15FF06-1821-BE5E-85BB-7D0CE96174F8,2416,,TRNCH_TRDTNL_SCRTSTN,TRDTNL_SCRTSTN,Y,NO ACTION,10D551F4-7237-AC7D-CA94-63DB3BB238E3,670,D267E310-F398-8C2B-D5FE-C2014AC1E8A0,667,61C7E559-E9D6-9AD8-6303-A63D45DCAD94,2258,5
TRNSFRRD_ASST_LG_INSTRMNT_ASSGNMNT_INSTRMNT_FK,AD51085A-89B5-9B80-E7E5-D958DCB6DFDD,564,35F852BC-B163-B608-C70E-1A089F8C05B4,2417,,TRNSFRRD_ASST_LG_INSTRMNT_ASSGNMNT,INSTRMNT,Y,NO ACTION,4042602D-F9FE-682C-E1B4-9878D33152DC,671,9FFDCF42-F484-F5FA-5403-D176EB55118A,605,37C8ADE0-0708-3243-9B16-54A6BB12D469,2082,5
TRNSFRRD_ASST_LG_INSTRMNT_ASSGNMNT_RPRCHS_AGRMNT_CMPNNT_FK,AD51085A-89B5-9B80-E7E5-D958DCB6DFDD,564,DAEF9A13-75EB-A7AD-9BCE-8B636C78491C,2418,,TRNSFRRD_ASST_LG_INSTRMNT_ASSGNMNT,RPRCHS_AGRMNT_CMPNNT,Y,NO ACTION,4042602D-F9FE-682C-E1B4-9878D33152DC,671,FA537D71-CFED-45E4-E418-4BCCDD3A0C24,642,6F928C26-ADA3-662D-4BCD-1D6F8A8E32B4,2245,6
