Table_Name,ObjectID,NumOID,ImportID,ModelID,Num_ModelID,Structured_Type_ID,Num_Structured_Type_ID,Structured_Type_Name,Number_Data_Elements,Classification_Type,Allow_Type_Substitution,Min_Volume,Expected_Volume,Max_Volume,Growth_Rate_Percents,Growth_Rate_Interval,Normal_Form,Temporary_Object_Scope,Adequately_Normalized,Substitution_Parent,Num_Substitution_Parent,Engineer,Spatial_Table,OID_is_PK,OID_is_User_Defined,Include_Scripts_Into_DDL
ASST_PL,B423DC7A-7970-91EF-DC42-9ADB4DA63ED0,565,,AD51085A-89B5-9B80-E7E5-D958DCB6DFDD,564,,,,11,A0CBE5B5-15E4-B4F0-F88E-E83729225A42,Y,0,0,9999999,0,Year,Third,,N,,,Y,N,N,Y,N
ASST_PL_CLLTRL_RCVD_ASSGNMNT,D7270068-8370-6D44-709B-2EA4C6CBA0CE,566,,AD51085A-89B5-9B80-E7E5-D958DCB6DFDD,564,,,,8,A0CBE5B5-15E4-B4F0-F88E-E83729225A42,Y,0,0,9999999,0,Year,Third,,N,,,Y,N,N,Y,N
ASST_PL_DBT_SCRTY_PSTN_ASSGNMNT,9D380929-0E77-CF7E-A401-4C1231301590,567,,AD51085A-89B5-9B80-E7E5-D958DCB6DFDD,564,,,,9,A0CBE5B5-15E4-B4F0-F88E-E83729225A42,Y,0,0,9999999,0,Year,Third,,N,,,Y,N,N,Y,N
ASST_PL_EXCHNG_TRDBL_DRVTV_PSTN_ASSGNMNT,0AF20710-CBF3-379E-6D95-FCACD2463C0F,568,,AD51085A-89B5-9B80-E7E5-D958DCB6DFDD,564,,,,11,A0CBE5B5-15E4-B4F0-F88E-E83729225A42,Y,0,0,9999999,0,Year,Third,,N,,,Y,N,N,Y,N
ASST_PL_INSTRMNT_ASSGNMNT,4D74F0BD-05A3-3393-D5D2-703548321143,569,,AD51085A-89B5-9B80-E7E5-D958DCB6DFDD,564,,,,9,A0CBE5B5-15E4-B4F0-F88E-E83729225A42,Y,0,0,9999999,0,Year,Third,,N,,,Y,N,N,Y,N
BLNC_SHT_NTTNG,ACC5B10B-9E4F-AB85-0D3B-D145C9E261A0,570,,AD51085A-89B5-9B80-E7E5-D958DCB6DFDD,564,,,,5,B00C49F8-7AB8-0344-2390-66F8B305696A,Y,0,0,9999999,0,Year,Third,,N,,,Y,N,N,Y,N
CLLTRL,06BFC509-4E80-09A5-EFAA-FD6897DE3250,571,,AD51085A-89B5-9B80-E7E5-D958DCB6DFDD,564,,,,34,9233E877-99B3-25CB-0DCC-48B7E03DC1DD,Y,0,0,9999999,0,Year,Third,,N,,,Y,N,N,Y,N
CLLTRL_GVN_INSTRMNT_DBT_SCRTY_ISSD_ASSGNMNT,60E9F53A-E36A-F7CD-37EB-CD414A6D2F00,572,,AD51085A-89B5-9B80-E7E5-D958DCB6DFDD,564,,,,9,E3679F77-0ED6-93EB-F366-44CA2F802395,Y,0,0,9999999,0,Year,Third,,N,,,Y,N,N,Y,N
CLLTRL_NN_FNNCL_ASST_ASSGNMNT,74FBBB3E-C4F2-C6D7-9320-38BA60BDDA13,573,,AD51085A-89B5-9B80-E7E5-D958DCB6DFDD,564,,,,13,9233E877-99B3-25CB-0DCC-48B7E03DC1DD,Y,0,0,9999999,0,Year,Third,,N,,,Y,N,N,Y,N
CLLTRL_RL,E247413D-584F-677C-707B-58FC31C848E5,574,,AD51085A-89B5-9B80-E7E5-D958DCB6DFDD,564,,,,7,9233E877-99B3-25CB-0DCC-48B7E03DC1DD,Y,0,0,9999999,0,Year,Third,,N,,,Y,N,N,Y,N
CRDT_FCLTY,54B62A7C-199C-CC72-804E-4F8CB42AAFA6,575,,AD51085A-89B5-9B80-E7E5-D958DCB6DFDD,564,,,,42,AE3B0B8B-4E66-709C-450E-CC4B1C21FF1E,Y,0,0,9999999,0,Year,Third,,N,,,Y,N,N,Y,N
CRDT_FCLTY_CLLTRL_ASSGNMNT,D271ABB5-3457-7426-3D8E-A05E52FE6506,576,,AD51085A-89B5-9B80-E7E5-D958DCB6DFDD,564,,,,7,8901219F-AB49-127E-838D-9EE79906B11E,Y,0,0,9999999,0,Year,Third,,N,,,Y,N,N,Y,N
CRDT_FCLTY_CLLTRL_RCVD_INSTRMNT_ASSGNMNT,95DE81BD-EBA3-1845-AF4B-371CF703D13B,577,,AD51085A-89B5-9B80-E7E5-D958DCB6DFDD,564,,,,8,8901219F-AB49-127E-838D-9EE79906B11E,Y,0,0,9999999,0,Year,Third,,N,,,Y,N,N,Y,N
CRDT_FCLTY_ENTTY_RL_ASSGNMNT,3B33FA1E-3ACF-C891-6578-8C4770AB8508,578,,AD51085A-89B5-9B80-E7E5-D958DCB6DFDD,564,,,,8,321D792E-206D-B597-68BE-AFF9E9EBC387,Y,0,0,9999999,0,Year,Third,,N,,,Y,N,N,Y,N
CRDT_RSK_MTGTN_ASSGNMNT,E3723A8A-82EB-7EAD-6E47-D9FE347595C2,579,,AD51085A-89B5-9B80-E7E5-D958DCB6DFDD,564,,,,6,9233E877-99B3-25CB-0DCC-48B7E03DC1DD,Y,0,0,9999999,0,Year,Third,,N,,,Y,N,N,Y,N
CRDT_TRNSFR_OTHR_SCRTSTN_CVRD_BND_PRGRM,52DAC291-01EA-53E1-39AB-4B794D4B3087,580,,AD51085A-89B5-9B80-E7E5-D958DCB6DFDD,564,,,,7,A0CBE5B5-15E4-B4F0-F88E-E83729225A42,Y,0,0,9999999,0,Year,Third,,N,,,Y,N,N,Y,N
CSH_HND,C0FDF12E-B039-307A-62E4-88926443474E,581,,AD51085A-89B5-9B80-E7E5-D958DCB6DFDD,564,,,,8,33380944-8442-174B-069A-88F99EEEC3DC,Y,0,0,9999999,0,Year,Third,,N,,,Y,N,N,Y,N
CVRD_BND_ISSNC,8CC7566A-5FA1-8E2C-97C6-6735CC7DDAB0,582,,AD51085A-89B5-9B80-E7E5-D958DCB6DFDD,564,,,,6,A0CBE5B5-15E4-B4F0-F88E-E83729225A42,Y,0,0,9999999,0,Year,Third,,N,,,Y,N,N,Y,N
CVRD_BND_PRGRM,1070C3D2-8420-09A3-919C-7F9422474127,583,,AD51085A-89B5-9B80-E7E5-D958DCB6DFDD,564,,,,7,A0CBE5B5-15E4-B4F0-F88E-E83729225A42,Y,0,0,9999999,0,Year,Third,,N,,,Y,N,N,Y,N
CVRD_BND_PRGRMM_RLVNT_RGM_EXCSS,2AD54755-E3D9-2DC8-B603-3343419FD1BD,584,,AD51085A-89B5-9B80-E7E5-D958DCB6DFDD,564,,,,8,A0CBE5B5-15E4-B4F0-F88E-E83729225A42,Y,0,0,9999999,0,Year,Third,,N,,,Y,N,N,Y,N
DBT_SCRTY_ISSD,5CAF5168-7FA3-2AB6-F14E-E42C481A7DD7,585,,AD51085A-89B5-9B80-E7E5-D958DCB6DFDD,564,,,,24,178C245A-208C-578D-F0C5-C390D8542711,Y,0,0,9999999,0,Year,Third,,N,,,Y,N,N,Y,N
DBT_SCRTY_ISSD_HDG,DCF7D13B-0746-55D0-41E8-A64F31F131BF,586,,AD51085A-89B5-9B80-E7E5-D958DCB6DFDD,564,,,,8,178C245A-208C-578D-F0C5-C390D8542711,Y,0,0,9999999,0,Year,Third,,N,,,Y,N,N,Y,N
DBT_SCRTY_ISSD_PRTCN_ARRNGMNT_GVN_ASSGNMNT,193F9429-D16C-573B-C98F-E9EEE0827427,587,,AD51085A-89B5-9B80-E7E5-D958DCB6DFDD,564,,,,11,B00C49F8-7AB8-0344-2390-66F8B305696A,Y,0,0,9999999,0,Year,Third,,N,,,Y,N,N,Y,N
DBT_SCRTY_ISSD_TRDTNL_SCRTSTN_ASSGNMNT,0DEC9E62-0B06-F43E-A20D-650E3B1E9C4C,588,,AD51085A-89B5-9B80-E7E5-D958DCB6DFDD,564,,,,7,A0CBE5B5-15E4-B4F0-F88E-E83729225A42,Y,0,0,9999999,0,Year,Third,,N,,,Y,N,N,Y,N
ENTTY_RL,E8102E7C-4835-8829-AE10-1A6486B35A81,589,,AD51085A-89B5-9B80-E7E5-D958DCB6DFDD,564,,,,13,7A67499C-0479-82E2-9F82-A693B748701D,Y,0,0,9999999,0,Year,Third,,N,,,Y,N,N,Y,N
EQT_INSTRMNT_NT_SCRT_HDG,4479254A-F6E7-5363-038F-33CD6C83D3DB,590,,AD51085A-89B5-9B80-E7E5-D958DCB6DFDD,564,,,,7,E3679F77-0ED6-93EB-F366-44CA2F802395,Y,0,0,9999999,0,Year,Third,,N,,,Y,N,N,Y,N
ETD_LBLTY_PSTN_SNTHTC_SCRTSTN_ASSGNMNT,609CC011-AFD2-124D-961F-2EF0D1CAF9E5,591,,AD51085A-89B5-9B80-E7E5-D958DCB6DFDD,564,,,,11,A0CBE5B5-15E4-B4F0-F88E-E83729225A42,Y,0,0,9999999,0,Year,Third,,N,,,Y,N,N,Y,N
EXCHNG_TRDBL_DRVTV_PSTN,C408A92F-CBC8-04F7-BC6E-16A5D006E0C1,592,,AD51085A-89B5-9B80-E7E5-D958DCB6DFDD,564,,,,13,6B4999C9-9ED0-E7FF-EF12-F2895351A157,Y,0,0,9999999,0,Year,Third,,N,,,Y,N,N,Y,N
EXCHNG_TRDBL_DRVTV_PSTN_PRTCN_ARRNGMNT_ASSGNMNT,9508E8CA-5BC5-6126-FA2E-DD61377C4F2C,593,,AD51085A-89B5-9B80-E7E5-D958DCB6DFDD,564,,,,14,B00C49F8-7AB8-0344-2390-66F8B305696A,Y,0,0,9999999,0,Year,Third,,N,,,Y,N,N,Y,N
EXCHNG_TRDBL_DRVTV_PSTN_RL,5DE742F6-2AED-4A08-A3CD-D745C4103F63,594,,AD51085A-89B5-9B80-E7E5-D958DCB6DFDD,564,,,,24,6B4999C9-9ED0-E7FF-EF12-F2895351A157,Y,0,0,9999999,0,Year,Third,,N,,,Y,N,N,Y,N
FNDMNTL_RVW_TRDNG_BK_STNDRD_APPRCH_RSK_MSR_ETD_PSTNS,BEA575F2-C674-746A-325A-805449D0143B,595,,AD51085A-89B5-9B80-E7E5-D958DCB6DFDD,564,,,,22,1B94F88B-CE04-E04E-DE88-6866B6DBCB24,Y,0,0,9999999,0,Year,Third,,N,,,Y,N,N,Y,N
FNDMNTL_RVW_TRDNG_BK_STNDRD_APPRCH_RSK_MSR_FR_SCRTY_PSTNS,A036F52E-012A-9728-8C85-AA9CABAD157E,596,,AD51085A-89B5-9B80-E7E5-D958DCB6DFDD,564,,,,20,1B94F88B-CE04-E04E-DE88-6866B6DBCB24,Y,0,0,9999999,0,Year,Third,,N,,,Y,N,N,Y,N
FNDMNTL_RVW_TRDNG_BK_STNDRD_APPRCH_RSK_MSR_OTC_PSTNS,C8F85FA7-3E3C-21D0-A6AF-39895A0C190F,597,,AD51085A-89B5-9B80-E7E5-D958DCB6DFDD,564,,,,18,1B94F88B-CE04-E04E-DE88-6866B6DBCB24,Y,0,0,9999999,0,Year,Third,,N,,,Y,N,N,Y,N
FNNCL_CNTRCT,CB4DAD8D-9689-B6DC-B773-F1FA3703D806,598,,AD51085A-89B5-9B80-E7E5-D958DCB6DFDD,564,,,,9,B00C49F8-7AB8-0344-2390-66F8B305696A,Y,0,0,9999999,0,Year,Third,,N,,,Y,N,N,Y,N
FNNCL_GRNT_INSTRMNT_DBT_SCRT_DBT_SCRTY_ASSGNMNT,A904E018-A6E3-EB38-8C2B-0C7305F9BB64,599,,AD51085A-89B5-9B80-E7E5-D958DCB6DFDD,564,,,,7,E3679F77-0ED6-93EB-F366-44CA2F802395,Y,0,0,9999999,0,Year,Third,,N,,,Y,N,N,Y,N
FR_VL_DCRS_CNTNGNT_ENCMBRNC,B6C0B286-1A8D-CC28-F459-F7A691307F02,600,,AD51085A-89B5-9B80-E7E5-D958DCB6DFDD,564,,,,17,33380944-8442-174B-069A-88F99EEEC3DC,Y,0,0,9999999,0,Year,Third,,N,,,Y,N,N,Y,N
GLD_CLLTRL_LG_GLD_CLLTRL_ASSGNMNT,2B995D2B-6A39-8D50-1D73-8AF67ABD3A10,601,,AD51085A-89B5-9B80-E7E5-D958DCB6DFDD,564,,,,7,E3679F77-0ED6-93EB-F366-44CA2F802395,Y,0,0,9999999,0,Year,Third,,N,,,Y,N,N,Y,N
GRP,F9331192-ACD4-0CA7-B554-F7C3A6C5E7D4,602,,AD51085A-89B5-9B80-E7E5-D958DCB6DFDD,564,,,,6,6A779D0D-F36E-D93D-2784-62A536E03441,Y,0,0,9999999,0,Year,Third,,N,,,Y,N,N,Y,N
GRP_KY_MNGMNT_PRSNLL_ASSGNMNT,A0685B2E-1742-1063-04CB-EF48FEB7BE14,603,,AD51085A-89B5-9B80-E7E5-D958DCB6DFDD,564,,,,8,F36538BB-5D06-004C-7E98-E0E4C376E423,Y,0,0,9999999,0,Year,Third,,N,,,Y,N,N,Y,N
IMMDT_PRNT_ENTRPRS_ASSGNMNT,AA391685-89E8-D8AB-F465-7B27F65B77F1,604,,AD51085A-89B5-9B80-E7E5-D958DCB6DFDD,564,,,,9,7A67499C-0479-82E2-9F82-A693B748701D,Y,0,0,9999999,0,Year,Third,,N,,,Y,N,N,Y,N
INSTRMNT,9FFDCF42-F484-F5FA-5403-D176EB55118A,605,,AD51085A-89B5-9B80-E7E5-D958DCB6DFDD,564,,,,37,E3679F77-0ED6-93EB-F366-44CA2F802395,Y,0,0,9999999,0,Year,Third,,N,,,Y,N,N,Y,N
INSTRMNT_CLLTRL_ASSGNMNT,1EB9A20D-E1EA-CA28-36BE-3637DA81FD61,606,,AD51085A-89B5-9B80-E7E5-D958DCB6DFDD,564,,,,12,BA6872F2-94CA-21F5-EE67-2D64E8105B0E,Y,0,0,9999999,0,Year,Third,,N,,,Y,N,N,Y,N
INSTRMNT_CLLTRL_RCVD_INSTRMNT_ASSGNMNT,95509C33-47BB-F436-DC37-F6D3BDB991E1,607,,AD51085A-89B5-9B80-E7E5-D958DCB6DFDD,564,,,,8,BA6872F2-94CA-21F5-EE67-2D64E8105B0E,Y,0,0,9999999,0,Year,Third,,N,,,Y,N,N,Y,N
INSTRMNT_ENTTY_RL_ASSGNMNT,5D10D8A0-60B9-91B1-5A07-90932DEBB7C0,608,,AD51085A-89B5-9B80-E7E5-D958DCB6DFDD,564,,,,11,FE45E328-F07E-B6E9-3D7B-D350215923F8,Y,0,0,9999999,0,Year,Third,,N,,,Y,N,N,Y,N
INSTRMNT_HDGD_EXCHNG_TRDBL_DRVTV,BD0E531C-85F7-AF67-E681-D6EF89A0814E,609,,AD51085A-89B5-9B80-E7E5-D958DCB6DFDD,564,,,,11,E3679F77-0ED6-93EB-F366-44CA2F802395,Y,0,0,9999999,0,Year,Third,,N,,,Y,N,N,Y,N
INSTRMNT_HDGD_OTC_DRVTV,7B80D09C-725A-9166-6AEC-B58C896924B4,610,,AD51085A-89B5-9B80-E7E5-D958DCB6DFDD,564,,,,6,E3679F77-0ED6-93EB-F366-44CA2F802395,Y,0,0,9999999,0,Year,Third,,N,,,Y,N,N,Y,N
INSTRMNT_PRTCTN_ARRNGMNT_ASSGNMNT,5F998621-66D7-8183-5671-A9EF5D0A69D8,611,,AD51085A-89B5-9B80-E7E5-D958DCB6DFDD,564,,,,8,B00C49F8-7AB8-0344-2390-66F8B305696A,Y,0,0,9999999,0,Year,Third,,N,,,Y,N,N,Y,N
INSTRMNT_RL,E88DD6DA-5A0B-DE9C-491D-EC2A3C31B3BD,612,,AD51085A-89B5-9B80-E7E5-D958DCB6DFDD,564,,,,95,E3679F77-0ED6-93EB-F366-44CA2F802395,Y,0,0,9999999,0,Year,Third,,N,,,Y,N,N,Y,N
INTRNL_GRP_RL,76A580DC-E62D-DCAE-DEBD-ED73F8853CA8,613,,AD51085A-89B5-9B80-E7E5-D958DCB6DFDD,564,,,,9,6A779D0D-F36E-D93D-2784-62A536E03441,Y,0,0,9999999,0,Year,Third,,N,,,Y,N,N,Y,N
INTRST_RT_RSK_HDG_PRTFL,02702C80-5093-2853-82F8-E067E40F234D,614,,AD51085A-89B5-9B80-E7E5-D958DCB6DFDD,564,,,,7,33380944-8442-174B-069A-88F99EEEC3DC,Y,0,0,9999999,0,Year,Third,,N,,,Y,N,N,Y,N
KB_PR_BCKT,D3AED8C7-26D8-C372-0389-2EE06951B70B,615,,AD51085A-89B5-9B80-E7E5-D958DCB6DFDD,564,,,,6,1B94F88B-CE04-E04E-DE88-6866B6DBCB24,Y,0,0,9999999,0,Year,Third,,N,,,Y,N,N,Y,N
LN_EXCLDNG_RPRCHS_AGRMNT_AND_ADVNC_HDG,39D20873-67C3-5669-68FB-569EDC3B4FC1,616,,AD51085A-89B5-9B80-E7E5-D958DCB6DFDD,564,,,,7,E3679F77-0ED6-93EB-F366-44CA2F802395,Y,0,0,9999999,0,Year,Third,,N,,,Y,N,N,Y,N
LNG_DBT_SCRTY_PSTN_ENCMBRNC_DRVD_DT,45DF8987-6FEF-6B08-5A79-1D47637CFB9F,617,,AD51085A-89B5-9B80-E7E5-D958DCB6DFDD,564,,,,9,6B4999C9-9ED0-E7FF-EF12-F2895351A157,Y,0,0,9999999,0,Year,Third,,N,,,Y,N,N,Y,N
LNG_EQTY_FND_SCRYT_PSTN_ENCMBRNC_DT,97FAC2D9-F070-28A7-5F1B-FF7143403F0C,618,,AD51085A-89B5-9B80-E7E5-D958DCB6DFDD,564,,,,9,6B4999C9-9ED0-E7FF-EF12-F2895351A157,Y,0,0,9999999,0,Year,Third,,N,,,Y,N,N,Y,N
LNG_NN_NGTBL_SCRTY_PSTN_CLLTRL_ASSGNMNT,DE88C5B8-20EB-1246-D91E-0C0B2899ED49,619,,AD51085A-89B5-9B80-E7E5-D958DCB6DFDD,564,,,,11,6B4999C9-9ED0-E7FF-EF12-F2895351A157,Y,0,0,9999999,0,Year,Third,,N,,,Y,N,N,Y,N
LNG_SCRTY_PSTN_HDG,D448B1BD-38A9-FA76-4C83-8674CA0960A1,620,,AD51085A-89B5-9B80-E7E5-D958DCB6DFDD,564,,,,9,6B4999C9-9ED0-E7FF-EF12-F2895351A157,Y,0,0,9999999,0,Year,Third,,N,,,Y,N,N,Y,N
LNG_SCRTY_PSTN_PRDNTL_PRTFL_ASSGNMNT,41EBF259-7BF6-476D-6D6F-2BC8B42FF5CC,621,,AD51085A-89B5-9B80-E7E5-D958DCB6DFDD,564,,,,16,6B4999C9-9ED0-E7FF-EF12-F2895351A157,Y,0,0,9999999,0,Year,Third,,N,,,Y,N,N,Y,N
LNG_SCRTY_PSTN_PRDNTL_PRTFL_ASSGNMNT_ACCNTNG_CLSSFCTN_FNNCL_ASSTS_ASSGNMNT,450248A9-0AF3-997D-0602-8451FBB61F92,622,,AD51085A-89B5-9B80-E7E5-D958DCB6DFDD,564,,,,37,6B4999C9-9ED0-E7FF-EF12-F2895351A157,Y,0,0,9999999,0,Year,Third,,N,,,Y,N,N,Y,N
LNG_SCRTY_PSTN_PRDNTL_PRTFL_ASSGNMNT_RSK_DT,DA2ACB21-1BB4-9C14-27C4-89904638A438,623,,AD51085A-89B5-9B80-E7E5-D958DCB6DFDD,564,,,,15,6B4999C9-9ED0-E7FF-EF12-F2895351A157,Y,0,0,9999999,0,Year,Third,,N,,,Y,N,N,Y,N
LNG_SCRTY_PSTN_PRTCTN_ARRNGMNT_GVN_ASSGNMNT,6BBBA9EA-3CCE-6CA6-C401-AC75C9EF88C1,624,,AD51085A-89B5-9B80-E7E5-D958DCB6DFDD,564,,,,11,B00C49F8-7AB8-0344-2390-66F8B305696A,Y,0,0,9999999,0,Year,Third,,N,,,Y,N,N,Y,N
LNKD_ENTRPRS_ASSGNMNT,27501729-051B-AF54-ED03-83141109A47B,625,,AD51085A-89B5-9B80-E7E5-D958DCB6DFDD,564,,,,7,7A67499C-0479-82E2-9F82-A693B748701D,Y,0,0,9999999,0,Year,Third,,N,,,Y,N,N,Y,N
MSTR_AGRMNT,BD01F6F2-243E-577D-B615-FE7B6541AEED,626,,AD51085A-89B5-9B80-E7E5-D958DCB6DFDD,564,,,,6,B00C49F8-7AB8-0344-2390-66F8B305696A,Y,0,0,9999999,0,Year,Third,,N,,,Y,N,N,Y,N
MSTR_AGRMNT_ENTTY_RL_ASSGNMNT,05452940-77B2-3465-2747-7CF6A7F85812,627,,AD51085A-89B5-9B80-E7E5-D958DCB6DFDD,564,,,,8,B00C49F8-7AB8-0344-2390-66F8B305696A,Y,0,0,9999999,0,Year,Third,,N,,,Y,N,N,Y,N
MSTR_AGRMNT_FNNCL_CNTRCT_ASSGNMNT,300A393D-FE43-585E-7B96-5E1C27DEBFEF,628,,AD51085A-89B5-9B80-E7E5-D958DCB6DFDD,564,,,,6,B00C49F8-7AB8-0344-2390-66F8B305696A,Y,0,0,9999999,0,Year,Third,,N,,,Y,N,N,Y,N
NN_FNNCL_ASST,D5754FEB-EAC2-EB1F-433C-05F4B054574B,629,,AD51085A-89B5-9B80-E7E5-D958DCB6DFDD,564,,,,17,33380944-8442-174B-069A-88F99EEEC3DC,Y,0,0,9999999,0,Year,Third,,N,,,Y,N,N,Y,N
NN_FNNCL_LBLTY,6E21DE79-49D1-CEEB-3BB9-CCF9F4073068,630,,AD51085A-89B5-9B80-E7E5-D958DCB6DFDD,564,,,,8,33380944-8442-174B-069A-88F99EEEC3DC,Y,0,0,9999999,0,Year,Third,,N,,,Y,N,N,Y,N
NTRL_PRSN_KY_MNGMNT_PRSNLL_ASSGNMNT,BF45CD7A-4BAB-3F02-A517-4B10FBB68DA9,631,,AD51085A-89B5-9B80-E7E5-D958DCB6DFDD,564,,,,6,7A67499C-0479-82E2-9F82-A693B748701D,Y,0,0,9999999,0,Year,Third,,N,,,Y,N,N,Y,N
OTC_DRVTV_HDG,E3362241-970A-881A-305F-88C4F987B877,632,,AD51085A-89B5-9B80-E7E5-D958DCB6DFDD,564,,,,9,E3679F77-0ED6-93EB-F366-44CA2F802395,Y,0,0,9999999,0,Year,Third,,N,,,Y,N,N,Y,N
OTC_DRVTV_INSTRMNT_SNTHTC_SCRTSTN_ASSGNMNT,8748C4B5-9F5E-380B-6050-0AD66DE0AC63,633,,AD51085A-89B5-9B80-E7E5-D958DCB6DFDD,564,,,,6,A0CBE5B5-15E4-B4F0-F88E-E83729225A42,Y,0,0,9999999,0,Year,Third,,N,,,Y,N,N,Y,N
OTHR_PRTY_ID,DC13C3D5-A2D5-58D8-6487-08F9467DAF7F,634,,AD51085A-89B5-9B80-E7E5-D958DCB6DFDD,564,,,,8,7A67499C-0479-82E2-9F82-A693B748701D,Y,0,0,9999999,0,Year,Third,,N,,,Y,N,N,Y,N
PRTCTN_ARRNGMNT,81F4EAAD-45F2-5B39-BCA2-13F6749ABB59,635,,AD51085A-89B5-9B80-E7E5-D958DCB6DFDD,564,,,,9,B00C49F8-7AB8-0344-2390-66F8B305696A,Y,0,0,9999999,0,Year,Third,,N,,,Y,N,N,Y,N
PRTCTN_ARRNGMNT_RL,B3F10908-F1A5-EC74-448B-1C717C7FF71E,636,,AD51085A-89B5-9B80-E7E5-D958DCB6DFDD,564,,,,7,B00C49F8-7AB8-0344-2390-66F8B305696A,Y,0,0,9999999,0,Year,Third,,N,,,Y,N,N,Y,N
PRTCTN_PRTCTN_PRVD_ASSGNMNT,36E0D3A5-03B2-7CA3-5DD1-8E68E04D8416,637,,AD51085A-89B5-9B80-E7E5-D958DCB6DFDD,564,,,,8,9233E877-99B3-25CB-0DCC-48B7E03DC1DD,Y,0,0,9999999,0,Year,Third,,N,,,Y,N,N,Y,N
PRTNR_ENTRPRS_ASSGNMNT,E97FA58A-044A-1594-6D93-10E8FD096AC4,638,,AD51085A-89B5-9B80-E7E5-D958DCB6DFDD,564,,,,8,7A67499C-0479-82E2-9F82-A693B748701D,Y,0,0,9999999,0,Year,Third,,N,,,Y,N,N,Y,N
PRTY,98FCF9F5-E183-3A22-367F-9306F2685389,639,,AD51085A-89B5-9B80-E7E5-D958DCB6DFDD,564,,,,48,7A67499C-0479-82E2-9F82-A693B748701D,Y,0,0,9999999,0,Year,Third,,N,,,Y,N,N,Y,N
PRTY_CD,10088B44-389E-1430-0895-DB8C7E614F8E,640,,AD51085A-89B5-9B80-E7E5-D958DCB6DFDD,564,,,,7,7A67499C-0479-82E2-9F82-A693B748701D,Y,0,0,9999999,0,Year,Third,,N,,,Y,N,N,Y,N
PRTY_PRVS_PRD_DT,1721C8D0-A8E8-605D-D0C4-36D999D7AD4C,641,,AD51085A-89B5-9B80-E7E5-D958DCB6DFDD,564,,,,7,7A67499C-0479-82E2-9F82-A693B748701D,Y,0,0,9999999,0,Year,Third,,N,,,Y,N,N,Y,N
RPRCHS_AGRMNT_CMPNNT,FA537D71-CFED-45E4-E418-4BCCDD3A0C24,642,,AD51085A-89B5-9B80-E7E5-D958DCB6DFDD,564,,,,8,E3679F77-0ED6-93EB-F366-44CA2F802395,Y,0,0,9999999,0,Year,Third,,N,,,Y,N,N,Y,N
RSK_FAC_SA,869458E6-A9FB-DF53-9252-979D31FF0836,643,,AD51085A-89B5-9B80-E7E5-D958DCB6DFDD,564,,,,16,1B94F88B-CE04-E04E-DE88-6866B6DBCB24,Y,0,0,9999999,0,Year,Third,,N,,,Y,N,N,Y,N
RTNG_AGNCY,E28BD36E-F519-77BB-970D-6E1CBB4DD7A4,644,,AD51085A-89B5-9B80-E7E5-D958DCB6DFDD,564,,,,2,6E05D22A-D6DB-0396-42A2-4B1DB49EB60E,Y,0,0,9999999,0,Year,Third,,N,,,Y,N,N,Y,N
RTNG_AGNCY_EXCSS_MTHDLGY_CVRD_BND_PRGRMM_ASSGNMNT,C5D32D77-AC02-F777-9A14-305E90A9D06D,645,,AD51085A-89B5-9B80-E7E5-D958DCB6DFDD,564,,,,10,6E05D22A-D6DB-0396-42A2-4B1DB49EB60E,Y,0,0,9999999,0,Year,Third,,N,,,Y,N,N,Y,N
RTNG_GRD,101B2F21-787B-E581-704A-C6FA98FBFDB6,646,,AD51085A-89B5-9B80-E7E5-D958DCB6DFDD,564,,,,5,6E05D22A-D6DB-0396-42A2-4B1DB49EB60E,Y,0,0,9999999,0,Year,Third,,N,,,Y,N,N,Y,N
RTNG_GRD_CNTRL_BNK_PRVT_SCTR_CMPN_ASSGNMNT,00D4A98A-D3D1-8283-52CA-3B6B38E01009,647,,AD51085A-89B5-9B80-E7E5-D958DCB6DFDD,564,,,,8,6E05D22A-D6DB-0396-42A2-4B1DB49EB60E,Y,0,0,9999999,0,Year,Third,,N,,,Y,N,N,Y,N
RTNG_GRD_CNTRY_ASSGNMNT,F570A77B-FD52-CFF3-6AC8-68E8AA1219DC,648,,AD51085A-89B5-9B80-E7E5-D958DCB6DFDD,564,,,,4,6E05D22A-D6DB-0396-42A2-4B1DB49EB60E,Y,0,0,9999999,0,Year,Third,,N,,,Y,N,N,Y,N
RTNG_GRD_ISS_BSD_RTNG_SSTM_DBT_SCRTY_ASSGNMNT,C672E582-8C65-8E6A-1C47-4EA2BF1B7DA2,649,,AD51085A-89B5-9B80-E7E5-D958DCB6DFDD,564,,,,8,6E05D22A-D6DB-0396-42A2-4B1DB49EB60E,Y,0,0,9999999,0,Year,Third,,N,,,Y,N,N,Y,N
RTNG_SYSTM,843E81A2-D5FE-5875-A77C-51D9CCF8B929,650,,AD51085A-89B5-9B80-E7E5-D958DCB6DFDD,564,,,,5,6E05D22A-D6DB-0396-42A2-4B1DB49EB60E,Y,0,0,9999999,0,Year,Third,,N,,,Y,N,N,Y,N
RTNG_SYSTM_APPLD_LGL_PRSN,5C521956-1153-4490-F7DC-6863B467DA21,651,,AD51085A-89B5-9B80-E7E5-D958DCB6DFDD,564,,,,8,6E05D22A-D6DB-0396-42A2-4B1DB49EB60E,Y,0,0,9999999,0,Year,Third,,N,,,Y,N,N,Y,N
SBSDRY_JNT_VNTR_ASSCT_OTHR_ORGNSTN_ASSGNMNT,4D93960D-8189-50A6-C035-832C709754ED,652,,AD51085A-89B5-9B80-E7E5-D958DCB6DFDD,564,,,,17,F36538BB-5D06-004C-7E98-E0E4C376E423,Y,0,0,9999999,0,Year,Third,,N,,,Y,N,N,Y,N
SCRTY_BRRWNG_CMPNNT_SCRTY_CLLTRL_ASSGNMNT,EADC9589-BFE6-1703-E56A-15B5EE01345B,653,,AD51085A-89B5-9B80-E7E5-D958DCB6DFDD,564,,,,6,E3679F77-0ED6-93EB-F366-44CA2F802395,Y,0,0,9999999,0,Year,Third,,N,,,Y,N,N,Y,N
SCRTY_CLLTRL_LNDNG_CMPNNT_SCRTY_CLLTRL_ASSGNMNT,C9565F13-CE66-A451-EF59-84C0C1FAAC99,654,,AD51085A-89B5-9B80-E7E5-D958DCB6DFDD,564,,,,6,E3679F77-0ED6-93EB-F366-44CA2F802395,Y,0,0,9999999,0,Year,Third,,N,,,Y,N,N,Y,N
SCRTY_ENTTY_RL_ASSGNMNT,34BE23CC-8A28-4CBD-E34E-4C3F4C0B5EC3,655,,AD51085A-89B5-9B80-E7E5-D958DCB6DFDD,564,,,,8,6B4999C9-9ED0-E7FF-EF12-F2895351A157,Y,0,0,9999999,0,Year,Third,,N,,,Y,N,N,Y,N
SCRTY_EXCHNG_TRDBL_DRVTV,C8FC06AA-6E30-0B5D-7332-5C5604A82D7C,656,,AD51085A-89B5-9B80-E7E5-D958DCB6DFDD,564,,,,51,178C245A-208C-578D-F0C5-C390D8542711,Y,0,0,9999999,0,Year,Third,,N,,,Y,N,N,Y,N
SCRTY_HDGD_EXCHNG_TRDBL_DRVTV,919D940B-F93D-DBA4-93AB-FB8FCC89328B,657,,AD51085A-89B5-9B80-E7E5-D958DCB6DFDD,564,,,,12,6B4999C9-9ED0-E7FF-EF12-F2895351A157,Y,0,0,9999999,0,Year,Third,,N,,,Y,N,N,Y,N
SCRTY_LNDNG_CMPNNT_SCRTY_ASSGNMNT,9759CB89-3861-5F6F-1D68-41C1046F7C71,658,,AD51085A-89B5-9B80-E7E5-D958DCB6DFDD,564,,,,6,E3679F77-0ED6-93EB-F366-44CA2F802395,Y,0,0,9999999,0,Year,Third,,N,,,Y,N,N,Y,N
SCRTY_PSTN,8619528A-07F6-36EB-3BE2-191CF05F202A,659,,AD51085A-89B5-9B80-E7E5-D958DCB6DFDD,564,,,,33,6B4999C9-9ED0-E7FF-EF12-F2895351A157,Y,0,0,9999999,0,Year,Third,,N,,,Y,N,N,Y,N
SCRTY_PSTN_HDGD_OTC_DRVTV,60CAD86F-350F-1BFB-4956-FDCFA19005BF,660,,AD51085A-89B5-9B80-E7E5-D958DCB6DFDD,564,,,,12,E3679F77-0ED6-93EB-F366-44CA2F802395,Y,0,0,9999999,0,Year,Third,,N,,,Y,N,N,Y,N
SCRTY_SCRTY_RPRCHS_AGRMNT_CMPNNT_ASSGNMNT,90636488-E677-5F56-5194-33CCB830EFA9,661,,AD51085A-89B5-9B80-E7E5-D958DCB6DFDD,564,,,,10,E3679F77-0ED6-93EB-F366-44CA2F802395,Y,0,0,9999999,0,Year,Third,,N,,,Y,N,N,Y,N
SCTRY_BRRWNG_LNDNG_TRNSCTN_INCLDNG_CSH_CLLTRL,F2390F2E-9138-188F-66C5-2FF59599C22C,662,,AD51085A-89B5-9B80-E7E5-D958DCB6DFDD,564,,,,10,E3679F77-0ED6-93EB-F366-44CA2F802395,Y,0,0,9999999,0,Year,Third,,N,,,Y,N,N,Y,N
SGNFCNT_CRRNCY_DPRCTN_CNTNGNT_ENCMBRNC,55C01F7D-BECE-C7BD-A888-B5DC66B3B0EF,663,,AD51085A-89B5-9B80-E7E5-D958DCB6DFDD,564,,,,18,33380944-8442-174B-069A-88F99EEEC3DC,Y,0,0,9999999,0,Year,Third,,N,,,Y,N,N,Y,N
SHRT_SCRTY_PSTN_PRDNTL_PRTFL_ASSGNMNT,1B2A1B4A-6DEC-86A4-93D8-72E0A4FFEBF0,664,,AD51085A-89B5-9B80-E7E5-D958DCB6DFDD,564,,,,11,6B4999C9-9ED0-E7FF-EF12-F2895351A157,Y,0,0,9999999,0,Year,Third,,N,,,Y,N,N,Y,N
SNTHTC_SCRTSTN,E3FBCA40-29D9-F192-ED8A-0091B5621863,665,,AD51085A-89B5-9B80-E7E5-D958DCB6DFDD,564,,,,14,A0CBE5B5-15E4-B4F0-F88E-E83729225A42,Y,0,0,9999999,0,Year,Third,,N,,,Y,N,N,Y,N
SYNDCTD_CNTRCT,27A4C8F6-E597-892A-A95B-678450FF88DF,666,,AD51085A-89B5-9B80-E7E5-D958DCB6DFDD,564,,,,1,B00C49F8-7AB8-0344-2390-66F8B305696A,Y,0,0,9999999,0,Year,Third,,N,,,Y,N,N,Y,N
TRDTNL_SCRTSTN,D267E310-F398-8C2B-D5FE-C2014AC1E8A0,667,,AD51085A-89B5-9B80-E7E5-D958DCB6DFDD,564,,,,15,A0CBE5B5-15E4-B4F0-F88E-E83729225A42,Y,0,0,9999999,0,Year,Third,,N,,,Y,N,N,Y,N
TRNCH_SYNTHTC_SCRTSTN_WTHT_SSPE_DPST,37FF3F09-ADBE-CDDA-6721-73B7DC0A0A35,668,,AD51085A-89B5-9B80-E7E5-D958DCB6DFDD,564,,,,10,A0CBE5B5-15E4-B4F0-F88E-E83729225A42,Y,0,0,9999999,0,Year,Third,,N,,,Y,N,N,Y,N
TRNCH_SYNTHTC_SCRTSTN_WTHT_SSPE_FNNCL_GRNT,3E2AEC05-1C66-9957-E76D-110D331498A7,669,,AD51085A-89B5-9B80-E7E5-D958DCB6DFDD,564,,,,10,A0CBE5B5-15E4-B4F0-F88E-E83729225A42,Y,0,0,9999999,0,Year,Third,,N,,,Y,N,N,Y,N
TRNCH_TRDTNL_SCRTSTN,10D551F4-7237-AC7D-CA94-63DB3BB238E3,670,,AD51085A-89B5-9B80-E7E5-D958DCB6DFDD,564,,,,9,A0CBE5B5-15E4-B4F0-F88E-E83729225A42,Y,0,0,9999999,0,Year,Third,,N,,,Y,N,N,Y,N
TRNSFRRD_ASST_LG_INSTRMNT_ASSGNMNT,4042602D-F9FE-682C-E1B4-9878D33152DC,671,,AD51085A-89B5-9B80-E7E5-D958DCB6DFDD,564,,,,8,E3679F77-0ED6-93EB-F366-44CA2F802395,Y,0,0,9999999,0,Year,Third,,N,,,Y,N,N,Y,N
